gender,race,ethnicity,height_cm,weight_kg,indication_for_warfarin_treatment,congestive_heart_failure_and_or_cardiomyopathy,valve_replacement,acetaminophen_or_paracetamol_tylenol,simvastatin_zocor,atorvastatin_lipitor,fluvastatin_lescol,lovastatin_mevacor,pravastatin_pravachol,rosuvastatin_crestor,cerivastatin_baycol,amiodarone_cordarone,carbamazepine_tegretol,phenytoin_dilantin,rifampin_or_rifampicin,sulfonamide_antibiotics,macrolide_antibiotics,antifungal_azoles,current_smoker,vkorc1_1639,vkorc1_1173,vkorc1_1542,vkorc1_3730,cyp2c9_consensus,vkorc1_-1639_consensus,vkorc1_497_consensus,vkorc1_1173_consensus,vkorc1_1542_consensus,vkorc1_3730_consensus,vkorc1_2255_consensus,vkorc1_-4451_consensus,age_decade,cyp2c9_score,cyp2c9_consensus_score,vkorc1,amiodarone,aspirin,simvastatin,azole,fluconazole,metronidazole,erythromycin,verapamil,ciprofloxacin,clopidogrel,ibuprofen,heparin,fluoxetine,paroxetin,duloxetine,enoxaparin,alteplase,abciximab,dipyridamole,rifampin,carbamazepine,phenytoin,st.johns_wort,fluvastatin,atorvastatin,lovastatin,rosuvastatin,ezetimibe,hypertension,diabetes,heart_failure,stroke,atrial_fibrillation,deep_vein_thrombosis,pulmonary_embolism,liver_disease,cirrhosis,hepatitis,chronic_kidney_disease,renal_failure,anemia,bleeding_disorder,cancer,malignancy,weight_amiodarone,cyp_amiodarone,vkorc1_missing,amiodarone_missing_vkorc1,weight_cyp,weight_squared,high_weight_flag,num_drugs,y_true,y_pred,abs_error
male,White,not Hispanic or Latino,187.96,111.1,7,0.0,0.0,0.0,0.0,0.0,0.0,0.0,0.0,0.0,0.0,0.0,0.0,0.0,0.0,0.0,0.0,0.0,0.0,A/G,0,C/G,G/G,*1/*1,A/G,G/T,0,C/G,G/G,0,0,6.0,0,0,AG,0,0,0,0,0,0,0,0,0,0,0,0,0,0,0,0,0,0,0,0,0,0,0,0,0,0,0,0,0,0,0,0,0,0,0,0,0,0,0,0,0,0,1,0,0.0,0,0,0,0.0,12343.21,1,0.0,77.0,41.908802,35.0911979675293
male,White,not Hispanic or Latino,180.34,126.1,7,0.0,0.0,0.0,0.0,0.0,0.0,0.0,0.0,0.0,0.0,0.0,0.0,0.0,0.0,0.0,0.0,0.0,0.0,G/G,0,G/G,A/G,*1/*1,G/G,T/T,C/C,G/G,A/G,C/C,A/C,6.0,0,0,GG,0,0,0,0,0,0,0,0,0,0,0,0,0,0,0,0,0,0,0,0,0,0,0,0,0,0,0,0,0,0,0,0,0,0,0,0,0,0,0,0,0,0,1,0,0.0,0,0,0,0.0,15901.21,1,0.0,42.0,65.48489,23.484893798828125
male,White,not Hispanic or Latino,180.34,120.2,7,0.0,0.0,0.0,0.0,0.0,0.0,0.0,0.0,0.0,0.0,0.0,0.0,0.0,0.0,0.0,0.0,0.0,1.0,G/G,0,G/G,A/G,*1/*1,G/G,T/T,0,G/G,A/G,0,0,3.0,0,0,GG,0,0,0,0,0,0,0,0,0,0,0,0,0,0,0,0,0,0,0,0,0,0,0,0,0,0,0,0,0,0,0,0,0,0,0,0,0,0,0,0,0,0,1,0,0.0,0,0,0,0.0,14448.04,1,0.0,88.0,65.34903,22.650970458984375
female,White,not Hispanic or Latino,152.4,60.3,8,0.0,0.0,0.0,0.0,0.0,0.0,0.0,0.0,0.0,0.0,0.0,0.0,0.0,0.0,0.0,0.0,0.0,0.0,A/G,0,C/G,G/G,*1/*1,A/G,G/T,0,C/G,G/G,0,0,7.0,0,0,AG,0,0,0,0,0,0,0,0,0,0,0,0,0,0,0,0,0,0,0,0,0,0,0,0,0,0,0,0,0,0,0,0,0,0,0,0,0,0,0,0,0,0,0,0,0.0,0,0,0,0.0,3636.0899999999997,0,0.0,39.0,25.04872,13.95128059387207
male,White,not Hispanic or Latino,182.88,99.8,3,0.0,0.0,0.0,0.0,0.0,0.0,0.0,0.0,0.0,0.0,0.0,0.0,0.0,0.0,0.0,0.0,0.0,0.0,G/G,0,G/G,A/G,*1/*3,G/G,T/T,0,G/G,A/G,0,0,7.0,2,2,GG,0,0,0,0,0,0,0,0,0,0,0,0,0,0,0,0,0,0,0,0,0,0,0,0,0,0,0,0,0,0,0,0,0,0,0,0,0,0,0,0,0,0,0,0,0.0,0,0,0,199.6,9960.039999999999,1,0.0,17.0,37.268356,20.268356323242188
male,White,not Hispanic or Latino,162.56,88.5,3,0.0,0.0,0.0,0.0,0.0,0.0,0.0,0.0,0.0,0.0,0.0,0.0,0.0,0.0,0.0,0.0,0.0,0.0,G/G,0,G/G,G/G,*1/*1,G/G,T/T,0,G/G,G/G,0,0,7.0,0,0,GG,0,0,0,0,0,0,0,0,0,0,0,0,0,0,0,0,0,0,0,0,0,0,0,0,0,0,0,0,0,0,0,0,0,0,0,0,0,0,0,0,0,0,0,0,0.0,0,0,0,0.0,7832.25,0,0.0,28.0,42.88592,14.885921478271484
male,White,not Hispanic or Latino,161.29,63.5,8,0.0,0.0,0.0,0.0,0.0,0.0,0.0,0.0,0.0,0.0,0.0,0.0,0.0,0.0,0.0,0.0,0.0,1.0,G/G,0,G/G,A/A,*1/*2,G/G,T/T,0,G/G,A/A,0,0,6.0,1,1,GG,0,1,0,0,0,0,0,0,0,0,0,0,0,0,0,0,0,0,0,0,0,0,0,0,0,0,0,0,0,0,0,0,0,0,0,0,0,0,0,0,0,0,0,0,0.0,0,0,0,63.5,4032.25,0,0.0,25.0,42.061836,17.06183624267578
male,White,not Hispanic or Latino,190.5,99.8,3,0.0,0.0,0.0,0.0,0.0,0.0,0.0,0.0,0.0,0.0,0.0,0.0,0.0,0.0,0.0,0.0,0.0,1.0,G/G,0,G/G,A/G,*1/*1,G/G,T/T,0,G/G,A/G,0,0,7.0,0,0,GG,0,0,0,0,0,0,0,0,0,0,0,0,0,0,0,0,0,0,0,0,0,0,0,0,0,0,0,0,0,0,0,0,0,0,0,0,0,0,0,0,0,0,0,0,0.0,0,0,0,0.0,9960.039999999999,1,0.0,70.0,51.753,18.24700164794922
female,White,not Hispanic or Latino,152.4,44.0,8,0.0,0.0,0.0,0.0,0.0,0.0,0.0,0.0,0.0,0.0,0.0,0.0,0.0,0.0,0.0,0.0,0.0,0.0,G/G,0,G/G,A/A,*1/*3,G/G,T/T,0,G/G,A/A,0,0,8.0,2,2,GG,0,1,0,0,0,0,0,0,0,0,0,0,0,0,0,0,0,0,0,0,0,0,0,0,0,0,0,0,0,0,0,0,0,0,0,0,0,0,0,0,0,0,0,0,0.0,0,0,0,88.0,1936.0,0,0.0,35.0,19.337086,15.662914276123047
male,White,not Hispanic or Latino,172.72,102.5,8,0.0,0.0,0.0,0.0,0.0,0.0,0.0,0.0,0.0,0.0,0.0,0.0,0.0,0.0,0.0,0.0,0.0,1.0,G/G,0,G/G,A/A,*1/*1,G/G,T/T,0,G/G,A/A,0,0,4.0,0,0,GG,0,0,0,0,0,0,0,0,0,0,0,0,0,0,0,0,0,0,0,0,0,0,0,0,0,0,0,0,0,0,0,0,0,0,0,0,0,0,0,0,0,0,0,0,0.0,0,0,0,0.0,10506.25,1,0.0,84.0,60.983707,23.016292572021484
female,White,not Hispanic or Latino,171.45,59.0,3,0.0,0.0,0.0,0.0,0.0,0.0,0.0,0.0,0.0,0.0,0.0,0.0,0.0,0.0,0.0,0.0,0.0,0.0,A/G,0,C/G,G/G,*1/*1,A/G,G/T,C/T,C/G,G/G,C/T,A/C,7.0,0,0,AG,0,0,0,0,0,0,0,0,0,0,0,0,0,0,0,0,0,0,0,0,0,0,0,0,0,0,0,0,0,0,0,0,0,0,0,0,0,0,0,0,0,0,0,0,0.0,0,0,0,0.0,3481.0,0,0.0,9.0,25.63877,16.638769149780273
female,White,not Hispanic or Latino,168.91,114.8,3,0.0,0.0,0.0,0.0,0.0,0.0,0.0,0.0,0.0,0.0,1.0,0.0,0.0,0.0,0.0,0.0,0.0,0.0,A/G,0,C/G,G/G,*1/*2,A/G,G/T,C/T,C/G,G/G,C/T,A/C,6.0,1,1,AG,1,0,0,0,0,0,0,0,0,0,0,0,0,0,0,0,0,0,0,0,0,0,0,0,0,0,0,0,0,0,0,0,0,0,0,0,0,0,0,0,0,0,0,0,114.8,1,0,0,114.8,13179.039999999999,1,117.8,14.0,28.006805,14.006805419921875
female,White,not Hispanic or Latino,160.02,86.6,8,0.0,0.0,0.0,0.0,0.0,0.0,0.0,0.0,0.0,0.0,0.0,0.0,0.0,0.0,0.0,0.0,0.0,0.0,A/G,0,C/G,G/G,*1/*1,A/G,G/T,0,C/G,G/G,0,0,4.0,0,0,AG,0,0,0,0,0,0,0,0,0,0,0,0,0,0,0,0,0,0,0,0,0,0,0,0,0,0,0,0,0,0,0,0,0,0,0,0,0,0,0,0,0,0,1,0,0.0,0,0,0,0.0,7499.559999999999,0,0.0,64.0,39.857395,24.14260482788086
male,White,not Hispanic or Latino,170.18,118.4,3,0.0,0.0,0.0,0.0,0.0,0.0,0.0,0.0,0.0,0.0,0.0,0.0,0.0,0.0,0.0,0.0,0.0,0.0,A/G,0,C/G,A/G,*1/*1,A/G,G/T,0,C/G,A/G,0,0,7.0,0,0,AG,0,0,0,0,0,0,0,0,0,0,0,0,0,0,0,0,0,0,0,0,0,0,0,0,0,0,0,0,0,0,0,0,0,0,0,0,0,0,0,0,0,0,1,0,0.0,0,0,0,0.0,14018.560000000001,1,0.0,20.0,37.871365,17.87136459350586
female,White,not Hispanic or Latino,167.64,77.1,8,0.0,0.0,0.0,0.0,0.0,0.0,0.0,0.0,0.0,0.0,0.0,0.0,0.0,0.0,0.0,0.0,0.0,1.0,G/G,0,G/G,G/G,*1/*1,G/G,T/T,0,G/G,G/G,0,0,4.0,0,0,GG,0,0,0,0,0,0,0,0,0,0,0,0,0,0,0,0,0,0,0,0,0,0,0,0,0,0,0,0,0,0,0,0,0,0,0,0,0,0,0,0,0,0,0,0,0.0,0,0,0,0.0,5944.409999999999,0,0.0,90.0,53.17438,36.825618743896484
male,White,not Hispanic or Latino,182.88,77.1,8,0.0,0.0,0.0,0.0,0.0,0.0,0.0,0.0,0.0,0.0,0.0,0.0,0.0,0.0,0.0,0.0,0.0,1.0,A/G,0,C/C,G/G,*1/*1,A/G,G/T,0,C/C,G/G,0,0,4.0,0,0,AG,0,0,0,0,0,0,0,0,0,0,0,0,0,0,0,0,0,0,0,0,0,0,0,0,0,0,0,0,0,0,0,0,0,0,0,0,0,0,0,0,0,0,0,0,0.0,0,0,0,0.0,5944.409999999999,0,0.0,70.0,40.320187,29.679813385009766
female,White,not Hispanic or Latino,163.83,100.7,8,0.0,0.0,0.0,0.0,0.0,0.0,0.0,0.0,0.0,0.0,0.0,0.0,0.0,0.0,0.0,0.0,0.0,0.0,G/G,0,G/G,A/G,*1/*1,G/G,T/T,0,G/G,A/G,0,0,5.0,0,0,GG,0,0,0,0,0,0,0,0,0,0,0,0,0,0,0,0,0,0,0,0,0,0,0,0,0,0,0,0,0,0,0,0,0,0,0,0,0,0,0,0,0,0,0,0,0.0,0,0,0,0.0,10140.49,1,0.0,88.0,52.532887,35.46711349487305
female,Black or African American,not Hispanic or Latino,179.07,86.2,3,0.0,0.0,0.0,0.0,0.0,0.0,0.0,0.0,0.0,0.0,0.0,0.0,0.0,0.0,0.0,0.0,0.0,0.0,G/G,0,G/G,A/G,*1/*1,G/G,T/T,0,G/G,A/G,0,0,7.0,0,0,GG,0,0,0,0,0,0,0,0,0,0,0,0,0,0,0,0,0,0,0,0,0,0,0,0,0,0,0,0,0,0,0,0,0,0,0,0,0,0,0,0,0,0,0,0,0.0,0,0,0,0.0,7430.4400000000005,0,0.0,30.0,43.63693,13.63692855834961
female,Black or African American,not Hispanic or Latino,170.18,129.7,8,0.0,0.0,0.0,0.0,0.0,0.0,0.0,0.0,0.0,0.0,0.0,0.0,0.0,0.0,0.0,0.0,0.0,0.0,G/G,0,C/G,A/G,*1/*1,G/G,T/T,0,C/G,A/G,0,0,5.0,0,0,GG,0,0,0,0,0,0,0,0,0,0,0,0,0,0,0,0,0,0,0,0,0,0,0,0,0,0,0,0,0,0,0,0,0,0,0,0,0,0,0,0,0,0,0,0,0.0,0,0,0,0.0,16822.089999999997,1,0.0,115.0,50.479355,64.52064514160156
female,White,not Hispanic or Latino,157.48,65.8,8,0.0,0.0,0.0,0.0,0.0,0.0,0.0,0.0,0.0,0.0,0.0,0.0,0.0,0.0,0.0,0.0,0.0,0.0,G/G,0,G/G,A/G,*1/*1,G/G,T/T,0,G/G,A/G,0,0,7.0,0,0,GG,0,0,0,0,0,0,0,0,0,0,0,0,0,0,0,0,0,0,0,0,0,0,0,0,0,0,0,0,0,0,0,0,0,0,0,0,0,0,0,0,0,0,0,0,0.0,0,0,0,0.0,4329.639999999999,0,0.0,56.0,35.641823,20.358177185058594
male,White,not Hispanic or Latino,167.64,73.0,8,0.0,0.0,0.0,0.0,0.0,0.0,0.0,0.0,0.0,0.0,0.0,0.0,0.0,0.0,0.0,0.0,0.0,0.0,G/G,0,0,A/G,*1/*1,G/G,0,0,0,A/G,0,0,3.0,0,0,GG,0,1,0,0,0,0,0,0,0,0,0,0,0,0,0,0,0,0,0,0,0,0,0,0,0,0,0,0,0,0,0,0,0,0,0,0,0,0,0,0,0,0,0,0,0.0,0,0,0,0.0,5329.0,0,0.0,98.0,46.79815,51.20185089111328
female,White,not Hispanic or Latino,163.55,88.6,1,0.0,0.0,1.0,0.0,0.0,0.0,0.0,0.0,0.0,0.0,0.0,0.0,0.0,0.0,0.0,0.0,0.0,0.0,0,0,C/G,0,*1/*2,0,G/T,0,C/G,0,0,0,2.0,1,1,GG,0,1,0,1,0,0,0,0,0,0,0,0,0,0,0,1,0,0,0,0,0,0,0,0,0,0,0,0,1,1,0,0,0,0,0,0,0,0,0,0,0,0,0,0,0.0,0,0,0,88.6,7849.959999999999,0,0.0,15.47,43.938812,28.468812255859376
female,White,not Hispanic or Latino,0.0,81.3,1,0.0,0.0,0.0,1.0,0.0,0.0,0.0,0.0,0.0,0.0,0.0,0.0,0.0,0.0,0.0,0.0,0.0,0.0,0,0,G/G,0,*1/*1,0,T/T,0,G/G,0,0,0,5.0,0,0,GG,0,0,1,0,0,0,0,0,0,0,0,0,0,0,0,1,0,0,0,0,0,0,0,0,0,0,0,0,1,1,0,0,0,0,0,0,0,0,0,0,0,0,0,0,0.0,0,0,0,0.0,6609.69,0,2.0,67.41,49.28171,18.128288421630856
male,White,not Hispanic or Latino,0.0,0.0,1,0.0,0.0,0.0,1.0,0.0,0.0,0.0,0.0,0.0,0.0,0.0,0.0,0.0,0.0,0.0,0.0,0.0,0.0,0,0,G/G,0,*1/*3,0,T/T,0,G/G,0,0,0,5.0,2,2,GG,0,1,1,1,0,0,0,0,0,0,0,1,0,0,0,1,0,0,0,0,1,0,0,0,0,0,0,0,1,1,0,0,0,0,0,0,0,0,0,0,0,0,0,0,0.0,0,0,0,0.0,0.0,0,2.0,70.0,29.240337,40.75966262817383
female,White,not Hispanic or Latino,0.0,0.0,2,0.0,0.0,0.0,0.0,0.0,0.0,0.0,0.0,0.0,0.0,0.0,0.0,0.0,0.0,0.0,0.0,1.0,0.0,0,0,C/G,0,*1/*1,0,G/T,0,C/G,0,0,0,7.0,0,0,GG,0,1,0,1,1,0,0,0,0,0,0,0,0,0,0,0,0,0,0,0,0,0,0,0,0,0,0,0,0,0,0,0,0,0,0,0,0,0,0,0,0,0,0,0,0.0,0,0,0,0.0,0.0,0,0.0,6.3,32.372894,26.072894287109374
male,White,not Hispanic or Latino,186.18,131.0,3,0.0,0.0,0.0,1.0,1.0,0.0,0.0,0.0,0.0,0.0,0.0,0.0,0.0,0.0,0.0,0.0,0.0,0.0,0,0,C/G,0,*1/*1,0,G/T,0,C/G,0,0,0,5.0,0,0,GG,0,1,1,1,0,0,0,0,0,0,0,1,0,0,0,1,0,0,0,0,0,0,0,0,1,0,0,0,1,1,0,0,0,0,0,0,0,0,0,0,0,0,0,0,0.0,0,0,0,0.0,17161.0,1,4.0,63.21,47.73287,15.477131805419923
female,White,not Hispanic or Latino,0.0,58.8,3,0.0,0.0,0.0,0.0,0.0,0.0,0.0,0.0,0.0,0.0,0.0,0.0,0.0,0.0,0.0,0.0,0.0,0.0,0,0,G/G,0,*1/*3,0,T/T,0,G/G,0,0,0,6.0,2,2,GG,0,0,0,0,0,0,0,0,0,0,0,0,0,0,0,0,0,0,0,0,0,0,0,0,0,0,0,0,0,0,0,0,0,0,0,0,0,0,0,0,0,0,0,0,0.0,0,0,0,117.6,3457.4399999999996,0,0.0,38.85,22.953617,15.896382904052736
male,White,Hispanic or Latino,0.0,78.7,3,0.0,0.0,0.0,0.0,0.0,0.0,0.0,1.0,0.0,0.0,0.0,0.0,0.0,0.0,0.0,0.0,0.0,0.0,0,0,C/C,0,*1/*1,0,G/T,0,C/C,0,0,0,7.0,0,0,GG,0,1,0,0,0,0,0,0,0,0,0,0,0,0,0,1,0,0,0,0,0,0,0,0,0,0,0,0,0,0,0,0,0,0,0,0,0,0,0,0,0,0,0,0,0.0,0,0,0,0.0,6193.6900000000005,0,1.0,47.18,24.986778,22.193221740722656
male,Black or African American,not Hispanic or Latino,0.0,0.0,3,0.0,0.0,0.0,0.0,0.0,0.0,0.0,0.0,0.0,0.0,0.0,0.0,0.0,0.0,0.0,0.0,0.0,0.0,0,0,G/G,0,*1/*1,G/G,T/T,C/C,G/G,A/A,C/C,A/C,8.0,0,0,GG,0,0,0,0,0,0,0,0,0,0,0,0,0,0,0,1,0,0,0,0,0,0,0,0,0,0,0,0,1,1,0,0,0,0,0,0,0,0,0,0,0,0,0,0,0.0,0,0,0,0.0,0.0,0,0.0,52.5,35.22451,17.275489807128906
male,White,not Hispanic or Latino,170.15,92.5,3,0.0,0.0,0.0,0.0,0.0,0.0,0.0,0.0,0.0,0.0,0.0,0.0,0.0,0.0,0.0,0.0,0.0,0.0,0,0,G/G,0,*1/*1,0,T/T,0,G/G,0,0,0,8.0,0,0,GG,0,0,0,1,0,0,0,0,0,0,0,0,0,0,0,0,0,0,0,0,0,0,0,0,0,0,0,0,1,1,0,0,0,0,0,0,0,0,0,0,0,0,0,0,0.0,0,0,0,0.0,8556.25,1,0.0,26.04,40.02185,13.9818505859375
male,White,not Hispanic or Latino,0.0,57.3,3,0.0,0.0,0.0,1.0,0.0,0.0,0.0,0.0,0.0,0.0,1.0,0.0,0.0,0.0,0.0,0.0,0.0,0.0,0,0,G/G,0,*1/*2,0,T/T,0,G/G,0,0,0,6.0,1,1,GG,1,0,1,0,0,0,0,0,0,0,0,0,0,0,0,0,0,0,0,0,0,0,0,0,0,0,0,0,1,1,0,0,0,0,0,0,0,0,0,0,0,0,0,0,57.3,1,0,0,57.3,3283.2899999999995,0,62.3,14.0,27.195845,13.195844650268555
female,White,not Hispanic or Latino,0.0,89.6,8,0.0,0.0,0.0,0.0,1.0,0.0,0.0,0.0,0.0,0.0,0.0,0.0,0.0,0.0,0.0,0.0,0.0,0.0,0,0,C/G,0,*1/*2,0,T/T,0,C/G,0,0,0,7.0,1,1,GG,0,1,0,1,0,0,0,0,0,1,0,0,0,0,0,0,0,0,0,0,0,0,0,0,1,0,0,0,1,1,0,0,0,0,0,0,0,0,0,0,0,0,0,0,0.0,0,0,0,89.6,8028.159999999999,0,2.0,42.0,24.785704,17.214296340942383
male,Asian,not Hispanic or Latino,163.07,67.0,8,0.0,0.0,0.0,0.0,0.0,0.0,0.0,0.0,0.0,0.0,0.0,0.0,0.0,0.0,0.0,0.0,0.0,0.0,A/A,T/T,C/C,G/G,*1/*1,A/A,0,T/T,C/C,G/G,T/T,0,7.0,0,0,AA,0,0,0,0,0,0,0,0,0,0,0,0,0,0,0,0,0,0,0,0,0,0,0,0,0,0,0,0,0,0,0,0,0,0,0,0,0,0,0,0,0,0,0,0,0.0,0,0,0,0.0,4489.0,0,0.0,35.0,17.345505,17.654495239257812
male,Asian,not Hispanic or Latino,170.94,0.0,8,0.0,0.0,0.0,0.0,0.0,0.0,0.0,0.0,0.0,0.0,0.0,0.0,0.0,0.0,0.0,0.0,0.0,0.0,A/A,T/T,C/C,G/G,*1/*1,A/A,0,T/T,C/C,G/G,T/T,0,6.0,0,0,AA,0,0,0,0,0,0,0,0,0,0,0,0,0,0,0,0,0,0,0,0,0,0,0,0,0,0,0,0,0,0,0,0,0,0,0,0,0,0,0,0,0,0,0,0,0.0,0,0,0,0.0,0.0,0,0.0,35.0,18.520624,16.4793758392334
male,Asian,not Hispanic or Latino,173.99,63.0,1,0.0,0.0,0.0,0.0,0.0,0.0,0.0,0.0,0.0,0.0,0.0,0.0,0.0,0.0,0.0,0.0,0.0,0.0,A/A,T/T,C/C,G/G,*1/*1,A/A,0,T/T,C/C,G/G,T/T,0,7.0,0,0,AA,0,0,0,0,0,0,0,0,0,0,0,0,0,0,0,0,0,0,0,0,0,0,0,0,0,0,0,0,0,0,0,0,0,0,0,0,0,0,0,0,0,0,0,0,0.0,0,0,0,0.0,3969.0,0,0.0,7.0,19.963367,12.963367462158203
male,Asian,not Hispanic or Latino,168.91,52.5,3; 4,0.0,1.0,0.0,0.0,0.0,0.0,0.0,0.0,0.0,0.0,0.0,0.0,0.0,0.0,0.0,0.0,0.0,0.0,A/A,T/T,C/C,G/G,*1/*1,A/A,0,T/T,C/C,G/G,T/T,0,6.0,0,0,AA,0,0,0,0,0,0,0,0,0,0,0,0,0,0,0,0,0,0,0,0,0,0,0,0,0,0,0,0,0,0,0,0,0,0,0,0,0,0,0,0,0,0,0,0,0.0,0,0,0,0.0,2756.25,0,0.0,45.5,20.068733,25.43126678466797
male,Asian,not Hispanic or Latino,164.08,56.0,4; 8,0.0,1.0,0.0,0.0,0.0,0.0,0.0,0.0,0.0,0.0,0.0,0.0,0.0,0.0,0.0,0.0,0.0,0.0,A/A,T/T,C/C,G/G,*1/*1,A/A,0,T/T,C/C,G/G,T/T,0,5.0,0,0,AA,0,0,0,0,0,0,0,0,0,0,0,0,0,0,0,0,0,0,0,0,0,0,0,0,0,0,0,0,0,0,0,0,0,0,0,0,0,0,0,0,0,0,0,0,0.0,0,0,0,0.0,3136.0,0,0.0,42.0,21.519007,20.480993270874023
male,Asian,not Hispanic or Latino,150.88,57.0,7; 8,1.0,0.0,0.0,0.0,0.0,0.0,0.0,0.0,0.0,0.0,0.0,0.0,0.0,0.0,0.0,0.0,0.0,0.0,A/G,C/T,C/G,A/G,*1/*1,A/G,0,C/T,C/G,A/G,C/T,0,7.0,0,0,AG,0,0,0,0,0,0,0,0,0,0,0,0,0,0,0,0,0,0,0,0,0,0,0,0,0,0,0,0,0,0,0,0,0,0,0,0,0,0,0,0,0,0,0,0,0.0,0,0,0,0.0,3249.0,0,0.0,10.5,23.837183,13.337182998657227
male,Asian,not Hispanic or Latino,163.07,56.0,4,0.0,1.0,0.0,0.0,0.0,0.0,0.0,0.0,0.0,0.0,0.0,0.0,0.0,0.0,0.0,0.0,0.0,0.0,A/G,C/T,C/G,A/G,*1/*1,A/G,0,C/T,C/G,A/G,C/T,0,5.0,0,0,AG,0,0,0,0,0,0,0,0,0,0,0,0,0,0,0,0,0,0,0,0,0,0,0,0,0,0,0,0,0,0,0,0,0,0,0,0,0,0,0,0,0,0,0,0,0.0,0,0,0,0.0,3136.0,0,0.0,49.0,32.2546,16.745399475097656
male,Asian,not Hispanic or Latino,169.93,78.0,4,0.0,1.0,0.0,0.0,0.0,0.0,0.0,0.0,0.0,0.0,0.0,0.0,0.0,0.0,0.0,0.0,0.0,0.0,A/A,T/T,C/C,G/G,*1/*1,A/A,0,T/T,C/C,G/G,T/T,0,7.0,0,0,AA,0,0,0,0,0,0,0,0,0,0,0,0,0,0,0,0,0,0,0,0,0,0,0,0,0,0,0,0,0,0,0,0,0,0,0,0,0,0,0,0,0,0,0,0,0.0,0,0,0,0.0,6084.0,0,0.0,35.0,20.393316,14.606683731079102
male,Asian,not Hispanic or Latino,169.93,65.0,7; 8,1.0,0.0,0.0,0.0,0.0,0.0,0.0,0.0,0.0,0.0,0.0,0.0,0.0,0.0,0.0,0.0,0.0,0.0,A/A,T/T,C/C,G/G,*1/*1,A/A,0,T/T,C/C,G/G,T/T,0,3.0,0,0,AA,0,0,0,0,0,0,0,0,0,0,0,0,0,0,0,0,0,0,0,0,0,0,0,0,0,0,0,0,0,0,0,0,0,0,0,0,0,0,0,0,0,0,0,0,0.0,0,0,0,0.0,4225.0,0,0.0,35.0,21.51768,13.482320785522461
male,Asian,not Hispanic or Latino,170.94,71.0,3; 6,0.0,0.0,0.0,0.0,0.0,0.0,0.0,0.0,0.0,0.0,0.0,0.0,0.0,0.0,0.0,0.0,0.0,0.0,A/G,C/T,C/G,A/G,*1/*1,A/G,0,C/T,C/G,A/G,C/T,0,6.0,0,0,AG,0,0,0,0,0,0,0,0,0,0,0,0,0,0,0,0,0,0,0,0,0,0,0,0,0,0,0,0,0,0,0,0,0,0,0,0,0,0,0,0,0,0,0,0,0.0,0,0,0,0.0,5041.0,0,0.0,10.5,30.150827,19.650827407836914
male,Asian,not Hispanic or Latino,180.09,73.0,3; 6,0.0,0.0,0.0,0.0,0.0,0.0,0.0,0.0,0.0,0.0,0.0,0.0,0.0,0.0,0.0,0.0,0.0,0.0,A/A,T/T,C/C,G/G,*1/*1,A/A,0,T/T,C/C,G/G,T/T,0,6.0,0,0,AA,0,0,0,0,0,0,0,0,0,0,0,0,0,0,0,0,0,0,0,0,0,0,0,0,0,0,0,0,0,0,0,0,0,0,0,0,0,0,0,0,0,0,0,0,0.0,0,0,0,0.0,5329.0,0,0.0,7.0,21.562435,14.562435150146484
male,Asian,not Hispanic or Latino,165.1,70.0,6,0.0,0.0,0.0,0.0,0.0,0.0,0.0,0.0,0.0,0.0,0.0,0.0,0.0,0.0,0.0,0.0,0.0,0.0,A/G,C/T,C/G,A/G,*1/*1,A/G,0,C/T,C/G,A/G,C/T,0,7.0,0,0,AG,0,0,0,0,0,0,0,0,0,0,0,0,0,0,0,0,0,0,0,0,0,0,0,0,0,0,0,0,0,0,0,0,0,0,0,0,0,0,0,0,0,0,0,0,0.0,0,0,0,0.0,4900.0,0,0.0,7.0,25.192661,18.19266128540039
female,Asian,not Hispanic or Latino,149.1,42.0,4; 8,1.0,1.0,0.0,0.0,0.0,0.0,0.0,0.0,0.0,0.0,0.0,0.0,0.0,0.0,0.0,0.0,0.0,0.0,A/A,T/T,C/C,G/G,*1/*1,A/A,0,T/T,C/C,G/G,T/T,0,6.0,0,0,AA,0,0,0,0,0,0,0,0,0,0,0,0,0,0,0,0,0,0,0,0,0,0,0,0,0,0,0,0,0,0,0,0,0,0,0,0,0,0,0,0,0,0,0,0,0.0,0,0,0,0.0,1764.0,0,0.0,35.0,16.86263,18.13736915588379
male,Asian,not Hispanic or Latino,170.94,71.0,3; 8,0.0,0.0,0.0,0.0,0.0,0.0,0.0,0.0,0.0,0.0,0.0,0.0,0.0,0.0,0.0,0.0,0.0,0.0,A/G,C/T,C/G,A/G,*1/*1,A/G,0,C/T,C/G,A/G,C/T,0,7.0,0,0,AG,0,0,0,0,0,0,0,0,0,0,0,0,0,0,0,0,0,0,0,0,0,0,0,0,0,0,0,0,0,0,0,0,0,0,0,0,0,0,0,0,0,0,0,0,0.0,0,0,0,0.0,5041.0,0,0.0,10.5,26.403248,15.903247833251953
male,Asian,not Hispanic or Latino,177.04,68.0,4,0.0,1.0,0.0,0.0,0.0,0.0,0.0,0.0,0.0,0.0,0.0,0.0,0.0,0.0,0.0,0.0,0.0,0.0,A/A,T/T,C/C,G/G,*1/*1,A/A,0,T/T,C/C,G/G,T/T,0,4.0,0,0,AA,0,0,0,0,0,0,0,0,0,0,0,0,0,0,0,0,0,0,0,0,0,0,0,0,0,0,0,0,0,0,0,0,0,0,0,0,0,0,0,0,0,0,0,0,0.0,0,0,0,0.0,4624.0,0,0.0,42.0,24.212984,17.787015914916992
female,Asian,not Hispanic or Latino,0.0,56.5,4,0.0,1.0,0.0,0.0,0.0,0.0,0.0,0.0,0.0,0.0,0.0,0.0,0.0,0.0,0.0,0.0,0.0,0.0,A/A,T/T,C/C,G/G,*1/*1,A/A,0,T/T,C/C,G/G,T/T,0,0.0,0,0,AA,0,0,0,0,0,0,0,0,0,0,0,0,0,0,0,0,0,0,0,0,0,0,0,0,0,0,0,0,0,0,0,0,0,0,0,0,0,0,0,0,0,0,0,0,0.0,0,0,0,0.0,3192.25,0,0.0,10.5,23.610283,13.110282897949219
male,Asian,not Hispanic or Latino,168.91,69.0,3,0.0,0.0,0.0,0.0,0.0,0.0,0.0,0.0,0.0,0.0,0.0,0.0,0.0,0.0,0.0,0.0,0.0,0.0,A/G,C/T,C/G,A/G,*1/*1,A/G,0,C/T,C/G,A/G,C/T,0,5.0,0,0,AG,0,0,0,0,0,0,0,0,0,0,0,0,0,0,0,0,0,0,0,0,0,0,0,0,0,0,0,0,0,0,0,0,0,0,0,0,0,0,0,0,0,0,0,0,0.0,0,0,0,0.0,4761.0,0,0.0,7.0,30.369019,23.3690185546875
female,Asian,not Hispanic or Latino,165.1,56.0,7; 8,1.0,0.0,0.0,0.0,0.0,0.0,0.0,0.0,0.0,0.0,0.0,0.0,0.0,0.0,0.0,0.0,0.0,0.0,A/A,T/T,C/C,G/G,*1/*1,A/A,0,T/T,C/C,G/G,T/T,0,2.0,0,0,AA,0,0,0,0,0,0,0,0,0,0,0,0,0,0,0,0,0,0,0,0,0,0,0,0,0,0,0,0,0,0,0,0,0,0,0,0,0,0,0,0,0,0,0,0,0.0,0,0,0,0.0,3136.0,0,0.0,7.0,20.992027,13.992027282714844
male,Asian,not Hispanic or Latino,163.32,76.0,3,0.0,0.0,0.0,0.0,0.0,0.0,0.0,0.0,0.0,0.0,0.0,0.0,0.0,0.0,0.0,0.0,0.0,0.0,A/A,T/T,C/C,G/G,*1/*1,A/A,0,T/T,C/C,G/G,T/T,0,8.0,0,0,AA,0,0,0,0,0,0,0,0,0,0,0,0,0,0,0,0,0,0,0,0,0,0,0,0,0,0,0,0,0,0,0,0,0,0,0,0,0,0,0,0,0,0,0,0,0.0,0,0,0,0.0,5776.0,0,0.0,31.5,16.37425,15.125749588012695
female,Asian,not Hispanic or Latino,159.0,61.0,4,0.0,1.0,0.0,0.0,0.0,0.0,0.0,0.0,0.0,0.0,0.0,0.0,0.0,0.0,0.0,0.0,0.0,0.0,G/G,C/C,G/G,A/A,*1/*1,G/G,T/T,C/C,G/G,A/A,C/C,C/C,6.0,0,0,GG,0,0,0,0,0,0,0,0,0,0,0,0,0,0,0,0,0,0,0,0,0,0,0,0,0,0,0,0,0,0,0,0,0,0,0,0,0,0,0,0,0,0,0,0,0.0,0,0,0,0.0,3721.0,0,0.0,70.0,38.46411,31.535888671875
male,Asian,not Hispanic or Latino,174.5,73.0,4,0.0,1.0,0.0,0.0,0.0,0.0,0.0,0.0,0.0,0.0,0.0,0.0,0.0,0.0,0.0,0.0,0.0,0.0,A/A,T/T,C/C,G/G,*1/*1,A/A,T/T,T/T,C/C,G/G,T/T,C/C,6.0,0,0,AA,0,0,0,0,0,0,0,0,0,0,0,0,0,0,0,0,0,0,0,0,0,0,0,0,0,0,0,0,0,0,0,0,0,0,0,0,0,0,0,0,0,0,0,0,0.0,0,0,0,0.0,5329.0,0,0.0,8.75,21.944511,13.194511413574219
female,Asian,not Hispanic or Latino,153.01,53.0,4,0.0,1.0,0.0,0.0,0.0,0.0,0.0,0.0,0.0,0.0,0.0,0.0,0.0,0.0,0.0,0.0,0.0,0.0,A/A,T/T,C/C,G/G,*1/*1,A/A,T/T,T/T,C/C,G/G,T/T,0,5.0,0,0,AA,0,0,0,0,0,0,0,0,0,0,0,0,0,0,0,0,0,0,0,0,0,0,0,0,0,0,0,0,0,0,0,0,0,0,0,0,0,0,0,0,0,0,0,0,0.0,0,0,0,0.0,2809.0,0,0.0,35.0,20.553337,14.446662902832031
male,Asian,not Hispanic or Latino,169.01,80.0,4,0.0,1.0,0.0,0.0,0.0,0.0,0.0,0.0,0.0,0.0,0.0,0.0,0.0,0.0,0.0,0.0,0.0,0.0,G/G,C/C,G/G,A/A,*1/*3,G/G,T/T,C/C,G/G,A/A,C/C,0,5.0,2,2,GG,0,0,0,0,0,0,0,0,0,0,0,0,0,0,0,0,0,0,0,0,0,0,0,0,0,0,0,0,0,0,0,0,0,0,0,0,0,0,0,0,0,0,0,0,0.0,0,0,0,160.0,6400.0,0,0.0,26.25,40.95099,14.70098876953125
female,Asian,not Hispanic or Latino,150.01,51.0,4,0.0,1.0,0.0,0.0,0.0,0.0,0.0,0.0,0.0,0.0,0.0,0.0,0.0,0.0,0.0,0.0,0.0,0.0,A/A,T/T,C/C,G/G,0,A/A,T/T,T/T,C/C,G/G,T/T,0,6.0,0,0,AA,0,0,0,0,0,0,0,0,0,0,0,0,0,0,0,0,0,0,0,0,0,0,0,0,0,0,0,0,0,0,0,0,0,0,0,0,0,0,0,0,0,0,0,0,0.0,0,0,0,0.0,2601.0,0,0.0,35.0,16.589115,18.410884857177734
male,White,not Hispanic or Latino,183.64,90.9,3; 6,1.0,0.0,0.0,0.0,0.0,0.0,0.0,0.0,0.0,0.0,0.0,0.0,0.0,0.0,0.0,0.0,0.0,1.0,A/G,0,C/G,A/G,*1/*1,A/G,T/T,0,C/G,A/G,0,A/C,6.0,0,0,AG,0,0,0,0,0,0,0,0,0,0,0,0,0,0,0,0,0,0,0,0,0,0,0,0,0,0,0,0,0,0,0,1,0,0,0,0,0,0,0,0,0,0,1,0,0.0,0,0,0,0.0,8262.810000000001,1,0.0,52.5,36.67233,15.82767105102539
male,White,not Hispanic or Latino,178.56,101.8,8,1.0,0.0,0.0,0.0,1.0,0.0,0.0,0.0,0.0,0.0,0.0,0.0,0.0,0.0,0.0,0.0,0.0,0.0,G/G,0,G/G,A/A,*1/*2,G/G,T/T,0,G/G,A/A,0,C/C,6.0,1,1,GG,0,1,0,0,0,0,0,0,0,0,0,0,0,0,0,0,0,0,0,0,0,0,0,0,1,0,0,0,1,0,0,0,0,0,0,0,0,0,0,0,0,0,1,0,0.0,0,0,0,101.8,10363.24,1,2.0,55.0,39.705605,15.294395446777344
male,White,not Hispanic or Latino,181.36,103.0,1,0.0,0.0,0.0,1.0,0.0,0.0,0.0,0.0,0.0,0.0,0.0,0.0,0.0,0.0,0.0,0.0,0.0,0.0,G/G,0,G/G,A/G,*1/*1,G/G,T/T,0,G/G,A/G,0,A/A,6.0,0,0,GG,0,1,1,0,0,0,0,0,0,0,0,0,0,0,0,0,0,0,0,0,0,0,0,0,0,0,0,0,1,1,0,0,0,0,0,0,0,0,0,0,0,0,0,0,0.0,0,0,0,0.0,10609.0,1,2.0,41.25,54.45973,13.209728240966797
male,White,not Hispanic or Latino,173.74,113.0,8,0.0,0.0,0.0,1.0,0.0,0.0,0.0,0.0,0.0,0.0,0.0,0.0,0.0,0.0,0.0,1.0,0.0,1.0,G/G,0,G/G,A/A,*1/*1,G/G,T/T,0,G/G,A/A,0,A/C,5.0,0,0,GG,0,0,1,1,0,0,1,0,0,0,0,0,0,0,0,0,0,0,0,0,0,0,0,0,0,0,0,0,1,1,0,0,0,0,0,0,0,0,0,0,0,0,0,0,0.0,0,0,0,0.0,12769.0,1,2.0,85.0,59.99605,25.003948211669922
male,Black or African American,not Hispanic or Latino,176.02,108.0,6,1.0,0.0,1.0,0.0,1.0,0.0,0.0,0.0,0.0,0.0,0.0,0.0,0.0,0.0,0.0,0.0,0.0,1.0,G/G,0,C/G,G/G,*1/*1,G/G,T/T,C/C,C/G,G/G,C/C,C/C,5.0,0,0,GG,0,1,0,1,0,0,0,0,0,0,0,0,0,0,0,0,0,0,0,0,0,0,0,0,1,0,0,0,1,1,0,1,0,0,0,0,0,0,0,0,0,0,0,0,0.0,0,0,0,0.0,11664.0,1,2.0,30.0,42.89765,12.897651672363281
male,White,not Hispanic or Latino,171.2,103.0,4,1.0,1.0,1.0,1.0,0.0,0.0,0.0,0.0,0.0,0.0,0.0,0.0,0.0,0.0,0.0,0.0,0.0,0.0,A/G,0,C/G,A/G,*1/*1,A/G,G/T,0,C/G,A/G,0,C/C,7.0,0,0,AG,0,0,1,0,0,0,0,0,0,0,0,0,0,0,0,0,0,0,0,0,0,0,0,0,0,0,0,0,1,0,0,0,0,0,0,0,0,0,0,0,0,0,0,0,0.0,0,0,0,0.0,10609.0,1,2.0,48.75,35.57248,13.177520751953125
male,Black or African American,not Hispanic or Latino,171.2,86.8,3,0.0,0.0,0.0,0.0,0.0,0.0,0.0,0.0,0.0,0.0,0.0,0.0,0.0,0.0,0.0,0.0,0.0,0.0,G/G,0,G/G,A/G,*1/*1,G/G,T/T,0,G/G,A/G,0,C/C,6.0,0,0,GG,0,1,0,1,0,0,0,0,0,0,0,0,0,0,0,0,0,0,0,0,0,0,0,0,0,0,0,0,0,0,0,0,0,0,0,0,0,0,0,0,0,0,1,0,0.0,0,0,0,0.0,7534.24,0,0.0,30.0,43.028202,13.028202056884766
male,Black or African American,not Hispanic or Latino,166.12,89.5,1,0.0,0.0,1.0,0.0,1.0,0.0,0.0,0.0,0.0,0.0,0.0,0.0,0.0,0.0,0.0,0.0,0.0,0.0,G/G,0,C/G,G/G,*1/*2,G/G,T/T,0,C/G,G/G,0,C/C,6.0,1,1,GG,0,0,0,0,0,0,0,0,0,0,0,0,1,0,0,0,0,0,0,0,0,0,0,0,1,0,0,0,0,0,0,0,0,0,0,0,0,0,0,0,0,0,0,0,0.0,0,0,0,89.5,8010.25,0,2.0,50.0,32.650078,17.34992218017578
male,White,not Hispanic or Latino,186.18,125.1,1,0.0,0.0,1.0,0.0,0.0,0.0,0.0,0.0,0.0,0.0,0.0,0.0,0.0,0.0,0.0,0.0,0.0,1.0,G/G,0,G/G,G/G,*1/*1,G/G,T/T,0,G/G,G/G,0,A/A,5.0,0,0,GG,0,0,0,0,0,0,0,1,0,0,0,0,0,0,0,0,0,0,0,0,0,0,0,0,0,0,0,0,1,0,0,0,0,0,0,0,0,0,0,0,0,0,1,0,0.0,0,0,0,0.0,15650.009999999998,1,0.0,85.0,68.96726,16.032737731933594
male,White,not Hispanic or Latino,186.18,110.5,3; 4,0.0,1.0,0.0,1.0,0.0,0.0,0.0,0.0,0.0,0.0,0.0,0.0,0.0,0.0,0.0,0.0,0.0,0.0,A/G,0,C/G,A/G,*1/*1,A/G,G/T,0,C/G,A/G,0,C/C,5.0,0,0,AG,0,1,1,1,0,0,0,0,0,0,0,0,0,0,0,0,0,0,0,0,0,0,0,0,0,0,0,0,0,0,0,0,0,0,0,0,0,1,0,0,0,0,0,0,0.0,0,0,0,0.0,12210.25,1,2.0,25.0,45.58499,20.584991455078125
male,White,not Hispanic or Latino,182.88,61.0,1,0.0,0.0,0.0,1.0,0.0,0.0,0.0,0.0,0.0,0.0,0.0,0.0,1.0,0.0,0.0,0.0,0.0,1.0,G/G,0,G/G,A/G,*1/*1,G/G,T/T,0,G/G,A/G,0,A/C,6.0,0,0,GG,0,1,1,0,0,0,0,0,0,0,0,0,0,0,0,0,0,0,0,0,0,1,0,0,0,0,0,0,1,0,0,0,0,0,0,0,0,0,0,0,0,0,0,0,0.0,0,0,0,0.0,3721.0,0,2.0,82.5,44.578876,37.92112350463867
male,White,not Hispanic or Latino,171.2,77.5,1; 2,0.0,0.0,0.0,0.0,0.0,0.0,0.0,0.0,0.0,0.0,0.0,0.0,0.0,0.0,0.0,0.0,0.0,0.0,G/G,0,G/G,A/A,*1/*1,G/G,T/T,0,G/G,A/A,0,A/C,8.0,0,0,GG,0,0,0,0,0,0,0,0,0,0,0,0,0,0,0,0,0,0,0,0,0,0,0,0,0,0,0,0,1,1,0,0,0,0,0,0,0,0,0,0,0,0,0,0,0.0,0,0,0,0.0,6006.25,0,0.0,65.0,40.36735,24.632648468017578
male,White,not Hispanic or Latino,179.83,74.8,3,1.0,0.0,0.0,0.0,0.0,0.0,0.0,0.0,0.0,0.0,0.0,0.0,0.0,0.0,0.0,0.0,0.0,0.0,A/G,0,C/G,A/G,*1/*1,A/G,G/T,0,C/G,A/G,0,C/C,7.0,0,0,AG,0,0,0,0,0,0,0,0,0,0,0,0,0,0,0,0,0,0,0,0,0,0,0,0,0,0,0,0,0,0,0,0,0,0,0,0,0,0,0,0,0,0,0,0,0.0,0,0,0,0.0,5595.04,0,0.0,16.25,29.118927,12.868927001953125
male,White,not Hispanic or Latino,173.99,76.7,0,0.0,0.0,0.0,0.0,0.0,0.0,0.0,0.0,0.0,0.0,0.0,0.0,0.0,0.0,0.0,0.0,0.0,0.0,A/G,0,0,0,*1/*2,A/G,0,0,0,0,0,0,7.0,1,1,AG,0,0,0,0,0,0,0,0,0,0,0,0,0,0,0,0,0,0,0,0,0,0,0,0,0,0,0,0,0,0,0,0,0,0,0,0,0,0,0,0,0,0,0,0,0.0,0,0,0,76.7,5882.89,0,0.0,59.5,25.792246,33.707754135131836
male,White,not Hispanic or Latino,176.02,71.6,0,0.0,0.0,0.0,0.0,0.0,0.0,0.0,0.0,0.0,0.0,0.0,0.0,0.0,0.0,0.0,0.0,0.0,0.0,G/G,0,0,0,*1/*1,G/G,0,0,0,0,0,0,7.0,0,0,GG,0,0,0,0,0,0,0,0,0,0,0,0,0,0,0,0,0,0,0,0,0,0,0,0,0,0,0,0,0,0,0,0,0,0,0,0,0,0,0,0,0,0,0,0,0.0,0,0,0,0.0,5126.5599999999995,0,0.0,17.5,35.954803,18.454803466796875
female,White,not Hispanic or Latino,155.96,87.5,0,0.0,0.0,0.0,0.0,0.0,0.0,0.0,0.0,0.0,0.0,0.0,0.0,0.0,0.0,0.0,0.0,0.0,0.0,A/G,0,0,0,*1/*1,A/G,G/T,C/T,C/G,G/G,C/T,A/C,6.0,0,0,AG,0,0,0,0,0,0,0,0,0,0,0,0,0,0,0,0,0,0,0,0,0,0,0,0,0,0,0,0,0,0,0,0,0,0,0,0,0,0,0,0,0,0,0,0,0.0,0,0,0,0.0,7656.25,0,0.0,51.1,33.602413,17.497586822509767
female,White,not Hispanic or Latino,159.0,66.2,0,0.0,0.0,0.0,0.0,0.0,0.0,0.0,0.0,0.0,0.0,0.0,0.0,0.0,0.0,0.0,0.0,0.0,0.0,A/G,0,0,0,*1/*1,A/G,0,0,0,0,0,0,6.0,0,0,AG,0,0,0,0,0,0,0,0,0,0,0,0,0,0,0,0,0,0,0,0,0,0,0,0,0,0,0,0,0,0,0,0,0,0,0,0,0,0,0,0,0,0,0,0,0.0,0,0,0,0.0,4382.4400000000005,0,0.0,49.0,28.121346,20.87865447998047
female,White,not Hispanic or Latino,164.08,69.6,0,0.0,0.0,0.0,0.0,0.0,0.0,0.0,0.0,0.0,0.0,0.0,0.0,0.0,0.0,0.0,0.0,0.0,0.0,G/G,0,0,0,*1/*1,G/G,0,0,0,0,0,0,7.0,0,0,GG,0,0,0,0,0,0,0,0,0,0,0,0,0,0,0,0,0,0,0,0,0,0,0,0,0,0,0,0,0,0,0,0,0,0,0,0,0,0,0,0,0,0,0,0,0.0,0,0,0,0.0,4844.159999999999,0,0.0,14.0,33.582184,19.582183837890625
male,White,not Hispanic or Latino,175.01,98.0,0,0.0,0.0,0.0,0.0,0.0,0.0,0.0,0.0,0.0,0.0,0.0,0.0,0.0,0.0,0.0,0.0,0.0,0.0,G/G,0,0,0,*1/*1,G/G,0,0,0,0,0,0,7.0,0,0,GG,0,0,0,0,0,0,0,0,0,0,0,0,0,0,0,0,0,0,0,0,0,0,0,0,0,0,0,0,0,0,0,0,0,0,0,0,0,0,0,0,0,0,0,0,0.0,0,0,0,0.0,9604.0,1,0.0,26.6,40.01767,13.417669677734374
male,White,not Hispanic or Latino,170.94,82.0,0,0.0,0.0,0.0,0.0,0.0,0.0,0.0,0.0,0.0,0.0,0.0,0.0,0.0,0.0,0.0,0.0,0.0,0.0,G/G,0,0,0,*1/*1,G/G,0,0,0,0,0,0,7.0,0,0,GG,0,0,0,0,0,0,0,0,0,0,0,0,0,0,0,0,0,0,0,0,0,0,0,0,0,0,0,0,0,0,0,0,0,0,0,0,0,0,0,0,0,0,0,0,0.0,0,0,0,0.0,6724.0,0,0.0,54.25,36.97692,17.27307891845703
female,White,not Hispanic or Latino,150.88,82.0,0,0.0,0.0,0.0,0.0,0.0,0.0,0.0,0.0,0.0,0.0,0.0,0.0,0.0,0.0,0.0,0.0,0.0,0.0,A/A,0,0,0,*1/*1,A/A,0,0,0,0,0,0,3.0,0,0,AA,0,0,0,0,0,0,0,0,0,0,0,0,0,0,0,0,0,0,0,0,0,0,0,0,0,0,0,0,0,0,0,0,0,0,0,0,0,0,0,0,0,0,0,0,0.0,0,0,0,0.0,6724.0,0,0.0,14.0,30.255083,16.255083084106445
female,White,not Hispanic or Latino,168.91,41.0,0,0.0,0.0,0.0,0.0,0.0,0.0,0.0,0.0,0.0,0.0,0.0,0.0,0.0,0.0,0.0,0.0,0.0,0.0,A/A,0,0,0,*1/*1,A/A,0,0,0,0,0,0,8.0,0,0,AA,0,0,0,0,0,0,0,0,0,0,0,0,0,0,0,0,0,0,0,0,0,0,0,0,0,0,0,0,0,0,0,0,0,0,0,0,0,0,0,0,0,0,0,0,0.0,0,0,0,0.0,1681.0,0,0.0,7.7,20.664621,12.964621353149415
male,White,not Hispanic or Latino,154.94,76.2,0,0.0,0.0,0.0,0.0,0.0,0.0,0.0,0.0,0.0,0.0,0.0,0.0,0.0,0.0,0.0,0.0,0.0,0.0,A/G,0,0,0,*1/*1,0,G/T,T/T,C/C,G/G,T/T,C/C,5.0,0,0,AG,0,0,0,0,0,0,0,0,0,0,0,0,0,0,0,0,0,0,0,0,0,0,0,0,0,0,0,0,0,0,0,0,0,0,0,0,0,0,0,0,0,0,0,0,0.0,0,0,0,0.0,5806.4400000000005,0,0.0,16.03,30.57061,14.540610046386718
male,White,not Hispanic or Latino,175.01,79.8,0,0.0,0.0,0.0,0.0,0.0,0.0,0.0,0.0,0.0,0.0,0.0,0.0,0.0,0.0,0.0,0.0,0.0,0.0,A/G,0,0,0,*1/*1,A/G,0,0,0,0,0,0,7.0,0,0,AG,0,0,0,0,0,0,0,0,0,0,0,0,0,0,0,0,0,0,0,0,0,0,0,0,0,0,0,0,0,0,0,0,0,0,0,0,0,0,0,0,0,0,0,0,0.0,0,0,0,0.0,6368.04,0,0.0,46.97,29.258842,17.71115753173828
female,White,not Hispanic or Latino,160.02,68.9,0,0.0,0.0,0.0,0.0,0.0,0.0,0.0,0.0,0.0,0.0,0.0,0.0,0.0,0.0,0.0,0.0,0.0,0.0,A/G,0,0,0,*1/*2,A/G,0,0,0,0,0,0,6.0,1,1,AG,0,0,0,0,0,0,0,0,0,0,0,0,0,0,0,0,0,0,0,0,0,0,0,0,0,0,0,0,0,0,0,0,0,0,0,0,0,0,0,0,0,0,0,0,0.0,0,0,0,68.9,4747.210000000001,0,0.0,10.5,27.13257,16.632570266723633
male,White,not Hispanic or Latino,161.04,0.0,0,0.0,0.0,0.0,0.0,0.0,0.0,0.0,0.0,0.0,0.0,0.0,0.0,0.0,0.0,0.0,0.0,0.0,0.0,A/A,0,0,0,*1/*1,A/A,0,0,0,0,0,0,5.0,0,0,AA,0,0,0,0,0,0,0,0,0,0,0,0,0,0,0,0,0,0,0,0,0,0,0,0,0,0,0,0,0,0,0,0,0,0,0,0,0,0,0,0,0,0,0,0,0.0,0,0,0,0.0,0.0,0,0.0,10.5,25.632734,15.132734298706055
male,White,not Hispanic or Latino,180.09,114.3,0,0.0,0.0,0.0,0.0,0.0,0.0,0.0,0.0,0.0,0.0,0.0,0.0,0.0,0.0,0.0,0.0,0.0,0.0,A/G,0,0,0,*1/*1,A/G,0,0,0,0,0,0,5.0,0,0,AG,0,0,0,0,0,0,0,0,0,0,0,0,0,0,0,0,0,0,0,0,0,0,0,0,0,0,0,0,0,0,0,0,0,0,0,0,0,0,0,0,0,0,0,0,0.0,0,0,0,0.0,13064.49,1,0.0,29.75,43.168728,13.41872787475586
male,White,not Hispanic or Latino,161.04,54.0,0,0.0,0.0,0.0,0.0,0.0,0.0,0.0,0.0,0.0,0.0,0.0,0.0,0.0,0.0,0.0,0.0,0.0,0.0,A/G,0,0,0,*1/*1,A/G,G/T,C/T,C/G,A/G,C/T,C/C,6.0,0,0,AG,0,0,0,0,0,0,0,0,0,0,0,0,0,0,0,0,0,0,0,0,0,0,0,0,0,0,0,0,0,0,0,0,0,0,0,0,0,0,0,0,0,0,0,0,0.0,0,0,0,0.0,2916.0,0,0.0,14.0,28.270418,14.270418167114258
male,White,not Hispanic or Latino,165.1,55.0,0,0.0,0.0,0.0,0.0,0.0,0.0,0.0,0.0,0.0,0.0,0.0,0.0,0.0,0.0,0.0,0.0,0.0,0.0,A/A,0,0,0,*1/*2,A/A,0,0,0,0,0,0,6.0,1,1,AA,0,0,0,0,0,0,0,0,0,0,0,0,0,0,0,0,0,0,0,0,0,0,0,0,0,0,0,0,0,0,0,0,0,0,0,0,0,0,0,0,0,0,0,0,0.0,0,0,0,55.0,3025.0,0,0.0,7.0,20.45293,13.452930450439453
male,White,not Hispanic or Latino,177.8,84.4,4,0.0,1.0,0.0,0.0,0.0,0.0,0.0,0.0,0.0,0.0,0.0,0.0,0.0,0.0,0.0,0.0,0.0,0.0,0,0,G/G,0,*1/*1,0,0,0,G/G,0,0,0,6.0,0,0,GG,0,0,0,0,0,0,0,0,0,0,0,0,0,0,0,0,0,0,0,0,0,0,0,1,0,0,0,0,0,0,0,0,0,0,0,0,0,0,0,0,0,0,0,0,0.0,0,0,0,0.0,7123.360000000001,0,1.0,32.5,57.694756,25.19475555419922
male,White,Unknown,173.99,73.3,3,0.0,0.0,0.0,0.0,0.0,0.0,0.0,0.0,0.0,0.0,0.0,0.0,0.0,0.0,0.0,0.0,0.0,0.0,0,0,C/G,0,*1/*1,0,0,0,C/G,0,0,0,8.0,0,0,GG,0,1,0,1,0,0,0,0,0,0,0,0,0,0,0,0,0,0,0,0,0,0,0,0,0,0,0,0,0,0,0,0,0,0,0,0,0,0,0,0,0,0,0,0,0.0,0,0,0,0.0,5372.889999999999,0,0.0,14.0,26.930922,12.93092155456543
female,White,Unknown,158.75,87.5,2,0.0,0.0,0.0,0.0,0.0,0.0,0.0,0.0,0.0,0.0,0.0,0.0,0.0,0.0,0.0,0.0,0.0,0.0,0,0,C/G,0,*1/*2,0,0,0,C/G,0,0,0,6.0,1,1,GG,0,0,0,0,0,0,0,0,0,0,0,0,0,0,0,0,0,0,0,0,0,0,0,0,0,0,0,0,0,1,0,0,0,0,0,0,0,0,0,0,0,0,0,0,0.0,0,0,0,87.5,7656.25,0,0.0,45.0,29.81192,15.188079833984375
male,White,Unknown,167.64,70.3,8,0.0,0.0,0.0,0.0,0.0,0.0,0.0,0.0,0.0,0.0,0.0,0.0,0.0,0.0,0.0,0.0,0.0,0.0,0,0,C/G,0,*1/*1,0,0,0,C/G,0,0,0,4.0,0,0,GG,0,0,0,0,0,0,0,0,0,0,0,0,0,0,0,0,0,0,0,0,0,0,0,0,1,0,0,0,0,0,0,0,0,0,0,0,0,0,0,0,0,0,0,0,0.0,0,0,0,0.0,4942.089999999999,0,1.0,20.0,39.554,19.554000854492188
male,White,Unknown,171.45,85.0,4,0.0,1.0,0.0,0.0,0.0,0.0,0.0,0.0,0.0,0.0,0.0,0.0,0.0,0.0,0.0,0.0,0.0,0.0,0,0,G/G,0,*1/*1,G/G,T/T,C/C,G/G,A/A,C/C,C/C,6.0,0,0,GG,0,0,0,1,0,0,0,0,0,0,0,0,0,0,0,0,0,0,0,0,0,0,0,0,0,0,0,0,0,0,0,0,0,0,0,0,0,0,0,0,0,0,0,0,0.0,0,0,0,0.0,7225.0,0,0.0,65.0,46.79576,18.204238891601562
male,White,not Hispanic or Latino,170.18,77.1,2,0.0,0.0,0.0,0.0,0.0,0.0,0.0,0.0,0.0,0.0,0.0,0.0,0.0,0.0,0.0,0.0,0.0,0.0,0,0,G/G,0,*1/*1,G/G,T/T,C/C,G/G,A/G,C/C,A/C,7.0,0,0,GG,0,0,0,0,0,0,0,0,0,0,0,0,0,0,0,0,0,0,0,0,0,0,0,0,0,0,0,0,0,0,0,0,0,0,0,0,0,0,0,0,0,0,0,0,0.0,0,0,0,0.0,5944.409999999999,0,0.0,55.0,41.035473,13.964527130126953
male,White,Unknown,177.8,135.2,3,0.0,0.0,0.0,0.0,0.0,0.0,0.0,0.0,0.0,0.0,0.0,0.0,0.0,0.0,0.0,0.0,0.0,0.0,0,0,C/G,0,*1/*1,0,0,0,C/G,0,0,0,7.0,0,0,GG,0,0,0,0,0,0,0,0,0,0,0,0,0,0,0,0,0,0,0,0,0,0,0,0,0,0,0,0,0,0,0,0,0,0,0,0,0,0,0,0,0,0,0,0,0.0,0,0,0,0.0,18279.039999999997,1,0.0,22.5,44.030655,21.530654907226562
male,White,not Hispanic or Latino,177.8,83.9,3,0.0,0.0,0.0,0.0,0.0,0.0,0.0,0.0,0.0,0.0,0.0,0.0,0.0,0.0,0.0,0.0,0.0,0.0,0,0,C/G,0,*1/*2,A/G,G/T,C/T,C/G,G/G,C/T,A/C,5.0,1,1,GG,0,0,0,0,0,0,0,0,0,0,0,0,0,0,0,0,0,0,0,0,0,0,0,0,0,0,0,0,0,0,0,0,0,0,0,0,0,0,0,0,0,0,0,0,0.0,0,0,0,83.9,7039.210000000001,0,0.0,22.5,36.847073,14.34707260131836
male,White,Unknown,175.26,101.2,3,0.0,0.0,0.0,0.0,0.0,0.0,0.0,0.0,0.0,0.0,0.0,0.0,0.0,0.0,0.0,0.0,0.0,0.0,0,0,G/G,0,*1/*1,0,0,0,G/G,0,0,0,6.0,0,0,GG,0,0,0,0,0,0,0,0,0,0,0,0,0,0,0,0,0,0,0,0,0,0,0,0,0,0,0,0,0,0,0,0,0,0,0,0,0,0,0,0,0,0,0,0,0.0,0,0,0,0.0,10241.44,1,0.0,27.5,45.304432,17.804431915283203
male,White,Unknown,182.88,88.5,4,0.0,1.0,0.0,0.0,0.0,0.0,0.0,0.0,0.0,0.0,0.0,0.0,0.0,0.0,0.0,0.0,0.0,0.0,0,0,C/C,0,*1/*1,0,0,0,C/C,0,0,0,7.0,0,0,GG,0,0,0,0,0,0,0,0,0,0,0,0,0,0,0,0,0,0,0,0,0,0,0,1,0,0,0,0,0,0,0,0,0,0,0,0,0,0,0,0,0,0,0,0,0.0,0,0,0,0.0,7832.25,0,1.0,20.0,32.894863,12.89486312866211
male,White,Unknown,179.83,92.5,3,0.0,0.0,0.0,0.0,0.0,0.0,0.0,0.0,0.0,0.0,0.0,0.0,0.0,0.0,0.0,0.0,0.0,0.0,0,0,C/G,0,*1/*1,0,0,0,C/G,0,0,0,5.0,0,0,GG,0,0,0,0,0,0,0,0,0,0,0,0,0,0,0,0,0,0,0,0,0,0,0,0,0,0,0,0,0,0,0,0,0,0,0,0,0,0,0,0,0,0,0,0,0.0,0,0,0,0.0,8556.25,1,0.0,65.0,40.675762,24.324237823486328
female,Unknown,Unknown,157.48,62.1,3,0.0,0.0,0.0,0.0,0.0,0.0,0.0,0.0,0.0,0.0,0.0,0.0,0.0,0.0,0.0,0.0,0.0,0.0,0,0,G/G,0,*1/*2,0,0,0,G/G,0,0,0,7.0,1,1,GG,0,1,0,0,0,0,0,0,0,0,0,0,0,0,0,0,0,0,0,0,0,0,0,0,0,0,0,0,0,0,0,0,0,0,0,0,0,0,0,0,0,0,0,0,0.0,0,0,0,62.1,3856.4100000000003,0,0.0,43.0,24.494286,18.505714416503906
female,Asian,not Hispanic or Latino,158.0,48.0,4,0.0,1.0,0.0,0.0,0.0,0.0,0.0,0.0,0.0,0.0,0.0,0.0,0.0,0.0,0.0,0.0,0.0,0.0,A/A,T/T,0,G/G,*1/*1,A/A,0,T/T,0,G/G,0,0,5.0,0,0,AA,0,0,0,0,0,0,0,0,0,0,0,0,0,0,0,0,0,0,0,0,0,0,0,0,0,0,0,0,0,0,0,0,0,0,0,0,0,0,0,0,0,0,0,0,0.0,0,0,0,0.0,2304.0,0,0.0,38.5,24.280127,14.219873428344727
female,Asian,not Hispanic or Latino,159.0,49.0,4,0.0,1.0,0.0,0.0,0.0,0.0,0.0,0.0,0.0,0.0,0.0,0.0,0.0,1.0,0.0,0.0,0.0,0.0,A/A,T/T,0,G/G,*1/*1,A/A,0,T/T,0,G/G,0,0,6.0,0,0,AA,0,0,0,0,0,0,0,0,0,0,0,0,0,0,0,0,0,0,0,1,0,0,0,0,0,0,0,0,0,0,0,0,0,0,0,0,0,0,0,0,0,0,0,0,0.0,0,0,0,0.0,2401.0,0,0.0,24.5,63.798595,39.2985954284668
female,Asian,not Hispanic or Latino,164.0,62.0,4,0.0,1.0,0.0,0.0,0.0,0.0,0.0,0.0,0.0,0.0,0.0,0.0,0.0,0.0,0.0,0.0,0.0,0.0,A/G,C/T,0,A/G,*1/*1,A/G,0,C/T,0,A/G,0,0,4.0,0,0,AG,0,0,0,0,0,0,0,0,0,0,0,0,0,0,0,0,0,0,0,0,0,0,0,0,0,0,0,0,0,0,0,0,0,0,0,0,0,0,0,0,0,0,0,0,0.0,0,0,0,0.0,3844.0,0,0.0,56.0,36.67586,19.324138641357422
female,Asian,not Hispanic or Latino,156.0,47.0,4,0.0,1.0,0.0,0.0,0.0,0.0,0.0,0.0,0.0,0.0,0.0,0.0,0.0,0.0,0.0,0.0,0.0,0.0,A/G,C/T,0,A/G,*1/*1,A/G,0,C/T,0,A/G,0,0,4.0,0,0,AG,0,0,0,0,0,0,0,0,0,0,0,0,0,0,0,0,0,0,0,0,0,0,0,0,0,0,0,0,0,0,0,0,0,0,0,0,0,0,0,0,0,0,0,0,0.0,0,0,0,0.0,2209.0,0,0.0,49.0,35.76447,13.235530853271484
female,Asian,not Hispanic or Latino,160.0,70.0,4,0.0,1.0,0.0,0.0,0.0,0.0,0.0,0.0,0.0,0.0,0.0,0.0,0.0,0.0,0.0,0.0,0.0,0.0,0,T/T,0,G/G,*1/*1,0,0,T/T,0,G/G,0,0,6.0,0,0,GG,0,0,0,0,0,0,0,0,0,0,0,0,0,0,0,0,0,0,0,0,0,0,0,0,0,0,0,0,0,0,0,0,0,0,0,0,0,0,0,0,0,0,0,0,0.0,0,0,0,0.0,4900.0,0,0.0,15.75,28.605022,12.855022430419922
female,Asian,not Hispanic or Latino,164.0,74.0,4,1.0,1.0,0.0,0.0,0.0,0.0,0.0,0.0,0.0,0.0,0.0,0.0,0.0,0.0,0.0,0.0,0.0,0.0,A/A,T/T,0,G/G,*1/*1,A/A,0,T/T,0,G/G,0,0,5.0,0,0,AA,0,0,0,0,0,0,0,0,0,0,0,0,0,0,0,0,0,0,0,0,0,0,0,0,0,0,0,0,0,0,0,0,0,0,0,0,0,0,0,0,0,0,0,0,0.0,0,0,0,0.0,5476.0,0,0.0,45.5,25.671919,19.828081130981445
male,Unknown,Unknown,0.0,65.0,0,0.0,0.0,0.0,0.0,0.0,0.0,0.0,0.0,0.0,0.0,0.0,0.0,0.0,0.0,0.0,0.0,0.0,0.0,0,C/C,0,0,*1/*1,0,0,C/C,0,0,0,0,6.0,0,0,GG,0,0,0,0,0,0,0,0,0,0,0,0,0,0,0,0,0,0,0,0,0,0,0,0,0,0,0,0,0,0,0,0,0,0,0,0,0,0,0,0,0,0,0,0,0.0,0,0,0,0.0,4225.0,0,0.0,52.5,33.863434,18.636566162109375
female,Unknown,Unknown,0.0,118.0,0,0.0,0.0,0.0,0.0,0.0,0.0,0.0,0.0,0.0,0.0,0.0,0.0,0.0,0.0,0.0,0.0,0.0,0.0,0,C/T,0,0,*1/*1,0,0,C/T,0,0,0,0,6.0,0,0,GG,0,0,0,0,0,0,0,0,0,0,0,0,0,0,0,0,0,0,0,0,0,0,0,0,0,0,0,0,0,0,0,0,0,0,0,0,0,0,0,0,0,0,0,0,0.0,0,0,0,0.0,13924.0,1,0.0,55.0,38.6825,16.317501068115234
male,Unknown,Unknown,0.0,120.5,0,0.0,0.0,0.0,0.0,0.0,0.0,0.0,0.0,0.0,0.0,0.0,0.0,0.0,0.0,0.0,0.0,0.0,0.0,0,C/T,0,0,*1/*1,0,0,C/T,0,0,0,0,5.0,0,0,GG,0,0,0,0,0,0,0,0,0,0,0,0,0,0,0,0,0,0,0,0,0,0,0,0,0,0,0,0,0,0,0,0,0,0,0,0,0,0,0,0,0,0,0,0,0.0,0,0,0,0.0,14520.25,1,0.0,70.0,40.12721,29.872791290283203
male,Unknown,Unknown,0.0,107.0,0,0.0,0.0,0.0,0.0,0.0,0.0,0.0,0.0,0.0,0.0,0.0,0.0,0.0,0.0,0.0,0.0,0.0,0.0,0,C/C,0,0,*1/*1,0,0,C/C,0,0,0,0,7.0,0,0,GG,0,0,0,0,0,0,0,0,0,0,0,0,0,0,0,0,0,0,0,0,0,0,0,0,0,0,0,0,0,0,0,0,0,0,0,0,0,0,0,0,0,0,0,0,0.0,0,0,0,0.0,11449.0,1,0.0,70.0,38.67891,31.321090698242188
female,Unknown,Unknown,0.0,66.4,0,0.0,0.0,0.0,0.0,0.0,0.0,0.0,0.0,0.0,0.0,0.0,0.0,0.0,0.0,0.0,0.0,0.0,0.0,0,C/C,0,0,*1/*1,0,0,C/C,0,0,0,0,6.0,0,0,GG,0,0,0,0,0,0,0,0,0,0,0,0,0,0,0,0,0,0,0,0,0,0,0,0,0,0,0,0,0,0,0,0,0,0,0,0,0,0,0,0,0,0,0,0,0.0,0,0,0,0.0,4408.960000000001,0,0.0,17.5,33.863434,16.363433837890625
female,Unknown,Unknown,0.0,150.9,0,0.0,0.0,0.0,0.0,0.0,0.0,0.0,0.0,0.0,0.0,0.0,0.0,0.0,0.0,0.0,0.0,0.0,0.0,0,C/T,0,0,*1/*2,0,0,C/T,0,0,0,0,5.0,1,1,GG,0,0,0,0,0,0,0,0,0,0,0,0,0,0,0,0,0,0,0,0,0,0,0,0,0,0,0,0,0,0,0,0,0,0,0,0,0,0,0,0,0,0,0,0,0.0,0,0,0,150.9,22770.81,1,0.0,22.5,39.689125,17.189125061035156
male,Unknown,Unknown,0.0,85.0,0,0.0,0.0,0.0,0.0,0.0,0.0,0.0,0.0,0.0,0.0,0.0,0.0,0.0,0.0,0.0,0.0,0.0,0.0,0,T/T,0,0,*1/*1,0,0,T/T,0,0,0,0,5.0,0,0,GG,0,0,0,0,0,0,0,0,0,0,0,0,0,0,0,0,0,0,0,0,0,0,0,0,0,0,0,0,0,0,0,0,0,0,0,0,0,0,0,0,0,0,0,0,0.0,0,0,0,0.0,7225.0,0,0.0,17.5,31.382097,13.882097244262695
male,Unknown,Unknown,0.0,97.3,0,0.0,0.0,0.0,0.0,0.0,0.0,0.0,0.0,0.0,0.0,0.0,0.0,0.0,0.0,0.0,0.0,0.0,0.0,0,C/C,0,0,*1/*1,0,0,C/C,0,0,0,0,7.0,0,0,GG,0,0,0,0,0,0,0,0,0,0,0,0,0,0,0,0,0,0,0,0,0,0,0,0,0,0,0,0,0,0,0,0,0,0,0,0,0,0,0,0,0,0,0,0,0.0,0,0,0,0.0,9467.289999999999,1,0.0,70.0,38.165115,31.834884643554688
female,Unknown,Unknown,0.0,71.0,0,0.0,0.0,0.0,0.0,0.0,0.0,0.0,0.0,0.0,0.0,0.0,0.0,0.0,0.0,0.0,0.0,0.0,0.0,0,C/C,0,0,*1/*1,0,0,C/C,0,0,0,0,6.0,0,0,GG,0,0,0,0,0,0,0,0,0,0,0,0,0,0,0,0,0,0,0,0,0,0,0,0,0,0,0,0,0,0,0,0,0,0,0,0,0,0,0,0,0,0,0,0,0.0,0,0,0,0.0,5041.0,0,0.0,15.0,35.56371,20.563709259033203
male,White,not Hispanic or Latino,0.0,88.0,3,1.0,0.0,0.0,0.0,0.0,0.0,0.0,0.0,0.0,0.0,0.0,0.0,0.0,0.0,0.0,0.0,0.0,0.0,A/G,C/T,0,0,*1/*1,A/G,0,C/T,0,0,0,0,5.0,0,0,AG,0,0,0,0,0,0,0,0,0,0,0,0,0,0,0,0,0,0,0,0,0,0,0,0,0,0,0,0,1,1,0,0,0,0,0,0,0,0,0,0,0,0,0,1,0.0,0,0,0,0.0,7744.0,0,0.0,65.03,37.54592,27.484078674316407
male,White,not Hispanic or Latino,0.0,177.0,5,1.0,0.0,1.0,0.0,0.0,0.0,0.0,0.0,0.0,0.0,0.0,0.0,0.0,0.0,0.0,0.0,0.0,0.0,A/G,C/T,C/G,0,*1/*1,A/G,0,C/T,C/G,0,C/T,0,5.0,0,0,AG,0,0,0,0,0,0,0,0,0,0,0,0,0,0,0,0,0,0,0,0,0,0,0,0,0,0,0,0,0,0,0,0,0,0,0,0,0,0,0,0,0,0,0,0,0.0,0,0,0,0.0,31329.0,1,0.0,65.03,50.185555,14.84444549560547
male,White,not Hispanic or Latino,0.0,93.0,5,1.0,0.0,0.0,0.0,0.0,0.0,0.0,0.0,0.0,0.0,0.0,0.0,0.0,0.0,0.0,0.0,0.0,0.0,A/G,C/T,C/G,0,*1/*1,A/G,0,C/T,C/G,0,C/T,0,5.0,0,0,AG,0,0,0,0,0,0,0,0,0,0,0,0,0,0,0,0,0,0,0,0,0,0,0,0,0,0,0,0,0,0,0,0,0,0,0,0,0,0,0,0,0,0,0,0,0.0,0,0,0,0.0,8649.0,1,0.0,57.47,38.1913,19.278700561523436
female,White,not Hispanic or Latino,0.0,128.0,3,0.0,0.0,0.0,0.0,0.0,0.0,0.0,0.0,0.0,0.0,0.0,0.0,0.0,0.0,0.0,0.0,0.0,0.0,G/G,C/C,G/G,0,*1/*1,G/G,0,C/C,G/G,0,C/C,0,6.0,0,0,GG,0,0,0,0,0,0,0,0,0,0,0,0,0,0,0,0,0,0,0,0,0,0,0,0,0,0,0,0,1,0,0,0,0,0,0,0,0,0,0,0,0,0,0,0,0.0,0,0,0,0.0,16384.0,1,0.0,35.0,60.89745,25.897449493408203
female,White,not Hispanic or Latino,0.0,66.0,1 or 2,0.0,0.0,0.0,0.0,0.0,0.0,0.0,0.0,0.0,0.0,0.0,0.0,0.0,0.0,0.0,0.0,0.0,0.0,A/G,C/T,C/G,0,*1/*1,A/G,0,C/T,C/G,0,C/T,0,1.0,0,0,AG,0,0,0,0,0,0,0,0,0,0,0,0,0,0,0,0,0,0,0,0,0,0,0,0,0,0,0,0,0,0,0,0,0,0,0,0,0,0,0,0,0,0,0,0,0.0,0,0,0,0.0,4356.0,0,0.0,55.02,40.99678,14.02321960449219
female,White,not Hispanic or Latino,0.0,73.0,1 or 2,0.0,0.0,0.0,0.0,0.0,0.0,0.0,0.0,0.0,0.0,0.0,0.0,0.0,0.0,0.0,0.0,0.0,0.0,0,0,C/C,0,*2/*3,0,0,0,C/C,0,T/T,0,1.0,3,3,GG,0,0,0,0,0,0,0,0,0,0,0,0,0,0,0,0,0,0,0,0,0,0,0,0,0,0,0,0,0,0,0,0,0,0,0,0,0,0,0,0,0,0,0,0,0.0,0,0,0,219.0,5329.0,0,0.0,14.0,32.99932,18.99932098388672
female,Black or African American,not Hispanic or Latino,170.18,128.6,6,0.0,0.0,1.0,1.0,0.0,0.0,0.0,0.0,0.0,0.0,0.0,0.0,0.0,0.0,0.0,0.0,0.0,0.0,G/G,C/C,C/G,A/G,*1/*1,G/G,T/T,C/C,C/G,A/G,C/C,C/C,6.0,0,0,GG,0,1,1,0,0,0,0,0,0,0,0,0,0,0,0,0,0,0,0,0,0,0,0,0,0,0,0,0,1,1,0,1,0,0,0,0,0,0,0,0,0,0,0,0,0.0,0,0,0,0.0,16537.96,1,2.0,70.0,46.782146,23.217853546142578
female,Black or African American,not Hispanic or Latino,165.1,81.8,1,0.0,0.0,0.0,0.0,0.0,0.0,1.0,0.0,0.0,0.0,0.0,0.0,0.0,0.0,0.0,0.0,0.0,0.0,A/G,C/T,C/C,G/G,*1/*3,A/G,T/T,C/T,C/C,G/G,0,C/C,7.0,2,2,AG,0,1,0,0,0,0,0,0,0,0,0,0,0,0,0,0,0,0,0,0,0,0,0,0,0,1,0,0,1,0,0,1,0,0,0,0,0,0,0,0,0,0,0,0,0.0,0,0,0,163.6,6691.24,0,2.0,14.0,26.812376,12.812376022338867
male,Black or African American,not Hispanic or Latino,185.42,134.1,1,0.0,0.0,0.0,0.0,0.0,0.0,0.0,0.0,0.0,0.0,0.0,0.0,0.0,0.0,0.0,0.0,0.0,0.0,G/G,C/C,G/G,A/A,*1/*1,G/G,T/T,C/C,G/G,A/A,C/C,C/C,7.0,0,0,GG,0,0,0,0,0,0,0,0,0,0,0,0,0,0,0,0,0,0,0,0,0,0,0,0,0,0,0,0,1,0,0,0,0,0,0,0,0,0,0,0,0,0,0,0,0.0,0,0,0,0.0,17982.809999999998,1,0.0,55.0,68.7317,13.731697082519531
female,Black or African American,not Hispanic or Latino,160.02,79.1,1,0.0,0.0,1.0,0.0,0.0,0.0,1.0,0.0,0.0,0.0,0.0,0.0,0.0,0.0,0.0,0.0,0.0,0.0,G/G,C/C,G/G,G/G,*1/*5,G/G,T/T,C/C,G/G,G/G,0,C/C,4.0,0,0,GG,0,0,0,0,0,0,0,0,0,0,0,0,0,0,0,0,0,0,0,0,0,0,0,0,0,1,0,0,1,0,0,0,0,0,0,0,0,0,0,0,0,0,0,0,0.0,0,0,0,0.0,6256.8099999999995,0,2.0,25.0,46.68866,21.68865966796875
female,Black or African American,not Hispanic or Latino,162.56,175.0,2,0.0,0.0,0.0,0.0,0.0,0.0,0.0,0.0,0.0,0.0,0.0,0.0,0.0,0.0,0.0,0.0,0.0,1.0,0,0,C/G,G/G,*1/*1,0,T/T,0,C/G,G/G,0,C/C,6.0,0,0,GG,0,0,0,0,0,0,0,0,0,0,0,0,0,0,0,0,0,0,0,0,0,0,0,0,0,0,0,0,1,0,0,0,0,0,0,0,0,0,0,0,0,0,0,0,0.0,0,0,0,0.0,30625.0,1,0.0,30.0,57.66158,27.661579132080078
female,Black or African American,not Hispanic or Latino,160.02,80.0,1; 2,0.0,0.0,1.0,0.0,0.0,0.0,0.0,0.0,0.0,0.0,0.0,0.0,0.0,0.0,0.0,0.0,0.0,0.0,G/G,C/C,G/G,A/G,*1/*1,G/G,T/T,C/C,G/G,A/G,0,C/C,6.0,0,0,GG,0,1,0,0,0,0,0,0,0,0,0,0,0,0,0,0,0,0,0,0,0,0,0,0,0,0,0,1,1,0,0,1,0,0,0,0,0,0,0,0,0,0,0,0,0.0,0,0,0,0.0,6400.0,0,0.0,25.0,40.994587,15.994586944580078
male,Black or African American,not Hispanic or Latino,182.88,100.0,1,0.0,0.0,0.0,0.0,1.0,0.0,0.0,0.0,0.0,0.0,0.0,0.0,0.0,0.0,0.0,0.0,0.0,0.0,G/G,C/C,G/G,A/A,*1/*1,G/G,T/T,C/C,G/G,0,C/C,C/C,6.0,0,0,GG,0,1,0,0,0,0,0,0,0,0,0,0,0,0,0,0,0,0,0,0,0,0,0,0,1,0,0,0,1,0,0,1,0,0,0,0,0,0,0,0,0,0,0,0,0.0,0,0,0,0.0,10000.0,1,2.0,32.5,51.55419,19.05419158935547
male,White,not Hispanic or Latino,183.0,91.0,3,0.0,0.0,0.0,0.0,0.0,0.0,0.0,0.0,0.0,0.0,0.0,1.0,0.0,0.0,0.0,0.0,0.0,0.0,A/G,0,C/G,A/G,*1/*1,A/G,G/T,0,C/G,A/G,C/T,0,7.0,0,0,AG,0,0,0,0,0,0,0,0,0,0,0,0,0,0,0,0,0,0,0,0,1,0,0,0,0,0,0,0,1,0,0,0,0,0,0,0,0,0,0,0,0,0,0,0,0.0,0,0,0,0.0,8281.0,1,0.0,62.5,45.216194,17.28380584716797
male,White,not Hispanic or Latino,181.0,88.0,8,0.0,0.0,0.0,1.0,0.0,0.0,0.0,0.0,0.0,0.0,0.0,0.0,0.0,0.0,0.0,0.0,0.0,0.0,G/G,C/C,G/G,0,*1/*2,G/G,T/T,C/C,G/G,0,C/C,0,6.0,1,1,GG,0,0,1,0,0,0,0,0,0,0,0,0,0,0,0,0,0,0,0,0,0,0,0,0,0,0,0,0,1,0,0,0,0,0,0,0,0,0,0,0,0,0,0,0,0.0,0,0,0,88.0,7744.0,0,2.0,25.0,41.736298,16.736297607421875
male,White,not Hispanic or Latino,178.0,60.0,4,0.0,1.0,0.0,0.0,0.0,0.0,0.0,0.0,0.0,0.0,0.0,0.0,0.0,0.0,0.0,0.0,0.0,0.0,G/G,C/C,G/G,A/G,*1/*1,G/G,T/T,C/C,G/G,A/G,C/C,0,2.0,0,0,GG,0,0,0,0,0,0,0,0,0,0,0,0,0,0,0,0,0,0,0,0,0,0,0,0,0,0,0,0,0,0,0,0,0,0,0,0,0,0,0,0,0,0,0,0,0.0,0,0,0,0.0,3600.0,0,0.0,73.5,55.33287,18.167129516601562
male,White,not Hispanic or Latino,177.0,93.0,3; 5,1.0,0.0,0.0,0.0,0.0,0.0,0.0,0.0,0.0,0.0,1.0,0.0,0.0,0.0,0.0,0.0,0.0,0.0,G/G,C/C,G/G,A/G,*1/*2,G/G,T/T,C/C,G/G,A/G,C/C,0,5.0,1,1,GG,1,0,0,0,0,0,0,0,0,0,0,0,0,0,0,0,0,0,0,0,0,0,0,0,0,0,0,0,1,0,0,0,0,0,0,0,0,0,0,0,0,0,0,0,93.0,1,0,0,93.0,8649.0,1,96.0,76.5,39.98446,36.515541076660156
male,White,not Hispanic or Latino,190.0,85.0,3,0.0,0.0,0.0,0.0,0.0,0.0,0.0,0.0,0.0,0.0,0.0,0.0,0.0,0.0,0.0,0.0,0.0,0.0,G/G,C/C,G/G,A/G,*1/*2,G/G,T/T,C/C,G/G,A/G,C/C,0,6.0,1,1,GG,0,0,0,0,0,0,0,0,0,0,0,0,0,0,0,0,0,0,0,0,0,0,0,0,0,0,0,0,1,0,0,0,0,0,0,0,0,0,0,0,0,0,0,0,0.0,0,0,0,85.0,7225.0,0,0.0,26.75,44.06808,17.31808090209961
male,White,not Hispanic or Latino,178.0,71.0,3,0.0,0.0,0.0,0.0,0.0,0.0,0.0,0.0,0.0,0.0,0.0,0.0,0.0,0.0,0.0,0.0,0.0,0.0,0,0,G/G,A/G,*1/*1,0,T/T,0,G/G,A/G,C/C,0,6.0,0,0,GG,0,0,0,0,0,0,0,0,0,0,0,0,0,0,0,0,0,0,0,0,0,0,0,0,0,0,0,0,0,0,0,0,0,0,0,0,0,0,0,0,0,0,0,0,0.0,0,0,0,0.0,5041.0,0,0.0,57.5,41.154766,16.345233917236328
female,White,not Hispanic or Latino,0.0,0.0,0,0.0,0.0,0.0,0.0,0.0,0.0,0.0,0.0,0.0,0.0,0.0,0.0,0.0,0.0,0.0,0.0,0.0,0.0,G/G,C/C,0,0,*1/*1,G/G,0,C/C,0,0,0,0,7.0,0,0,GG,0,0,0,0,0,0,0,0,0,0,0,0,0,0,0,0,0,0,0,0,0,0,0,0,0,0,0,0,0,0,0,0,0,0,0,0,0,0,0,0,0,0,0,0,0.0,0,0,0,0.0,0.0,0,0.0,49.0,33.840626,15.159374237060547
male,White,not Hispanic or Latino,0.0,0.0,0,0.0,0.0,0.0,0.0,0.0,0.0,0.0,0.0,0.0,0.0,0.0,0.0,0.0,0.0,0.0,0.0,0.0,0.0,G/G,C/C,0,0,*1/*1,G/G,T/T,C/C,G/G,G/G,C/C,A/A,7.0,0,0,GG,0,0,0,0,0,0,0,0,0,0,0,0,0,0,0,0,0,0,0,0,0,0,0,0,0,0,0,0,0,0,0,0,0,0,0,0,0,0,0,0,0,0,0,0,0.0,0,0,0,0.0,0.0,0,0.0,56.0,35.784374,20.215625762939453
female,White,not Hispanic or Latino,0.0,0.0,0,0.0,0.0,0.0,0.0,0.0,0.0,0.0,0.0,0.0,0.0,0.0,0.0,0.0,0.0,0.0,0.0,0.0,0.0,A/G,C/T,0,0,*1/*1,A/G,0,C/T,0,0,0,0,5.0,0,0,AG,0,0,0,0,0,0,0,0,0,0,0,0,0,0,0,0,0,0,0,0,0,0,0,0,0,0,0,0,0,0,0,0,0,0,0,0,0,0,0,0,0,0,0,0,0.0,0,0,0,0.0,0.0,0,0.0,59.5,32.960075,26.53992462158203
female,White,not Hispanic or Latino,0.0,0.0,0,0.0,0.0,0.0,0.0,0.0,0.0,0.0,0.0,0.0,0.0,0.0,0.0,0.0,0.0,0.0,0.0,0.0,0.0,A/A,T/T,0,0,*1/*1,A/A,0,T/T,0,0,0,0,7.0,0,0,AA,0,0,0,0,0,0,0,0,0,0,0,0,0,0,0,0,0,0,0,0,0,0,0,0,0,0,0,0,0,0,0,0,0,0,0,0,0,0,0,0,0,0,0,0,0.0,0,0,0,0.0,0.0,0,0.0,5.25,19.569357,14.319356918334961
male,White,not Hispanic or Latino,0.0,0.0,0,0.0,0.0,0.0,0.0,0.0,0.0,0.0,0.0,0.0,0.0,0.0,0.0,0.0,0.0,0.0,0.0,0.0,0.0,A/G,C/T,0,0,*1/*2,A/G,0,C/T,0,0,0,0,7.0,1,1,AG,0,0,0,0,0,0,0,0,0,0,0,0,0,0,0,0,0,0,0,0,0,0,0,0,0,0,0,0,0,0,0,0,0,0,0,0,0,0,0,0,0,0,0,0,0.0,0,0,0,0.0,0.0,0,0.0,7.0,22.190329,15.190328598022461
male,Black or African American,not Hispanic or Latino,172.72,75.0,1,0.0,0.0,1.0,0.0,1.0,0.0,0.0,0.0,0.0,0.0,0.0,0.0,0.0,0.0,0.0,0.0,0.0,0.0,G/G,C/C,0,0,*1/*1,G/G,0,C/C,0,0,0,0,5.0,0,0,GG,0,0,0,0,0,0,0,0,0,0,0,0,0,0,0,0,0,0,0,0,0,0,0,0,0,0,0,0,0,0,0,0,0,0,0,0,0,0,0,0,0,0,0,0,0.0,0,0,0,0.0,5625.0,0,1.0,17.5,46.430275,28.930274963378906
female,Black or African American,not Hispanic or Latino,182.88,152.3,1,0.0,0.0,1.0,0.0,0.0,0.0,0.0,0.0,0.0,0.0,0.0,0.0,0.0,0.0,0.0,0.0,0.0,0.0,G/G,C/C,0,0,*1/*1,G/G,0,C/C,0,0,0,0,4.0,0,0,GG,0,0,0,0,0,0,0,0,0,0,0,0,0,0,0,0,0,0,0,0,0,0,0,0,0,0,0,0,1,0,0,0,0,0,0,0,0,0,0,0,0,0,0,0,0.0,0,0,0,0.0,23195.290000000005,1,0.0,52.5,69.30158,16.80158233642578
female,Black or African American,Unknown,175.26,207.7,2,1.0,0.0,1.0,0.0,0.0,0.0,0.0,0.0,0.0,0.0,0.0,0.0,0.0,0.0,0.0,0.0,0.0,0.0,G/G,C/C,0,0,*1/*1,G/G,0,C/C,0,0,0,0,3.0,0,0,GG,0,0,0,0,0,0,0,0,0,0,0,0,0,0,0,0,0,0,0,0,0,0,0,0,0,0,0,0,1,1,0,0,0,0,0,0,0,0,0,0,0,0,0,0,0.0,0,0,0,0.0,43139.28999999999,1,0.0,115.0,68.630844,46.36915588378906
male,Black or African American,not Hispanic or Latino,170.18,132.7,2,0.0,0.0,0.0,1.0,0.0,0.0,0.0,0.0,0.0,0.0,0.0,0.0,0.0,0.0,0.0,0.0,0.0,0.0,G/G,C/C,0,0,*1/*1,G/G,0,C/C,0,0,0,0,5.0,0,0,GG,0,0,1,1,0,0,0,0,0,0,0,0,0,0,0,0,0,0,0,0,0,0,0,0,0,0,0,0,0,1,0,0,0,0,0,0,0,0,0,0,0,0,1,0,0.0,0,0,0,0.0,17609.289999999997,1,2.0,78.0,61.058495,16.941505432128906
male,White,not Hispanic or Latino,180.34,86.4,5,1.0,0.0,0.0,0.0,0.0,0.0,0.0,1.0,0.0,0.0,0.0,0.0,0.0,0.0,0.0,0.0,0.0,0.0,G/G,C/C,0,0,*1/*1,G/G,0,C/C,0,0,0,0,5.0,0,0,GG,0,0,0,0,0,0,0,0,0,0,0,0,0,0,0,0,0,0,0,0,0,0,0,0,0,0,0,0,1,1,0,1,0,0,0,0,0,0,0,0,0,0,0,0,0.0,0,0,0,0.0,7464.960000000001,0,1.0,82.5,47.622795,34.87720489501953
female,Black or African American,not Hispanic or Latino,167.64,55.5,1,0.0,0.0,1.0,0.0,0.0,0.0,0.0,0.0,0.0,0.0,0.0,0.0,0.0,0.0,1.0,0.0,0.0,0.0,G/G,C/C,0,0,*1/*1,G/G,0,C/C,0,0,0,0,3.0,0,0,GG,0,0,0,1,0,0,0,0,0,0,0,0,0,0,0,0,0,0,0,0,0,0,0,0,0,0,0,0,0,0,0,0,0,0,0,0,0,0,0,0,0,0,0,0,0.0,0,0,0,0.0,3080.25,0,0.0,67.5,47.357445,20.142555236816406
female,White,not Hispanic or Latino,162.56,119.5,3,0.0,0.0,0.0,0.0,1.0,0.0,0.0,0.0,0.0,0.0,0.0,0.0,0.0,0.0,0.0,0.0,0.0,0.0,G/G,C/C,0,0,*1/*2,G/G,0,C/C,0,0,0,0,5.0,1,1,GG,0,0,0,0,0,0,0,0,0,0,0,0,0,0,0,0,0,0,0,0,0,0,0,0,0,0,0,0,1,0,0,0,0,0,0,0,0,0,0,0,0,0,0,0,0.0,0,0,0,119.5,14280.25,1,1.0,30.0,48.000496,18.00049591064453
female,Black or African American,not Hispanic or Latino,162.56,68.2,2,0.0,0.0,1.0,0.0,0.0,0.0,0.0,0.0,0.0,0.0,0.0,0.0,0.0,0.0,0.0,0.0,0.0,0.0,G/G,C/C,0,0,*1/*1,G/G,0,C/C,0,0,0,0,3.0,0,0,GG,0,0,0,0,0,0,0,0,0,0,0,0,0,0,0,0,0,0,0,0,0,0,0,0,0,0,0,0,0,0,0,0,0,0,0,0,0,0,0,0,0,0,0,0,0.0,0,0,0,0.0,4651.240000000001,0,0.0,17.5,51.335274,33.83527374267578
male,White,not Hispanic or Latino,170.18,65.9,3,1.0,0.0,1.0,0.0,0.0,0.0,0.0,0.0,0.0,0.0,0.0,0.0,0.0,0.0,0.0,0.0,0.0,0.0,A/G,0,0,0,0,A/G,0,0,0,0,0,0,9.0,0,0,AG,0,0,0,0,0,0,0,0,0,0,0,0,0,0,0,0,0,0,0,0,0,0,0,0,0,0,0,0,0,0,0,0,0,0,0,0,0,0,0,0,0,0,1,0,0.0,0,0,0,0.0,4342.81,0,0.0,8.0,21.136032,13.136032104492188
male,White,not Hispanic or Latino,180.34,104.5,3,1.0,0.0,0.0,0.0,0.0,0.0,0.0,0.0,0.0,0.0,0.0,0.0,0.0,0.0,0.0,0.0,0.0,1.0,G/G,C/C,0,0,*1/*1,G/G,0,C/C,0,0,0,0,6.0,0,0,GG,0,1,0,1,0,0,0,0,0,0,0,0,0,0,0,0,0,0,0,0,0,0,0,0,0,0,0,0,0,0,0,0,0,0,0,0,0,0,0,0,0,0,0,0,0.0,0,0,0,0.0,10920.25,1,0.0,90.0,45.00367,44.99633026123047
male,White,not Hispanic or Latino,175.26,82.3,1,0.0,0.0,1.0,1.0,0.0,0.0,0.0,0.0,0.0,0.0,0.0,0.0,0.0,0.0,0.0,0.0,0.0,0.0,A/G,C/T,0,0,*1/*1,A/G,0,C/T,0,0,0,0,4.0,0,0,AG,0,0,0,0,0,0,0,0,0,0,0,0,0,0,0,0,0,0,0,0,0,0,0,0,0,0,0,0,1,0,0,0,0,0,0,0,0,0,0,0,0,0,0,0,0.0,0,0,0,0.0,6773.29,0,1.0,25.0,42.95737,17.95737075805664
male,White,not Hispanic or Latino,182.88,78.6,8,0.0,1.0,0.0,0.0,1.0,0.0,0.0,0.0,0.0,0.0,0.0,0.0,0.0,0.0,0.0,0.0,0.0,0.0,G/G,C/C,0,0,*1/*1,G/G,0,C/C,0,0,0,0,5.0,0,0,GG,0,1,0,0,0,0,0,0,0,0,0,0,0,0,0,0,0,0,0,0,0,0,0,0,0,0,0,0,0,0,0,0,0,0,0,0,0,0,0,0,0,0,0,0,0.0,0,0,0,0.0,6177.959999999999,0,1.0,38.5,51.631035,13.131034851074219
male,Black or African American,not Hispanic or Latino,175.26,106.8,8,0.0,1.0,0.0,0.0,0.0,0.0,0.0,0.0,0.0,0.0,0.0,0.0,0.0,0.0,0.0,0.0,0.0,1.0,A/G,C/C,0,0,*1/*2,A/G,0,C/C,0,0,0,0,4.0,1,1,AG,0,0,0,0,0,0,0,0,0,0,0,0,0,0,0,0,0,0,0,0,0,0,0,0,0,0,0,0,0,0,0,0,0,0,0,0,0,0,0,0,0,0,0,0,0.0,0,0,0,106.8,11406.24,1,0.0,62.5,45.51488,16.985118865966797
male,White,not Hispanic or Latino,177.8,80.9,3,0.0,0.0,1.0,0.0,1.0,0.0,0.0,0.0,0.0,0.0,0.0,0.0,0.0,0.0,0.0,0.0,0.0,0.0,A/G,C/C,0,0,*1/*1,A/G,0,C/C,0,0,0,0,6.0,0,0,AG,0,0,0,0,0,0,0,0,0,0,0,0,0,0,0,0,0,0,0,0,0,0,0,0,0,0,0,0,1,0,0,0,0,0,0,0,0,0,0,0,0,0,0,0,0.0,0,0,0,0.0,6544.810000000001,0,1.0,15.0,39.339455,24.339454650878906
male,White,not Hispanic or Latino,187.96,86.4,1,0.0,0.0,0.0,0.0,0.0,0.0,0.0,0.0,0.0,0.0,0.0,0.0,0.0,0.0,0.0,0.0,0.0,0.0,A/G,C/T,0,0,*1/*3,A/G,0,C/T,0,0,0,0,5.0,2,2,AG,0,0,0,0,0,0,0,0,0,0,0,0,0,0,0,0,0,0,0,0,0,0,0,0,0,0,0,0,1,0,0,0,0,0,0,0,0,0,0,0,0,0,0,0,0.0,0,0,0,172.8,7464.960000000001,0,0.0,45.5,31.100653,14.399347305297852
female,Black or African American,not Hispanic or Latino,167.64,79.5,3,1.0,0.0,1.0,0.0,1.0,0.0,0.0,0.0,0.0,0.0,0.0,0.0,0.0,0.0,0.0,0.0,0.0,0.0,G/G,C/C,0,0,*1/*1,G/G,0,C/C,0,0,0,0,8.0,0,0,GG,0,0,0,0,0,0,0,0,0,0,0,0,0,0,0,0,0,0,0,0,0,0,0,0,0,0,0,0,0,0,0,0,0,0,0,0,0,0,0,0,0,0,1,0,0.0,0,0,0,0.0,6320.25,0,1.0,50.0,31.320627,18.679372787475586
female,Black or African American,not Hispanic or Latino,162.56,75.5,3,0.0,0.0,1.0,0.0,0.0,0.0,0.0,0.0,0.0,0.0,0.0,0.0,0.0,0.0,0.0,0.0,0.0,0.0,G/G,C/C,0,0,*1/*1,G/G,0,C/C,0,0,0,0,5.0,0,0,GG,0,0,0,0,0,0,0,0,0,0,0,0,0,0,0,0,0,0,0,0,0,0,0,0,0,0,0,0,1,0,0,0,0,0,0,0,0,0,0,0,0,0,0,0,0.0,0,0,0,0.0,5700.25,0,0.0,25.0,43.60809,18.608089447021484
female,White,not Hispanic or Latino,175.26,120.5,3,1.0,0.0,0.0,1.0,0.0,0.0,0.0,0.0,0.0,0.0,0.0,0.0,0.0,0.0,0.0,0.0,0.0,0.0,G/G,C/T,0,0,*1/*1,G/G,0,C/T,0,0,0,0,7.0,0,0,GG,0,1,0,0,0,0,0,0,0,0,0,0,0,0,0,0,0,0,0,0,0,0,0,0,0,0,0,0,0,1,0,0,0,0,0,0,0,0,0,0,0,0,0,0,0.0,0,0,0,0.0,14520.25,1,1.0,17.5,44.555275,27.055274963378906
male,White,not Hispanic or Latino,177.8,95.5,3,1.0,0.0,0.0,1.0,0.0,0.0,0.0,0.0,0.0,0.0,0.0,0.0,0.0,0.0,0.0,0.0,0.0,1.0,A/G,C/T,0,0,*1/*1,A/G,0,C/T,0,0,0,0,5.0,0,0,AG,0,1,1,0,0,0,0,0,0,0,0,0,0,0,0,0,0,0,0,0,0,0,0,0,0,0,0,0,0,1,0,0,0,0,0,0,0,0,0,0,0,0,0,0,0.0,0,0,0,0.0,9120.25,1,2.0,60.0,39.663517,20.336483001708984
male,White,not Hispanic or Latino,170.18,83.6,3,0.0,0.0,1.0,0.0,0.0,0.0,1.0,0.0,0.0,0.0,1.0,0.0,0.0,0.0,0.0,0.0,0.0,0.0,A/G,C/T,0,0,*1/*1,A/G,0,C/T,0,0,0,0,6.0,0,0,AG,1,1,0,0,0,0,0,0,0,0,0,0,0,0,0,0,0,0,0,0,0,0,0,0,0,1,0,0,1,0,0,0,0,0,0,0,0,0,0,0,0,0,0,0,83.6,0,0,0,0.0,6988.959999999999,0,87.6,17.5,31.494434,13.994434356689453
male,Black or African American,not Hispanic or Latino,182.88,71.8,3,0.0,0.0,1.0,1.0,0.0,0.0,0.0,0.0,0.0,0.0,0.0,0.0,0.0,0.0,0.0,0.0,0.0,1.0,A/G,C/C,0,0,*1/*1,A/G,0,C/C,0,0,0,0,6.0,0,0,AG,0,1,1,0,0,0,0,0,0,0,0,0,0,0,0,0,0,0,0,0,0,0,0,0,0,0,0,0,1,1,0,0,0,0,0,0,0,0,0,0,0,0,0,0,0.0,0,0,0,0.0,5155.24,0,2.0,60.0,34.100166,25.89983367919922
female,White,not Hispanic or Latino,165.1,47.3,3,0.0,0.0,0.0,0.0,0.0,0.0,0.0,0.0,0.0,0.0,0.0,0.0,0.0,0.0,0.0,0.0,0.0,0.0,G/G,C/C,0,0,*1/*2,G/G,0,C/C,0,0,0,0,5.0,1,1,GG,0,0,0,0,0,0,0,0,0,0,0,0,0,0,0,0,0,0,0,0,0,0,0,0,0,0,0,0,0,0,0,0,0,0,0,0,0,0,0,0,0,0,0,0,0.0,0,0,0,47.3,2237.2899999999995,0,0.0,63.75,33.61567,30.13433074951172
male,White,not Hispanic or Latino,187.96,113.6,1,0.0,0.0,0.0,0.0,1.0,0.0,0.0,0.0,0.0,0.0,0.0,0.0,0.0,0.0,0.0,0.0,0.0,0.0,G/G,C/C,0,0,*1/*1,G/G,0,C/C,0,0,0,0,5.0,0,0,GG,0,0,0,0,0,0,0,0,0,0,0,0,0,0,0,0,0,0,0,0,0,0,0,0,0,0,0,0,0,0,0,0,0,0,0,0,0,0,0,0,0,0,0,0,0.0,0,0,0,0.0,12904.96,1,1.0,80.0,61.295887,18.704113006591797
female,White,not Hispanic or Latino,162.56,81.8,1,0.0,0.0,0.0,0.0,0.0,0.0,0.0,0.0,0.0,0.0,0.0,0.0,0.0,0.0,0.0,0.0,0.0,0.0,0,0,0,0,0,0,0,0,0,0,0,0,8.0,0,0,GG,0,0,0,0,0,0,0,1,0,0,0,0,0,0,0,0,0,0,0,0,0,0,0,0,0,0,0,0,1,0,0,0,0,0,0,0,0,0,0,0,0,0,0,0,0.0,0,0,0,0.0,6691.24,0,0.0,9.0,32.284065,23.28406524658203
male,White,not Hispanic or Latino,190.5,80.0,1,1.0,0.0,0.0,0.0,0.0,1.0,0.0,0.0,0.0,0.0,0.0,0.0,0.0,0.0,0.0,0.0,0.0,1.0,A/G,C/C,0,0,*1/*1,A/G,0,C/C,0,0,0,0,6.0,0,0,AG,0,0,0,0,0,0,0,0,0,0,0,0,0,0,0,0,0,0,0,0,0,0,0,0,0,0,0,0,0,0,0,0,0,0,0,0,0,0,0,0,0,0,1,0,0.0,0,0,0,0.0,6400.0,0,1.0,62.5,43.720757,18.77924346923828
male,White,not Hispanic or Latino,170.0,90.0,3,0.0,0.0,0.0,0.0,0.0,0.0,0.0,0.0,0.0,0.0,0.0,0.0,0.0,0.0,0.0,0.0,0.0,0.0,A/G,C/T,0,0,*1/*1,A/G,G/T,C/T,C/G,G/G,C/T,A/C,8.0,0,0,AG,0,1,0,0,0,0,0,0,0,0,0,0,0,0,0,0,0,0,0,0,0,0,0,0,0,0,0,0,0,0,0,0,0,0,0,0,0,0,0,0,0,0,0,0,0.0,0,0,0,0.0,8100.0,0,0.0,49.0,29.74249,19.257509231567383
male,White,not Hispanic or Latino,189.99,65.0,1,0.0,0.0,0.0,0.0,0.0,0.0,0.0,0.0,0.0,0.0,0.0,0.0,0.0,0.0,0.0,0.0,0.0,1.0,A/G,C/T,0,0,*1/*1,A/G,0,C/T,0,0,0,0,5.0,0,0,AG,0,0,0,0,0,0,0,0,0,0,0,0,0,0,0,0,0,0,0,0,0,0,0,0,0,0,0,0,0,0,0,0,0,0,0,0,0,0,0,0,0,0,0,0,0.0,0,0,0,0.0,4225.0,0,0.0,52.5,38.349815,14.150184631347656
female,White,not Hispanic or Latino,181.99,83.0,3,1.0,0.0,0.0,0.0,0.0,0.0,0.0,0.0,0.0,0.0,0.0,0.0,0.0,0.0,0.0,0.0,0.0,0.0,A/A,T/T,0,0,*1/*2,A/A,0,T/T,0,0,0,0,6.0,1,1,AA,0,1,0,0,0,0,0,0,0,0,0,0,0,0,0,0,0,0,0,0,0,0,0,0,0,0,0,0,0,1,0,0,0,0,0,0,0,0,0,0,0,0,0,0,0.0,0,0,0,83.0,6889.0,0,0.0,35.0,21.95737,13.04262924194336
female,White,not Hispanic or Latino,165.0,103.5,1; 2,0.0,0.0,0.0,0.0,1.0,0.0,0.0,0.0,0.0,0.0,0.0,0.0,0.0,0.0,0.0,0.0,0.0,0.0,G/G,C/C,0,0,*1/*2,G/G,0,C/C,0,0,0,0,7.0,1,1,GG,0,0,0,0,0,0,0,0,0,0,0,0,0,0,0,0,0,0,0,0,0,0,0,0,0,0,0,0,1,0,0,0,0,0,0,0,0,0,0,0,0,0,0,0,0.0,0,0,0,103.5,10712.25,1,1.0,87.5,36.178326,51.32167434692383
female,White,not Hispanic or Latino,165.99,92.5,2,0.0,0.0,1.0,0.0,0.0,0.0,0.0,0.0,0.0,0.0,0.0,0.0,0.0,0.0,0.0,0.0,0.0,0.0,A/G,C/T,0,0,*1/*1,A/G,0,C/T,0,0,0,0,3.0,0,0,AG,0,0,0,0,0,0,0,0,0,0,0,0,0,0,0,0,0,0,0,0,0,0,0,0,0,0,0,0,0,0,0,0,0,0,0,0,0,0,0,0,0,0,0,0,0.0,0,0,0,0.0,8556.25,1,0.0,63.0,44.837204,18.162796020507812
female,White,not Hispanic or Latino,162.0,70.0,1; 2,1.0,0.0,0.0,1.0,0.0,0.0,0.0,0.0,0.0,0.0,0.0,0.0,0.0,0.0,0.0,0.0,0.0,0.0,A/G,C/T,0,0,*1/*1,A/G,0,C/T,0,0,0,0,7.0,0,0,AG,0,1,1,0,0,0,0,0,0,0,0,0,0,0,0,0,0,0,0,0,0,0,0,0,0,0,0,0,1,0,0,0,0,0,0,0,0,0,0,0,0,0,0,0,0.0,0,0,0,0.0,4900.0,0,2.0,24.5,49.08948,24.589481353759766
male,White,not Hispanic or Latino,165.0,52.0,1; 2,1.0,0.0,0.0,0.0,0.0,0.0,0.0,0.0,0.0,0.0,0.0,0.0,0.0,0.0,0.0,0.0,0.0,0.0,G/G,C/C,0,0,*1/*1,G/G,0,C/C,0,0,0,0,8.0,0,0,GG,0,0,0,0,0,0,0,0,0,0,0,0,0,0,0,0,0,0,0,0,0,0,0,0,0,0,0,0,1,0,0,0,0,0,0,0,0,0,0,0,0,0,1,0,0.0,0,0,0,0.0,2704.0,0,0.0,17.5,44.794064,27.294063568115234
female,White,not Hispanic or Latino,159.99,80.0,3,0.0,0.0,0.0,0.0,0.0,0.0,0.0,1.0,0.0,0.0,1.0,0.0,1.0,0.0,0.0,0.0,0.0,1.0,0,0,0,0,*1/*1,0,0,0,0,0,0,0,5.0,0,0,GG,1,0,0,0,0,0,0,0,0,0,0,0,0,0,0,0,0,0,0,0,0,0,0,0,0,0,0,0,1,1,0,0,0,0,0,0,0,0,0,0,0,0,0,0,80.0,0,0,0,0.0,6400.0,0,83.0,70.0,34.646614,35.35338592529297
male,White,not Hispanic or Latino,176.99,86.0,1,1.0,0.0,0.0,1.0,0.0,0.0,0.0,0.0,0.0,0.0,0.0,0.0,0.0,0.0,0.0,0.0,0.0,0.0,A/G,C/T,0,0,*1/*1,A/G,0,C/T,0,0,0,0,6.0,0,0,AG,0,1,1,0,0,0,0,0,0,0,0,0,0,0,0,0,0,0,0,0,0,0,0,0,0,0,0,0,1,0,0,0,0,0,0,0,0,0,0,0,0,0,0,0,0.0,0,0,0,0.0,7396.0,0,2.0,22.5,36.07283,13.572830200195312
male,White,not Hispanic or Latino,184.0,57.0,8,0.0,0.0,0.0,0.0,0.0,0.0,0.0,0.0,0.0,0.0,0.0,0.0,0.0,0.0,0.0,0.0,0.0,1.0,A/G,C/T,0,0,*1/*2,A/G,0,C/T,0,0,0,0,2.0,1,1,AG,0,0,0,0,0,0,0,0,0,0,0,0,0,0,0,0,0,0,0,0,0,0,0,0,0,0,0,0,0,0,0,0,0,0,0,0,0,0,0,0,0,0,0,0,0.0,0,0,0,57.0,3249.0,0,0.0,24.5,38.90048,14.40047836303711
female,White,not Hispanic or Latino,157.99,70.0,2,1.0,0.0,0.0,0.0,0.0,0.0,0.0,0.0,0.0,0.0,0.0,0.0,0.0,0.0,0.0,0.0,0.0,0.0,A/G,C/T,0,0,*1/*2,A/G,0,C/T,0,0,0,0,8.0,1,1,AG,0,0,0,0,0,0,0,0,0,0,0,0,0,0,0,0,0,0,0,0,0,0,0,0,0,0,0,0,0,1,0,0,0,0,0,0,0,0,0,0,0,0,0,0,0.0,0,0,0,70.0,4900.0,0,0.0,49.0,24.463028,24.536972045898438
female,White,not Hispanic or Latino,153.92,60.0,2,1.0,0.0,0.0,1.0,0.0,0.0,0.0,0.0,0.0,0.0,0.0,0.0,0.0,0.0,0.0,0.0,0.0,0.0,0,0,0,0,*1/*1,0,0,0,0,0,0,0,3.0,0,0,GG,0,0,1,0,0,0,0,0,0,0,0,0,0,0,0,0,0,0,0,0,0,0,0,0,0,0,0,0,0,0,0,0,0,0,0,0,0,0,0,0,0,0,0,0,0.0,0,0,0,0.0,3600.0,0,2.0,28.0,40.82672,12.82672119140625
female,White,not Hispanic or Latino,160.02,83.0,2,0.0,0.0,0.0,0.0,0.0,0.0,0.0,0.0,0.0,0.0,0.0,0.0,0.0,0.0,0.0,0.0,0.0,0.0,0,0,0,0,*1/*2,0,0,0,0,0,0,0,3.0,1,1,GG,0,0,0,0,0,0,0,0,0,0,0,0,0,0,0,0,0,0,0,0,0,0,0,0,0,0,0,0,0,0,0,0,0,0,0,0,0,0,0,0,0,0,0,0,0.0,0,0,0,83.0,6889.0,0,0.0,77.0,38.635056,38.36494445800781
male,White,not Hispanic or Latino,0.0,119.0,0,0.0,0.0,0.0,0.0,0.0,0.0,0.0,0.0,0.0,0.0,1.0,0.0,0.0,0.0,0.0,0.0,0.0,0.0,0,C/T,0,0,*1/*1,0,0,C/T,0,0,0,0,7.0,0,0,GG,0,0,0,0,0,0,0,0,0,0,0,0,0,0,0,0,0,0,0,0,0,0,0,0,0,0,0,0,0,0,0,0,0,0,0,0,0,0,0,0,0,0,0,0,0.0,0,0,0,0.0,14161.0,1,1.0,22.5,35.762386,13.262386322021484
male,White,not Hispanic or Latino,0.0,66.5,0,0.0,0.0,0.0,0.0,0.0,0.0,0.0,0.0,0.0,0.0,0.0,0.0,0.0,0.0,0.0,0.0,0.0,0.0,0,C/C,0,0,*1/*1,0,0,C/C,0,0,0,0,8.0,0,0,GG,0,0,0,0,0,0,0,0,0,0,0,0,0,0,0,0,0,0,0,0,0,0,0,0,0,0,0,0,0,0,0,0,0,0,0,0,0,0,0,0,0,0,0,0,0.0,0,0,0,0.0,4422.25,0,0.0,10.5,32.846382,22.34638214111328
male,White,not Hispanic or Latino,0.0,54.0,0,0.0,0.0,0.0,0.0,0.0,0.0,0.0,0.0,0.0,0.0,0.0,0.0,0.0,0.0,0.0,0.0,0.0,0.0,0,C/C,0,0,*1/*2,0,0,C/C,0,0,0,0,5.0,1,1,GG,0,0,0,0,0,0,0,0,0,0,0,0,0,0,0,0,0,0,0,0,0,0,0,0,0,0,0,0,0,0,0,0,0,0,0,0,0,0,0,0,0,0,0,0,0.0,0,0,0,54.0,2916.0,0,0.0,17.5,35.99661,18.49660873413086
male,White,not Hispanic or Latino,0.0,78.0,0,0.0,0.0,0.0,0.0,0.0,0.0,0.0,0.0,0.0,0.0,0.0,0.0,0.0,0.0,0.0,0.0,0.0,0.0,0,C/T,0,0,*1/*1,0,0,C/T,0,0,0,0,4.0,0,0,GG,0,0,0,0,0,0,0,0,0,0,0,0,0,0,0,0,0,0,0,0,0,0,0,0,0,0,0,0,0,0,0,0,0,0,0,0,0,0,0,0,0,0,0,0,0.0,0,0,0,0.0,6084.0,0,0.0,77.0,41.9833,35.016700744628906
male,White,not Hispanic or Latino,0.0,71.0,0,0.0,0.0,0.0,0.0,0.0,0.0,0.0,0.0,0.0,0.0,0.0,0.0,0.0,0.0,0.0,0.0,0.0,1.0,0,C/T,0,0,*1/*1,0,0,C/T,0,0,0,0,6.0,0,0,GG,0,0,0,0,0,0,0,0,0,0,0,0,0,0,0,0,0,0,0,0,0,0,0,0,0,0,0,0,0,0,0,0,0,0,0,0,0,0,0,0,0,0,0,0,0.0,0,0,0,0.0,5041.0,0,0.0,67.5,35.888557,31.61144256591797
female,White,not Hispanic or Latino,0.0,79.0,0,0.0,0.0,0.0,0.0,0.0,0.0,0.0,0.0,0.0,0.0,0.0,0.0,0.0,0.0,0.0,0.0,0.0,0.0,0,T/T,0,0,*1/*1,0,0,T/T,0,0,0,0,5.0,0,0,GG,0,0,0,0,0,0,0,0,0,0,0,0,0,0,0,0,0,0,0,0,0,0,0,0,0,0,0,0,0,0,0,0,0,0,0,0,0,0,0,0,0,0,0,0,0.0,0,0,0,0.0,6241.0,0,0.0,17.5,32.902,15.402000427246094
male,White,not Hispanic or Latino,0.0,63.0,0,0.0,0.0,0.0,0.0,0.0,0.0,0.0,0.0,0.0,0.0,0.0,0.0,0.0,0.0,0.0,0.0,0.0,1.0,0,0,0,0,*1/*2,0,0,0,0,0,0,0,4.0,1,1,GG,0,0,0,0,0,0,0,0,0,0,0,0,0,0,0,0,0,0,0,0,0,0,0,0,0,0,0,0,0,0,0,0,0,0,0,0,0,0,0,0,0,0,0,0,0.0,0,0,0,63.0,3969.0,0,0.0,17.5,36.268024,18.768024444580078
female,Black or African American,not Hispanic or Latino,162.56,74.5,1; 2,0.0,0.0,1.0,1.0,0.0,0.0,0.0,0.0,0.0,0.0,0.0,0.0,0.0,0.0,0.0,0.0,0.0,0.0,G/G,C/C,G/G,A/G,*1/*1,G/G,T/T,C/C,G/G,A/G,C/C,C/C,4.0,0,0,GG,0,0,0,0,0,0,0,0,0,0,0,0,0,0,0,0,0,0,0,0,0,1,0,0,0,0,0,0,0,0,0,0,0,0,0,0,0,0,0,0,0,0,0,0,0.0,0,0,0,0.0,5550.25,0,1.0,21.0,58.84338,37.843379974365234
male,White,not Hispanic or Latino,182.88,65.7,1,0.0,0.0,0.0,0.0,0.0,0.0,0.0,0.0,0.0,0.0,0.0,1.0,0.0,0.0,0.0,0.0,0.0,1.0,G/G,C/C,G/G,A/G,*1/*1,G/G,T/T,C/C,G/G,A/G,C/C,A/A,2.0,0,0,GG,0,0,0,0,0,0,0,0,0,0,0,0,0,0,0,0,0,0,0,0,0,0,0,0,0,0,0,0,0,0,0,0,0,0,0,0,0,1,0,0,0,0,0,0,0.0,0,0,0,0.0,4316.490000000001,0,0.0,52.5,73.82727,21.3272705078125
male,Black or African American,not Hispanic or Latino,172.72,81.0,1,0.0,0.0,0.0,1.0,0.0,0.0,0.0,0.0,0.0,0.0,0.0,0.0,0.0,0.0,0.0,0.0,0.0,1.0,G/G,C/C,G/G,A/G,*1/*1,G/G,T/T,C/C,G/G,A/G,C/C,0,4.0,0,0,GG,0,1,0,0,0,0,0,0,0,0,0,0,0,0,0,0,0,0,0,0,0,1,0,0,0,0,0,0,1,0,0,0,0,0,0,0,0,0,0,0,0,0,0,0,0.0,0,0,0,0.0,6561.0,0,1.0,42.0,57.823334,15.823333740234375
male,White,not Hispanic or Latino,170.18,95.7,2,0.0,0.0,0.0,1.0,0.0,0.0,0.0,0.0,0.0,0.0,1.0,0.0,0.0,0.0,0.0,0.0,0.0,1.0,G/G,C/C,G/G,A/A,*1/*1,G/G,T/T,C/C,G/G,A/A,C/C,A/A,5.0,0,0,GG,1,1,0,1,0,0,0,0,0,0,1,0,0,0,0,0,0,0,0,0,0,1,0,0,0,0,0,0,1,0,0,0,0,0,0,0,0,0,0,0,0,0,0,0,95.7,0,0,0,0.0,9158.49,1,98.7,28.0,55.559795,27.559795379638672
male,White,not Hispanic or Latino,185.42,158.0,3,0.0,0.0,0.0,0.0,0.0,0.0,0.0,0.0,0.0,0.0,0.0,0.0,0.0,0.0,0.0,0.0,0.0,0.0,A/G,C/T,C/G,A/G,*1/*2,A/G,G/T,C/T,C/G,A/G,C/T,C/C,5.0,1,1,AG,0,0,0,0,0,0,0,0,0,0,0,0,0,0,0,0,0,0,0,0,0,0,0,0,0,0,0,0,1,1,0,0,0,0,0,0,0,0,0,0,0,0,0,0,0.0,0,0,0,158.0,24964.0,1,0.0,28.0,43.01444,15.01443862915039
male,White,not Hispanic or Latino,177.8,122.0,3,0.0,0.0,0.0,0.0,0.0,0.0,0.0,0.0,0.0,0.0,0.0,0.0,0.0,0.0,0.0,0.0,0.0,1.0,A/A,T/T,C/C,G/G,*1/*2,A/A,G/G,T/T,C/C,G/G,T/T,C/C,6.0,1,1,AA,0,0,0,0,0,0,0,0,0,0,0,0,0,0,0,0,0,0,0,0,0,0,0,0,0,0,0,0,1,1,0,0,0,0,0,0,0,0,0,0,0,0,0,0,0.0,0,0,0,122.0,14884.0,1,0.0,14.0,29.976038,15.976037979125977
female,White,not Hispanic or Latino,177.8,63.1,1,0.0,0.0,0.0,0.0,0.0,0.0,0.0,0.0,0.0,0.0,0.0,0.0,0.0,0.0,0.0,0.0,1.0,1.0,A/G,C/T,C/G,A/G,*1/*2,A/G,T/T,C/T,C/G,A/G,C/T,C/C,2.0,1,1,AG,0,0,0,1,1,0,0,0,0,0,0,0,0,0,0,0,0,0,0,0,0,0,0,0,0,0,0,0,0,0,0,0,0,0,0,0,0,1,0,0,0,0,0,0,0.0,0,0,0,63.1,3981.61,0,0.0,21.0,44.909176,23.909175872802734
female,White,not Hispanic or Latino,167.64,109.0,3,0.0,0.0,0.0,0.0,0.0,0.0,1.0,0.0,0.0,0.0,1.0,0.0,0.0,0.0,0.0,0.0,0.0,1.0,A/G,C/T,C/G,G/G,*1/*1,A/G,G/T,C/T,C/G,G/G,C/T,A/C,5.0,0,0,AG,1,0,0,0,0,0,0,0,0,0,0,0,0,0,0,0,0,0,0,0,0,0,0,0,0,1,0,0,0,0,0,0,0,0,0,0,0,0,0,0,0,0,0,0,109.0,0,0,0,0.0,11881.0,1,113.0,18.2,33.01467,14.814671325683594
male,Unknown,Unknown,184.91,74.0,3,0.0,0.0,0.0,0.0,0.0,0.0,0.0,0.0,0.0,0.0,0.0,0.0,0.0,0.0,0.0,0.0,0.0,0.0,G/G,0,0,0,*1/*2,G/G,0,0,0,0,0,0,4.0,1,1,GG,0,0,0,0,0,0,0,0,0,0,0,0,0,0,0,0,0,0,0,0,0,0,0,0,0,0,0,0,0,0,0,0,0,0,0,0,0,0,0,0,0,0,0,0,0.0,0,0,0,74.0,5476.0,0,0.0,72.5,37.790237,34.70976257324219
female,Unknown,Unknown,165.1,56.0,4,0.0,1.0,0.0,0.0,0.0,0.0,0.0,0.0,0.0,0.0,0.0,0.0,0.0,0.0,0.0,0.0,0.0,0.0,A/G,0,0,0,*1/*1,A/G,0,0,0,0,0,0,6.0,0,0,AG,0,0,0,0,0,0,0,0,0,0,0,0,0,0,0,0,0,0,0,0,0,0,0,0,0,0,0,0,0,0,0,0,0,0,0,0,0,0,0,0,0,0,0,0,0.0,0,0,0,0.0,3136.0,0,0.0,45.0,28.199415,16.80058479309082
female,Asian,not Hispanic or Latino,0.0,48.0,4,0.0,0.0,0.0,0.0,0.0,0.0,0.0,0.0,0.0,0.0,0.0,0.0,0.0,0.0,0.0,0.0,0.0,0.0,0,C/T,C/G,A/G,*1/*3,0,0,C/T,C/G,A/G,C/T,0,6.0,2,2,GG,0,0,0,0,0,0,0,0,0,0,0,0,0,0,0,0,0,0,0,0,0,0,0,0,0,0,0,0,0,0,0,0,0,0,0,0,0,0,0,0,0,0,0,0,0.0,0,0,0,96.0,2304.0,0,0.0,38.5,20.321747,18.178253173828125
female,Asian,not Hispanic or Latino,0.0,45.0,4,0.0,0.0,0.0,0.0,0.0,0.0,0.0,0.0,0.0,0.0,0.0,0.0,0.0,0.0,0.0,0.0,0.0,0.0,0,T/T,C/G,A/G,*1/*1,0,0,T/T,C/G,A/G,C/T,0,3.0,0,0,GG,0,0,0,0,0,0,0,0,0,0,0,0,0,0,0,0,0,0,0,0,0,0,0,0,0,0,0,0,0,0,0,0,0,0,0,0,0,0,0,0,0,0,0,0,0.0,0,0,0,0.0,2025.0,0,0.0,49.0,31.847198,17.152801513671875
male,Asian,not Hispanic or Latino,0.0,63.0,1 or 2,0.0,0.0,0.0,0.0,0.0,0.0,0.0,0.0,0.0,0.0,0.0,0.0,0.0,0.0,0.0,0.0,0.0,0.0,0,C/T,C/G,A/G,*1/*1,0,0,C/T,C/G,A/G,C/T,0,5.0,0,0,GG,0,0,0,0,0,0,0,0,0,0,0,0,0,0,0,0,0,0,0,0,0,0,0,0,0,0,0,0,0,0,0,0,0,0,0,0,0,0,0,0,0,0,0,0,0.0,0,0,0,0.0,3969.0,0,0.0,17.5,31.742218,14.242218017578125
male,Asian,not Hispanic or Latino,0.0,60.4,1 or 2,0.0,0.0,0.0,0.0,0.0,0.0,0.0,0.0,0.0,0.0,0.0,0.0,0.0,0.0,0.0,0.0,0.0,0.0,0,T/T,C/C,G/G,*1/*1,A/A,T/T,T/T,C/C,G/G,T/T,C/C,5.0,0,0,GG,0,0,0,0,0,0,0,0,0,0,0,0,0,0,0,0,0,0,0,0,0,0,0,0,0,0,0,0,0,0,0,0,0,0,0,0,0,0,0,0,0,0,0,0,0.0,0,0,0,0.0,3648.16,0,0.0,42.0,20.4189,21.581100463867188
male,Asian,not Hispanic or Latino,0.0,76.2,1 or 2,0.0,0.0,0.0,0.0,0.0,0.0,0.0,0.0,0.0,0.0,0.0,0.0,0.0,0.0,0.0,0.0,0.0,0.0,0,C/T,C/G,A/G,*1/*1,0,0,C/T,C/G,A/G,C/T,0,8.0,0,0,GG,0,0,0,0,0,0,0,0,0,0,0,0,0,0,0,0,0,0,0,0,0,0,0,0,0,0,0,0,0,0,0,0,0,0,0,0,0,0,0,0,0,0,0,0,0.0,0,0,0,0.0,5806.4400000000005,0,0.0,14.0,27.788591,13.788591384887695
male,Asian,not Hispanic or Latino,0.0,46.8,8,0.0,0.0,0.0,0.0,0.0,0.0,0.0,0.0,0.0,0.0,0.0,0.0,0.0,0.0,0.0,0.0,0.0,0.0,0,C/C,G/G,A/A,*1/*1,0,0,C/C,G/G,A/A,C/C,0,7.0,0,0,GG,0,0,0,0,0,0,0,0,0,0,0,0,0,0,0,0,0,0,0,0,0,0,0,0,0,0,0,0,0,0,0,0,0,0,0,0,0,0,0,0,0,0,0,0,0.0,0,0,0,0.0,2190.24,0,0.0,17.5,32.047653,14.547653198242188
female,Asian,not Hispanic or Latino,0.0,56.4,1 or 2,0.0,0.0,0.0,0.0,0.0,0.0,0.0,0.0,0.0,0.0,0.0,0.0,0.0,0.0,0.0,0.0,0.0,0.0,0,C/T,C/G,A/G,0,0,0,C/T,C/G,A/G,C/T,0,3.0,0,0,GG,0,0,0,0,0,0,0,0,0,0,0,0,0,0,0,0,0,0,0,0,0,0,0,0,0,0,0,0,0,0,0,0,0,0,0,0,0,0,0,0,0,0,0,0,0.0,0,0,0,0.0,3180.96,0,0.0,34.02,47.069103,13.049103240966794
female,Asian,not Hispanic or Latino,0.0,55.8,3,0.0,0.0,0.0,0.0,0.0,0.0,0.0,0.0,0.0,0.0,0.0,0.0,0.0,0.0,0.0,0.0,0.0,0.0,0,T/T,C/C,G/G,0,0,0,T/T,C/C,G/G,T/T,0,4.0,0,0,GG,0,0,0,0,0,0,0,0,0,0,0,0,0,0,0,0,0,0,0,0,0,0,0,0,0,0,0,0,0,0,0,0,0,0,0,0,0,0,0,0,0,0,0,0,0.0,0,0,0,0.0,3113.64,0,0.0,45.5,23.813852,21.686147689819336
male,White,Unknown,0.0,0.0,3,0.0,0.0,0.0,0.0,0.0,0.0,0.0,0.0,0.0,0.0,0.0,0.0,0.0,0.0,0.0,0.0,0.0,0.0,A/G,0,0,A/G,*1/*1,A/G,0,0,0,A/G,C/T,0,7.0,0,0,AG,1,1,1,0,0,0,0,0,0,0,0,0,0,0,0,0,0,0,0,0,0,0,0,0,0,0,0,0,0,0,0,0,0,0,0,0,0,0,0,0,0,0,0,0,0.0,0,0,0,0.0,0.0,0,2.0,7.0,24.832153,17.8321533203125
female,White,Unknown,172.01,127.0,2,0.0,0.0,0.0,0.0,0.0,0.0,0.0,0.0,0.0,0.0,0.0,0.0,0.0,0.0,0.0,0.0,0.0,0.0,A/G,0,0,G/G,*1/*1,A/G,0,0,0,G/G,C/T,0,5.0,0,0,AG,1,1,1,0,0,0,0,0,0,0,0,0,0,0,0,0,0,0,0,0,0,0,0,0,0,0,0,0,0,0,0,0,0,0,0,0,0,0,0,0,0,0,0,0,127.0,0,0,0,0.0,16129.0,1,129.0,21.0,39.196373,18.196372985839844
male,White,Unknown,180.01,91.0,2,0.0,0.0,0.0,0.0,0.0,0.0,0.0,0.0,0.0,0.0,0.0,0.0,0.0,0.0,0.0,0.0,0.0,0.0,G/G,0,0,A/A,*1/*1,G/G,T/T,C/C,G/G,A/A,C/C,A/C,4.0,0,0,GG,1,1,1,0,0,0,0,0,0,0,0,0,0,0,0,0,0,0,0,0,0,0,0,0,0,0,0,0,0,0,0,0,0,0,0,0,0,0,0,0,0,0,0,0,91.0,0,0,0,0.0,8281.0,1,93.0,87.5,48.505093,38.99490737915039
male,White,Unknown,167.0,87.0,3,0.0,0.0,0.0,0.0,0.0,0.0,0.0,0.0,0.0,0.0,0.0,0.0,0.0,0.0,0.0,0.0,0.0,0.0,G/G,0,0,A/A,*1/*1,G/G,0,0,0,A/A,C/C,0,5.0,0,0,GG,1,1,1,0,0,0,0,0,0,0,0,0,0,0,0,0,0,0,0,0,0,0,0,0,0,0,0,0,0,0,0,0,0,0,0,0,0,0,0,0,0,0,0,0,87.0,0,0,0,0.0,7569.0,0,89.0,21.0,38.77795,17.777950286865234
male,White,Unknown,167.0,103.0,0,0.0,0.0,0.0,1.0,0.0,0.0,0.0,0.0,0.0,0.0,0.0,0.0,0.0,0.0,0.0,0.0,0.0,0.0,G/G,0,0,G/G,*1/*1,G/G,0,0,0,G/G,C/C,0,7.0,0,0,GG,1,1,1,0,0,0,0,0,0,0,0,0,0,0,0,0,0,0,0,0,0,0,0,0,0,0,0,0,0,0,0,0,0,0,0,0,0,0,0,0,0,0,0,0,103.0,0,0,0,0.0,10609.0,1,106.0,46.97,32.854202,14.115797729492186
male,Black or African American,not Hispanic or Latino,187.96,145.0,3,0.0,0.0,0.0,0.0,1.0,0.0,0.0,0.0,0.0,0.0,0.0,0.0,0.0,0.0,0.0,0.0,0.0,0.0,0,C/C,G/G,G/G,*1/*1,0,T/T,C/C,G/G,G/G,C/C,0,4.0,0,0,GG,0,1,0,0,0,0,0,0,0,0,0,0,0,0,0,0,0,0,0,0,0,0,0,0,0,0,0,0,0,0,0,0,0,0,0,0,0,0,0,0,0,0,0,0,0.0,0,0,0,0.0,21025.0,1,1.0,44.63,63.101,18.47100173950195
female,White,Unknown,162.56,90.6,3,0.0,0.0,0.0,0.0,0.0,0.0,0.0,0.0,0.0,0.0,0.0,0.0,0.0,0.0,0.0,0.0,0.0,0.0,G/G,C/C,G/G,A/A,*1/*2,G/G,T/T,C/C,G/G,A/A,C/C,0,7.0,1,1,GG,0,0,0,0,0,0,0,0,0,0,0,0,1,0,0,0,0,0,0,0,0,0,0,0,0,0,0,0,0,0,0,0,0,0,0,0,0,0,0,0,0,0,0,0,0.0,0,0,0,90.6,8208.359999999999,1,0.0,55.65,31.639202,24.010797882080077
female,White,Unknown,157.48,71.0,4,0.0,1.0,0.0,0.0,0.0,0.0,0.0,0.0,0.0,0.0,0.0,0.0,0.0,0.0,0.0,0.0,0.0,0.0,0,C/C,G/G,A/G,*1/*2,0,T/T,C/C,G/G,A/G,C/C,0,8.0,1,1,GG,0,0,0,0,0,0,0,0,0,0,0,0,0,0,0,0,0,0,0,0,0,0,0,0,0,0,0,0,0,0,0,0,0,0,0,0,0,0,0,0,0,0,0,0,0.0,0,0,0,71.0,5041.0,0,0.0,47.68,30.849487,16.8305126953125
female,White,Unknown,165.1,63.3,1,0.0,0.0,0.0,0.0,0.0,0.0,0.0,0.0,0.0,0.0,0.0,0.0,0.0,0.0,0.0,0.0,0.0,0.0,0,C/T,C/G,A/G,*1/*1,0,G/T,C/T,C/G,A/G,C/T,0,5.0,0,0,GG,0,1,0,0,0,0,0,0,0,0,0,0,0,0,0,0,0,0,0,0,0,0,0,0,0,0,0,0,0,0,0,0,0,0,0,0,0,0,0,0,0,0,0,0,0.0,0,0,0,0.0,4006.8899999999994,0,0.0,63.17,36.685253,26.484746856689455
male,White,not Hispanic or Latino,162.56,79.6,0,0.0,0.0,0.0,0.0,0.0,0.0,0.0,0.0,0.0,0.0,0.0,0.0,0.0,0.0,0.0,0.0,0.0,0.0,0,C/T,0,0,*1/*2,0,0,C/T,0,0,0,0,4.0,1,1,GG,0,1,0,0,0,0,0,0,0,0,0,0,0,0,0,0,0,0,1,0,0,0,0,0,0,0,0,0,0,0,0,0,0,0,0,0,0,0,0,0,0,0,0,0,0.0,0,0,0,79.6,6336.159999999999,0,0.0,49.98,35.677032,14.302967529296872
female,White,not Hispanic or Latino,167.64,78.2,3,0.0,0.0,0.0,0.0,0.0,0.0,0.0,0.0,0.0,0.0,0.0,0.0,0.0,0.0,0.0,1.0,0.0,0.0,0,C/C,0,0,0,G/G,T/T,C/C,G/G,G/G,C/C,A/A,7.0,1,0,GG,0,0,0,0,0,0,0,0,0,0,0,0,0,0,0,0,0,0,0,0,0,0,0,0,0,0,0,0,1,0,0,0,0,0,0,0,0,0,0,0,0,0,0,0,0.0,0,0,0,78.2,6115.240000000001,0,0.0,20.02,34.517094,14.497093658447266
male,White,not Hispanic or Latino,182.88,83.2,3; 8,0.0,0.0,0.0,1.0,0.0,0.0,0.0,0.0,0.0,0.0,1.0,0.0,0.0,0.0,0.0,0.0,0.0,0.0,0,C/T,0,0,*1/*1,0,0,C/T,0,0,0,0,7.0,0,0,GG,1,1,0,0,0,0,0,0,0,0,0,0,0,0,0,0,0,0,1,0,0,0,0,0,0,0,0,0,1,1,0,0,0,0,0,0,0,0,0,0,0,0,0,0,83.2,0,0,0,0.0,6922.240000000001,0,86.2,17.5,30.624252,13.124252319335938
female,Black or African American,not Hispanic or Latino,162.56,81.8,8,0.0,0.0,0.0,0.0,0.0,0.0,0.0,0.0,0.0,0.0,0.0,0.0,0.0,0.0,0.0,0.0,0.0,0.0,0,C/T,0,0,*1/*1,A/G,T/T,C/T,C/G,G/G,T/T,C/C,3.0,0,0,GG,0,0,0,0,0,0,0,0,0,0,0,0,0,0,0,0,0,0,0,0,0,0,0,0,0,0,0,0,1,0,0,0,0,0,0,0,0,0,0,0,0,0,0,0,0.0,0,0,0,0.0,6691.24,0,0.0,21.0,39.13276,18.13275909423828
male,Black or African American,not Hispanic or Latino,180.34,102.3,3; 8,1.0,0.0,0.0,0.0,0.0,0.0,0.0,1.0,0.0,0.0,0.0,0.0,0.0,0.0,0.0,0.0,0.0,0.0,0,C/C,0,0,*1/*3,0,0,C/C,0,0,0,0,5.0,2,2,GG,0,1,0,0,0,0,0,0,0,0,0,0,0,0,0,0,0,0,1,0,0,0,0,0,0,0,0,0,1,1,0,0,0,0,0,0,0,0,0,0,0,0,0,0,0.0,0,0,0,204.6,10465.289999999999,1,1.0,45.01,28.396786,16.613214263916014
female,White,not Hispanic or Latino,162.56,92.7,8,1.0,0.0,0.0,0.0,0.0,0.0,0.0,0.0,0.0,0.0,0.0,0.0,0.0,0.0,0.0,0.0,0.0,1.0,0,C/T,0,0,*1/*1,0,0,C/T,0,0,0,0,4.0,0,0,GG,0,0,0,0,0,0,0,0,0,0,0,0,0,0,0,0,0,0,0,0,0,0,0,0,0,0,0,0,0,0,0,0,0,0,0,0,0,0,0,0,0,0,0,0,0.0,0,0,0,0.0,8593.29,1,0.0,27.51,43.424324,15.91432403564453
female,White,not Hispanic or Latino,154.94,137.3,8,0.0,0.0,0.0,0.0,0.0,0.0,0.0,0.0,0.0,0.0,0.0,0.0,0.0,0.0,0.0,0.0,0.0,0.0,0,C/C,0,0,*1/*1,0,0,C/C,0,0,0,0,4.0,0,0,GG,0,0,0,0,0,0,0,0,0,0,0,0,0,0,0,0,0,0,0,0,0,0,0,0,0,0,0,0,0,1,0,0,0,0,0,0,0,0,0,0,0,0,0,0,0.0,0,0,0,0.0,18851.290000000005,1,0.0,37.52,55.135166,17.615166168212887
female,Black or African American,not Hispanic or Latino,165.1,95.5,0,0.0,0.0,0.0,1.0,0.0,0.0,0.0,0.0,0.0,0.0,0.0,0.0,0.0,0.0,0.0,0.0,0.0,0.0,0,C/T,0,0,*1/*3,0,0,C/T,0,0,0,0,4.0,2,2,GG,0,0,0,0,0,0,0,0,0,0,0,0,0,0,0,0,0,0,0,0,0,0,0,0,0,0,0,0,0,0,0,0,0,0,0,0,0,0,0,0,0,0,0,0,0.0,0,0,0,191.0,9120.25,1,1.0,45.01,28.150318,16.859681854248045
female,White,not Hispanic or Latino,175.26,50.0,0,0.0,0.0,0.0,0.0,0.0,0.0,0.0,0.0,0.0,0.0,0.0,0.0,0.0,0.0,0.0,0.0,0.0,0.0,0,C/T,0,0,*1/*1,A/G,G/T,C/T,C/G,A/G,C/T,C/C,2.0,0,0,GG,0,0,0,0,0,0,0,0,0,0,0,0,0,0,0,0,0,0,0,0,0,0,0,0,0,0,0,0,0,0,0,0,0,0,0,0,0,0,0,0,0,0,0,0,0.0,0,0,0,0.0,2500.0,0,0.0,27.51,41.407467,13.897466888427733
male,Black or African American,not Hispanic or Latino,177.8,84.1,8,1.0,0.0,0.0,0.0,0.0,0.0,0.0,0.0,0.0,0.0,0.0,0.0,0.0,0.0,0.0,0.0,0.0,0.0,0,C/C,0,0,*1/*1,0,0,C/C,0,0,0,0,2.0,0,0,GG,0,0,0,0,0,0,0,0,0,0,0,0,0,0,0,0,0,0,0,0,0,0,0,0,0,0,0,0,0,0,0,0,0,0,0,0,0,0,0,0,0,0,0,0,0.0,0,0,0,0.0,7072.8099999999995,0,0.0,82.53,44.042187,38.487813262939454
female,Black or African American,not Hispanic or Latino,162.56,69.6,8,0.0,0.0,0.0,0.0,0.0,0.0,0.0,0.0,0.0,0.0,0.0,0.0,1.0,0.0,0.0,0.0,0.0,0.0,0,C/C,0,0,*1/*1,0,0,C/C,0,0,0,0,8.0,0,0,GG,0,0,0,0,0,0,0,0,0,0,0,0,0,0,0,0,0,0,0,0,0,0,0,0,0,0,0,0,1,1,0,0,0,0,0,0,0,0,0,0,0,0,0,0,0.0,0,0,0,0.0,4844.159999999999,0,0.0,45.01,30.716444,14.293555984497068
female,White,not Hispanic or Latino,172.72,84.1,3; 8,1.0,0.0,0.0,0.0,1.0,0.0,0.0,0.0,0.0,0.0,0.0,0.0,0.0,0.0,0.0,0.0,0.0,0.0,0,C/C,0,0,*1/*1,0,0,C/C,0,0,0,0,5.0,0,0,GG,0,1,0,0,0,0,0,0,0,0,0,0,0,0,0,0,0,0,1,0,0,0,0,0,0,0,0,0,0,0,0,0,0,0,0,0,0,0,0,0,0,0,0,0,0.0,0,0,0,0.0,7072.8099999999995,0,1.0,59.99,42.32422,17.665781250000002
male,White,not Hispanic or Latino,182.88,111.8,3; 8,1.0,0.0,0.0,0.0,0.0,1.0,0.0,0.0,0.0,0.0,0.0,0.0,0.0,0.0,0.0,0.0,0.0,0.0,0,C/C,0,0,*1/*2,0,0,C/C,0,0,0,0,7.0,1,1,GG,0,1,0,0,0,0,0,0,0,0,0,0,0,0,0,0,0,0,1,0,0,0,0,0,0,0,0,0,0,1,0,0,0,0,0,0,0,0,0,0,0,0,1,0,0.0,0,0,0,111.8,12499.24,1,1.0,49.98,34.56646,15.413540344238278
female,Black or African American,not Hispanic or Latino,177.8,177.3,8,1.0,0.0,0.0,0.0,0.0,0.0,0.0,0.0,0.0,0.0,0.0,0.0,0.0,0.0,0.0,0.0,0.0,1.0,0,C/C,0,0,*1/*1,0,0,C/C,0,0,0,0,5.0,0,0,GG,0,1,0,0,0,0,0,0,0,0,0,0,0,0,0,0,0,0,1,0,0,0,0,0,0,0,0,0,1,0,0,0,0,0,0,0,0,0,0,0,0,0,0,0,0.0,0,0,0,0.0,31435.290000000005,1,0.0,12.5,65.53337,53.03337097167969
