gender,race,ethnicity,height_cm,weight_kg,indication_for_warfarin_treatment,congestive_heart_failure_and_or_cardiomyopathy,valve_replacement,acetaminophen_or_paracetamol_tylenol,simvastatin_zocor,atorvastatin_lipitor,fluvastatin_lescol,lovastatin_mevacor,pravastatin_pravachol,rosuvastatin_crestor,cerivastatin_baycol,amiodarone_cordarone,carbamazepine_tegretol,phenytoin_dilantin,rifampin_or_rifampicin,sulfonamide_antibiotics,macrolide_antibiotics,antifungal_azoles,current_smoker,vkorc1_1639,vkorc1_1173,vkorc1_1542,vkorc1_3730,cyp2c9_consensus,vkorc1_-1639_consensus,vkorc1_497_consensus,vkorc1_1173_consensus,vkorc1_1542_consensus,vkorc1_3730_consensus,vkorc1_2255_consensus,vkorc1_-4451_consensus,age_decade,cyp2c9_clean,cyp2c9_score,vkorc1,amiodarone,aspirin,simvastatin,azole,fluconazole,metronidazole,erythromycin,verapamil,ciprofloxacin,clopidogrel,ibuprofen,heparin,fluoxetine,paroxetin,duloxetine,enoxaparin,alteplase,abciximab,dipyridamole,rifampin,carbamazepine,phenytoin,st.johns_wort,fluvastatin,atorvastatin,lovastatin,rosuvastatin,ezetimibe,hypertension,diabetes,heart_failure,stroke,atrial_fibrillation,deep_vein_thrombosis,pulmonary_embolism,liver_disease,cirrhosis,hepatitis,chronic_kidney_disease,renal_failure,anemia,bleeding_disorder,cancer,malignancy,vkorc1_missing,weight_amiodarone,cyp_amiodarone,weight_cyp,weight_squared,num_drugs,high_weight_flag,amiodarone_missing_vkorc1,y_true,y_pred,abs_error
male,White,not Hispanic or Latino,187.96,111.1,7,0.0,0.0,0.0,0.0,0.0,0.0,0.0,0.0,0.0,0.0,0.0,0.0,0.0,0.0,0.0,0.0,0.0,0.0,A/G,0,C/G,G/G,*1/*1,A/G,G/T,0,C/G,G/G,0,0,6.0,*1/*1,0,AG,0,0,0,0,0,0,0,0,0,0,0,0,0,0,0,0,0,0,0,0,0,0,0,0,0,0,0,0,0,0,0,0,0,0,0,0,0,0,0,0,0,0,1,0,0,0.0,0,0.0,12343.21,0.0,1,0,77.0,41.039684,35.9603157043457
male,White,not Hispanic or Latino,180.34,126.1,7,0.0,0.0,0.0,0.0,0.0,0.0,0.0,0.0,0.0,0.0,0.0,0.0,0.0,0.0,0.0,0.0,0.0,0.0,G/G,0,G/G,A/G,*1/*1,G/G,T/T,C/C,G/G,A/G,C/C,A/C,6.0,*1/*1,0,GG,0,0,0,0,0,0,0,0,0,0,0,0,0,0,0,0,0,0,0,0,0,0,0,0,0,0,0,0,0,0,0,0,0,0,0,0,0,0,0,0,0,0,1,0,0,0.0,0,0.0,15901.21,0.0,1,0,42.0,65.297424,23.29742431640625
male,White,not Hispanic or Latino,180.34,120.2,7,0.0,0.0,0.0,0.0,0.0,0.0,0.0,0.0,0.0,0.0,0.0,0.0,0.0,0.0,0.0,0.0,0.0,1.0,G/G,0,G/G,A/G,*1/*1,G/G,T/T,0,G/G,A/G,0,0,3.0,*1/*1,0,GG,0,0,0,0,0,0,0,0,0,0,0,0,0,0,0,0,0,0,0,0,0,0,0,0,0,0,0,0,0,0,0,0,0,0,0,0,0,0,0,0,0,0,1,0,0,0.0,0,0.0,14448.04,0.0,1,0,88.0,66.21691,21.78308868408203
female,White,not Hispanic or Latino,152.4,60.3,8,0.0,0.0,0.0,0.0,0.0,0.0,0.0,0.0,0.0,0.0,0.0,0.0,0.0,0.0,0.0,0.0,0.0,0.0,A/G,0,C/G,G/G,*1/*1,A/G,G/T,0,C/G,G/G,0,0,7.0,*1/*1,0,AG,0,0,0,0,0,0,0,0,0,0,0,0,0,0,0,0,0,0,0,0,0,0,0,0,0,0,0,0,0,0,0,0,0,0,0,0,0,0,0,0,0,0,0,0,0,0.0,0,0.0,3636.0899999999997,0.0,0,0,39.0,25.103636,13.896364212036133
male,White,not Hispanic or Latino,182.88,99.8,3,0.0,0.0,0.0,0.0,0.0,0.0,0.0,0.0,0.0,0.0,0.0,0.0,0.0,0.0,0.0,0.0,0.0,0.0,G/G,0,G/G,A/G,*1/*3,G/G,T/T,0,G/G,A/G,0,0,7.0,*1/*3,2,GG,0,0,0,0,0,0,0,0,0,0,0,0,0,0,0,0,0,0,0,0,0,0,0,0,0,0,0,0,0,0,0,0,0,0,0,0,0,0,0,0,0,0,0,0,0,0.0,0,199.6,9960.039999999999,0.0,1,0,17.0,38.75969,21.759689331054688
male,White,not Hispanic or Latino,162.56,88.5,3,0.0,0.0,0.0,0.0,0.0,0.0,0.0,0.0,0.0,0.0,0.0,0.0,0.0,0.0,0.0,0.0,0.0,0.0,G/G,0,G/G,G/G,*1/*1,G/G,T/T,0,G/G,G/G,0,0,7.0,*1/*1,0,GG,0,0,0,0,0,0,0,0,0,0,0,0,0,0,0,0,0,0,0,0,0,0,0,0,0,0,0,0,0,0,0,0,0,0,0,0,0,0,0,0,0,0,0,0,0,0.0,0,0.0,7832.25,0.0,0,0,28.0,42.769253,14.76925277709961
male,White,not Hispanic or Latino,161.29,63.5,8,0.0,0.0,0.0,0.0,0.0,0.0,0.0,0.0,0.0,0.0,0.0,0.0,0.0,0.0,0.0,0.0,0.0,1.0,G/G,0,G/G,A/A,*1/*2,G/G,T/T,0,G/G,A/A,0,0,6.0,*1/*2,1,GG,0,1,0,0,0,0,0,0,0,0,0,0,0,0,0,0,0,0,0,0,0,0,0,0,0,0,0,0,0,0,0,0,0,0,0,0,0,0,0,0,0,0,0,0,0,0.0,0,63.5,4032.25,0.0,0,0,25.0,42.503376,17.503376007080078
male,White,not Hispanic or Latino,190.5,99.8,3,0.0,0.0,0.0,0.0,0.0,0.0,0.0,0.0,0.0,0.0,0.0,0.0,0.0,0.0,0.0,0.0,0.0,1.0,G/G,0,G/G,A/G,*1/*1,G/G,T/T,0,G/G,A/G,0,0,7.0,*1/*1,0,GG,0,0,0,0,0,0,0,0,0,0,0,0,0,0,0,0,0,0,0,0,0,0,0,0,0,0,0,0,0,0,0,0,0,0,0,0,0,0,0,0,0,0,0,0,0,0.0,0,0.0,9960.039999999999,0.0,1,0,70.0,51.6971,18.302898406982422
female,White,not Hispanic or Latino,152.4,44.0,8,0.0,0.0,0.0,0.0,0.0,0.0,0.0,0.0,0.0,0.0,0.0,0.0,0.0,0.0,0.0,0.0,0.0,0.0,G/G,0,G/G,A/A,*1/*3,G/G,T/T,0,G/G,A/A,0,0,8.0,*1/*3,2,GG,0,1,0,0,0,0,0,0,0,0,0,0,0,0,0,0,0,0,0,0,0,0,0,0,0,0,0,0,0,0,0,0,0,0,0,0,0,0,0,0,0,0,0,0,0,0.0,0,88.0,1936.0,0.0,0,0,35.0,20.015081,14.984918594360352
male,White,not Hispanic or Latino,172.72,102.5,8,0.0,0.0,0.0,0.0,0.0,0.0,0.0,0.0,0.0,0.0,0.0,0.0,0.0,0.0,0.0,0.0,0.0,1.0,G/G,0,G/G,A/A,*1/*1,G/G,T/T,0,G/G,A/A,0,0,4.0,*1/*1,0,GG,0,0,0,0,0,0,0,0,0,0,0,0,0,0,0,0,0,0,0,0,0,0,0,0,0,0,0,0,0,0,0,0,0,0,0,0,0,0,0,0,0,0,0,0,0,0.0,0,0.0,10506.25,0.0,1,0,84.0,59.48434,24.51565933227539
female,White,not Hispanic or Latino,171.45,59.0,3,0.0,0.0,0.0,0.0,0.0,0.0,0.0,0.0,0.0,0.0,0.0,0.0,0.0,0.0,0.0,0.0,0.0,0.0,A/G,0,C/G,G/G,*1/*1,A/G,G/T,C/T,C/G,G/G,C/T,A/C,7.0,*1/*1,0,AG,0,0,0,0,0,0,0,0,0,0,0,0,0,0,0,0,0,0,0,0,0,0,0,0,0,0,0,0,0,0,0,0,0,0,0,0,0,0,0,0,0,0,0,0,0,0.0,0,0.0,3481.0,0.0,0,0,9.0,25.443413,16.44341278076172
female,White,not Hispanic or Latino,168.91,114.8,3,0.0,0.0,0.0,0.0,0.0,0.0,0.0,0.0,0.0,0.0,1.0,0.0,0.0,0.0,0.0,0.0,0.0,0.0,A/G,0,C/G,G/G,*1/*2,A/G,G/T,C/T,C/G,G/G,C/T,A/C,6.0,*1/*2,1,AG,1,0,0,0,0,0,0,0,0,0,0,0,0,0,0,0,0,0,0,0,0,0,0,0,0,0,0,0,0,0,0,0,0,0,0,0,0,0,0,0,0,0,0,0,0,114.8,1,114.8,13179.039999999999,117.8,1,0,14.0,27.707315,13.707315444946289
female,White,not Hispanic or Latino,160.02,86.6,8,0.0,0.0,0.0,0.0,0.0,0.0,0.0,0.0,0.0,0.0,0.0,0.0,0.0,0.0,0.0,0.0,0.0,0.0,A/G,0,C/G,G/G,*1/*1,A/G,G/T,0,C/G,G/G,0,0,4.0,*1/*1,0,AG,0,0,0,0,0,0,0,0,0,0,0,0,0,0,0,0,0,0,0,0,0,0,0,0,0,0,0,0,0,0,0,0,0,0,0,0,0,0,0,0,0,0,1,0,0,0.0,0,0.0,7499.559999999999,0.0,0,0,64.0,39.99075,24.00925064086914
male,White,not Hispanic or Latino,170.18,118.4,3,0.0,0.0,0.0,0.0,0.0,0.0,0.0,0.0,0.0,0.0,0.0,0.0,0.0,0.0,0.0,0.0,0.0,0.0,A/G,0,C/G,A/G,*1/*1,A/G,G/T,0,C/G,A/G,0,0,7.0,*1/*1,0,AG,0,0,0,0,0,0,0,0,0,0,0,0,0,0,0,0,0,0,0,0,0,0,0,0,0,0,0,0,0,0,0,0,0,0,0,0,0,0,0,0,0,0,1,0,0,0.0,0,0.0,14018.560000000001,0.0,1,0,20.0,38.02857,18.028568267822266
female,White,not Hispanic or Latino,167.64,77.1,8,0.0,0.0,0.0,0.0,0.0,0.0,0.0,0.0,0.0,0.0,0.0,0.0,0.0,0.0,0.0,0.0,0.0,1.0,G/G,0,G/G,G/G,*1/*1,G/G,T/T,0,G/G,G/G,0,0,4.0,*1/*1,0,GG,0,0,0,0,0,0,0,0,0,0,0,0,0,0,0,0,0,0,0,0,0,0,0,0,0,0,0,0,0,0,0,0,0,0,0,0,0,0,0,0,0,0,0,0,0,0.0,0,0.0,5944.409999999999,0.0,0,0,90.0,54.35101,35.648990631103516
male,White,not Hispanic or Latino,182.88,77.1,8,0.0,0.0,0.0,0.0,0.0,0.0,0.0,0.0,0.0,0.0,0.0,0.0,0.0,0.0,0.0,0.0,0.0,1.0,A/G,0,C/C,G/G,*1/*1,A/G,G/T,0,C/C,G/G,0,0,4.0,*1/*1,0,AG,0,0,0,0,0,0,0,0,0,0,0,0,0,0,0,0,0,0,0,0,0,0,0,0,0,0,0,0,0,0,0,0,0,0,0,0,0,0,0,0,0,0,0,0,0,0.0,0,0.0,5944.409999999999,0.0,0,0,70.0,41.37923,28.620769500732422
female,White,not Hispanic or Latino,163.83,100.7,8,0.0,0.0,0.0,0.0,0.0,0.0,0.0,0.0,0.0,0.0,0.0,0.0,0.0,0.0,0.0,0.0,0.0,0.0,G/G,0,G/G,A/G,*1/*1,G/G,T/T,0,G/G,A/G,0,0,5.0,*1/*1,0,GG,0,0,0,0,0,0,0,0,0,0,0,0,0,0,0,0,0,0,0,0,0,0,0,0,0,0,0,0,0,0,0,0,0,0,0,0,0,0,0,0,0,0,0,0,0,0.0,0,0.0,10140.49,0.0,1,0,88.0,51.891838,36.10816192626953
female,Black or African American,not Hispanic or Latino,179.07,86.2,3,0.0,0.0,0.0,0.0,0.0,0.0,0.0,0.0,0.0,0.0,0.0,0.0,0.0,0.0,0.0,0.0,0.0,0.0,G/G,0,G/G,A/G,*1/*1,G/G,T/T,0,G/G,A/G,0,0,7.0,*1/*1,0,GG,0,0,0,0,0,0,0,0,0,0,0,0,0,0,0,0,0,0,0,0,0,0,0,0,0,0,0,0,0,0,0,0,0,0,0,0,0,0,0,0,0,0,0,0,0,0.0,0,0.0,7430.4400000000005,0.0,0,0,30.0,43.588657,13.58865737915039
female,Black or African American,not Hispanic or Latino,170.18,129.7,8,0.0,0.0,0.0,0.0,0.0,0.0,0.0,0.0,0.0,0.0,0.0,0.0,0.0,0.0,0.0,0.0,0.0,0.0,G/G,0,C/G,A/G,*1/*1,G/G,T/T,0,C/G,A/G,0,0,5.0,*1/*1,0,GG,0,0,0,0,0,0,0,0,0,0,0,0,0,0,0,0,0,0,0,0,0,0,0,0,0,0,0,0,0,0,0,0,0,0,0,0,0,0,0,0,0,0,0,0,0,0.0,0,0.0,16822.089999999997,0.0,1,0,115.0,51.002018,63.997982025146484
female,White,not Hispanic or Latino,157.48,65.8,8,0.0,0.0,0.0,0.0,0.0,0.0,0.0,0.0,0.0,0.0,0.0,0.0,0.0,0.0,0.0,0.0,0.0,0.0,G/G,0,G/G,A/G,*1/*1,G/G,T/T,0,G/G,A/G,0,0,7.0,*1/*1,0,GG,0,0,0,0,0,0,0,0,0,0,0,0,0,0,0,0,0,0,0,0,0,0,0,0,0,0,0,0,0,0,0,0,0,0,0,0,0,0,0,0,0,0,0,0,0,0.0,0,0.0,4329.639999999999,0.0,0,0,56.0,35.367233,20.632766723632812
male,White,not Hispanic or Latino,167.64,73.0,8,0.0,0.0,0.0,0.0,0.0,0.0,0.0,0.0,0.0,0.0,0.0,0.0,0.0,0.0,0.0,0.0,0.0,0.0,G/G,0,0,A/G,*1/*1,G/G,0,0,0,A/G,0,0,3.0,*1/*1,0,GG,0,1,0,0,0,0,0,0,0,0,0,0,0,0,0,0,0,0,0,0,0,0,0,0,0,0,0,0,0,0,0,0,0,0,0,0,0,0,0,0,0,0,0,0,0,0.0,0,0.0,5329.0,0.0,0,0,98.0,46.61355,51.386451721191406
male,Unknown,Hispanic or Latino,182.88,159.7,8,0.0,0.0,0.0,0.0,0.0,0.0,0.0,0.0,0.0,0.0,0.0,0.0,0.0,0.0,0.0,0.0,0.0,0.0,A/G,0,C/G,A/G,*1/*2,A/G,T/T,0,C/G,A/G,0,0,3.0,*1/*2,1,AG,0,0,0,0,0,0,0,0,0,0,0,0,0,0,0,0,0,0,0,0,0,0,0,0,0,0,0,0,0,0,0,0,0,0,0,0,0,0,0,0,0,0,0,0,0,0.0,0,159.7,25504.089999999997,0.0,1,0,53.0,39.84428,13.155719757080078
female,White,not Hispanic or Latino,163.55,88.6,1,0.0,0.0,1.0,0.0,0.0,0.0,0.0,0.0,0.0,0.0,0.0,0.0,0.0,0.0,0.0,0.0,0.0,0.0,0,0,C/G,0,*1/*2,0,G/T,0,C/G,0,0,0,2.0,*1/*2,1,GG,0,1,0,1,0,0,0,0,0,0,0,0,0,0,0,1,0,0,0,0,0,0,0,0,0,0,0,0,1,1,0,0,0,0,0,0,0,0,0,0,0,0,0,0,0,0.0,0,88.6,7849.959999999999,0.0,0,0,15.47,42.29308,26.823079376220704
female,White,not Hispanic or Latino,0.0,81.3,1,0.0,0.0,0.0,1.0,0.0,0.0,0.0,0.0,0.0,0.0,0.0,0.0,0.0,0.0,0.0,0.0,0.0,0.0,0,0,G/G,0,*1/*1,0,T/T,0,G/G,0,0,0,5.0,*1/*1,0,GG,0,0,1,0,0,0,0,0,0,0,0,0,0,0,0,1,0,0,0,0,0,0,0,0,0,0,0,0,1,1,0,0,0,0,0,0,0,0,0,0,0,0,0,0,0,0.0,0,0.0,6609.69,2.0,0,0,67.41,48.89845,18.5115510559082
male,White,not Hispanic or Latino,0.0,0.0,1,0.0,0.0,0.0,1.0,0.0,0.0,0.0,0.0,0.0,0.0,0.0,0.0,0.0,0.0,0.0,0.0,0.0,0.0,0,0,G/G,0,*1/*3,0,T/T,0,G/G,0,0,0,5.0,*1/*3,2,GG,0,1,1,1,0,0,0,0,0,0,0,1,0,0,0,1,0,0,0,0,1,0,0,0,0,0,0,0,1,1,0,0,0,0,0,0,0,0,0,0,0,0,0,0,0,0.0,0,0.0,0.0,2.0,0,0,70.0,29.94339,40.056610107421875
female,White,not Hispanic or Latino,0.0,0.0,2,0.0,0.0,0.0,0.0,0.0,0.0,0.0,0.0,0.0,0.0,0.0,0.0,0.0,0.0,0.0,0.0,1.0,0.0,0,0,C/G,0,*1/*1,0,G/T,0,C/G,0,0,0,7.0,*1/*1,0,GG,0,1,0,1,1,0,0,0,0,0,0,0,0,0,0,0,0,0,0,0,0,0,0,0,0,0,0,0,0,0,0,0,0,0,0,0,0,0,0,0,0,0,0,0,0,0.0,0,0.0,0.0,0.0,0,0,6.3,31.087889,24.787888717651366
male,White,not Hispanic or Latino,186.18,131.0,3,0.0,0.0,0.0,1.0,1.0,0.0,0.0,0.0,0.0,0.0,0.0,0.0,0.0,0.0,0.0,0.0,0.0,0.0,0,0,C/G,0,*1/*1,0,G/T,0,C/G,0,0,0,5.0,*1/*1,0,GG,0,1,1,1,0,0,0,0,0,0,0,1,0,0,0,1,0,0,0,0,0,0,0,0,1,0,0,0,1,1,0,0,0,0,0,0,0,0,0,0,0,0,0,0,0,0.0,0,0.0,17161.0,4.0,1,0,63.21,47.144836,16.06516357421875
female,White,not Hispanic or Latino,0.0,58.8,3,0.0,0.0,0.0,0.0,0.0,0.0,0.0,0.0,0.0,0.0,0.0,0.0,0.0,0.0,0.0,0.0,0.0,0.0,0,0,G/G,0,*1/*3,0,T/T,0,G/G,0,0,0,6.0,*1/*3,2,GG,0,0,0,0,0,0,0,0,0,0,0,0,0,0,0,0,0,0,0,0,0,0,0,0,0,0,0,0,0,0,0,0,0,0,0,0,0,0,0,0,0,0,0,0,0,0.0,0,117.6,3457.4399999999996,0.0,0,0,38.85,21.91226,16.93773994445801
male,White,Hispanic or Latino,0.0,78.7,3,0.0,0.0,0.0,0.0,0.0,0.0,0.0,1.0,0.0,0.0,0.0,0.0,0.0,0.0,0.0,0.0,0.0,0.0,0,0,C/C,0,*1/*1,0,G/T,0,C/C,0,0,0,7.0,*1/*1,0,GG,0,1,0,0,0,0,0,0,0,0,0,0,0,0,0,1,0,0,0,0,0,0,0,0,0,0,0,0,0,0,0,0,0,0,0,0,0,0,0,0,0,0,0,0,0,0.0,0,0.0,6193.6900000000005,1.0,0,0,47.18,24.872984,22.307016067504883
male,Black or African American,not Hispanic or Latino,0.0,0.0,3,0.0,0.0,0.0,0.0,0.0,0.0,0.0,0.0,0.0,0.0,0.0,0.0,0.0,0.0,0.0,0.0,0.0,0.0,0,0,G/G,0,*1/*1,G/G,T/T,C/C,G/G,A/A,C/C,A/C,8.0,*1/*1,0,GG,0,0,0,0,0,0,0,0,0,0,0,0,0,0,0,1,0,0,0,0,0,0,0,0,0,0,0,0,1,1,0,0,0,0,0,0,0,0,0,0,0,0,0,0,0,0.0,0,0.0,0.0,0.0,0,0,52.5,34.446434,18.053565979003906
male,White,not Hispanic or Latino,170.15,92.5,3,0.0,0.0,0.0,0.0,0.0,0.0,0.0,0.0,0.0,0.0,0.0,0.0,0.0,0.0,0.0,0.0,0.0,0.0,0,0,G/G,0,*1/*1,0,T/T,0,G/G,0,0,0,8.0,*1/*1,0,GG,0,0,0,1,0,0,0,0,0,0,0,0,0,0,0,0,0,0,0,0,0,0,0,0,0,0,0,0,1,1,0,0,0,0,0,0,0,0,0,0,0,0,0,0,0,0.0,0,0.0,8556.25,0.0,1,0,26.04,41.05684,15.016838989257813
female,White,not Hispanic or Latino,0.0,89.6,8,0.0,0.0,0.0,0.0,1.0,0.0,0.0,0.0,0.0,0.0,0.0,0.0,0.0,0.0,0.0,0.0,0.0,0.0,0,0,C/G,0,*1/*2,0,T/T,0,C/G,0,0,0,7.0,*1/*2,1,GG,0,1,0,1,0,0,0,0,0,1,0,0,0,0,0,0,0,0,0,0,0,0,0,0,1,0,0,0,1,1,0,0,0,0,0,0,0,0,0,0,0,0,0,0,0,0.0,0,89.6,8028.159999999999,2.0,0,0,42.0,25.743055,16.25694465637207
male,Asian,not Hispanic or Latino,163.07,67.0,8,0.0,0.0,0.0,0.0,0.0,0.0,0.0,0.0,0.0,0.0,0.0,0.0,0.0,0.0,0.0,0.0,0.0,0.0,A/A,T/T,C/C,G/G,*1/*1,A/A,0,T/T,C/C,G/G,T/T,0,7.0,*1/*1,0,AA,0,0,0,0,0,0,0,0,0,0,0,0,0,0,0,0,0,0,0,0,0,0,0,0,0,0,0,0,0,0,0,0,0,0,0,0,0,0,0,0,0,0,0,0,0,0.0,0,0.0,4489.0,0.0,0,0,35.0,17.13814,17.861860275268555
male,Asian,not Hispanic or Latino,170.94,0.0,8,0.0,0.0,0.0,0.0,0.0,0.0,0.0,0.0,0.0,0.0,0.0,0.0,0.0,0.0,0.0,0.0,0.0,0.0,A/A,T/T,C/C,G/G,*1/*1,A/A,0,T/T,C/C,G/G,T/T,0,6.0,*1/*1,0,AA,0,0,0,0,0,0,0,0,0,0,0,0,0,0,0,0,0,0,0,0,0,0,0,0,0,0,0,0,0,0,0,0,0,0,0,0,0,0,0,0,0,0,0,0,0,0.0,0,0.0,0.0,0.0,0,0,35.0,17.847704,17.15229606628418
male,Asian,not Hispanic or Latino,173.99,63.0,1,0.0,0.0,0.0,0.0,0.0,0.0,0.0,0.0,0.0,0.0,0.0,0.0,0.0,0.0,0.0,0.0,0.0,0.0,A/A,T/T,C/C,G/G,*1/*1,A/A,0,T/T,C/C,G/G,T/T,0,7.0,*1/*1,0,AA,0,0,0,0,0,0,0,0,0,0,0,0,0,0,0,0,0,0,0,0,0,0,0,0,0,0,0,0,0,0,0,0,0,0,0,0,0,0,0,0,0,0,0,0,0,0.0,0,0.0,3969.0,0.0,0,0,7.0,20.3441,13.344100952148438
female,Asian,not Hispanic or Latino,150.88,54.0,4; 7,0.0,1.0,0.0,0.0,0.0,0.0,0.0,0.0,0.0,0.0,0.0,0.0,0.0,0.0,0.0,0.0,0.0,0.0,A/A,T/T,C/C,G/G,*1/*1,A/A,0,T/T,C/C,G/G,T/T,0,5.0,*1/*1,0,AA,0,0,0,0,0,0,0,0,0,0,0,0,0,0,0,0,0,0,0,0,0,0,0,0,0,0,0,0,0,0,0,0,0,0,0,0,0,0,0,0,0,0,0,0,0,0.0,0,0.0,2916.0,0.0,0,0,10.5,23.292896,12.792896270751953
female,Asian,not Hispanic or Latino,155.96,56.0,3,0.0,0.0,0.0,0.0,0.0,0.0,0.0,0.0,0.0,0.0,0.0,0.0,0.0,0.0,0.0,0.0,0.0,0.0,A/A,T/T,C/C,G/G,*1/*1,A/A,0,T/T,C/C,G/G,T/T,0,4.0,*1/*1,0,AA,0,0,0,0,0,0,0,0,0,0,0,0,0,0,0,0,0,0,0,0,0,0,0,0,0,0,0,0,0,0,0,0,0,0,0,0,0,0,0,0,0,0,0,0,0,0.0,0,0.0,3136.0,0.0,0,0,7.0,20.269148,13.269147872924805
male,Asian,not Hispanic or Latino,168.91,52.5,3; 4,0.0,1.0,0.0,0.0,0.0,0.0,0.0,0.0,0.0,0.0,0.0,0.0,0.0,0.0,0.0,0.0,0.0,0.0,A/A,T/T,C/C,G/G,*1/*1,A/A,0,T/T,C/C,G/G,T/T,0,6.0,*1/*1,0,AA,0,0,0,0,0,0,0,0,0,0,0,0,0,0,0,0,0,0,0,0,0,0,0,0,0,0,0,0,0,0,0,0,0,0,0,0,0,0,0,0,0,0,0,0,0,0.0,0,0.0,2756.25,0.0,0,0,45.5,20.08421,25.415790557861328
male,Asian,not Hispanic or Latino,164.08,56.0,4; 8,0.0,1.0,0.0,0.0,0.0,0.0,0.0,0.0,0.0,0.0,0.0,0.0,0.0,0.0,0.0,0.0,0.0,0.0,A/A,T/T,C/C,G/G,*1/*1,A/A,0,T/T,C/C,G/G,T/T,0,5.0,*1/*1,0,AA,0,0,0,0,0,0,0,0,0,0,0,0,0,0,0,0,0,0,0,0,0,0,0,0,0,0,0,0,0,0,0,0,0,0,0,0,0,0,0,0,0,0,0,0,0,0.0,0,0.0,3136.0,0.0,0,0,42.0,21.41679,20.583209991455078
male,Asian,not Hispanic or Latino,150.88,57.0,7; 8,1.0,0.0,0.0,0.0,0.0,0.0,0.0,0.0,0.0,0.0,0.0,0.0,0.0,0.0,0.0,0.0,0.0,0.0,A/G,C/T,C/G,A/G,*1/*1,A/G,0,C/T,C/G,A/G,C/T,0,7.0,*1/*1,0,AG,0,0,0,0,0,0,0,0,0,0,0,0,0,0,0,0,0,0,0,0,0,0,0,0,0,0,0,0,0,0,0,0,0,0,0,0,0,0,0,0,0,0,0,0,0,0.0,0,0.0,3249.0,0.0,0,0,10.5,23.423132,12.923131942749023
male,Asian,not Hispanic or Latino,163.07,56.0,4,0.0,1.0,0.0,0.0,0.0,0.0,0.0,0.0,0.0,0.0,0.0,0.0,0.0,0.0,0.0,0.0,0.0,0.0,A/G,C/T,C/G,A/G,*1/*1,A/G,0,C/T,C/G,A/G,C/T,0,5.0,*1/*1,0,AG,0,0,0,0,0,0,0,0,0,0,0,0,0,0,0,0,0,0,0,0,0,0,0,0,0,0,0,0,0,0,0,0,0,0,0,0,0,0,0,0,0,0,0,0,0,0.0,0,0.0,3136.0,0.0,0,0,49.0,32.53379,16.466209411621094
male,Asian,not Hispanic or Latino,169.93,78.0,4,0.0,1.0,0.0,0.0,0.0,0.0,0.0,0.0,0.0,0.0,0.0,0.0,0.0,0.0,0.0,0.0,0.0,0.0,A/A,T/T,C/C,G/G,*1/*1,A/A,0,T/T,C/C,G/G,T/T,0,7.0,*1/*1,0,AA,0,0,0,0,0,0,0,0,0,0,0,0,0,0,0,0,0,0,0,0,0,0,0,0,0,0,0,0,0,0,0,0,0,0,0,0,0,0,0,0,0,0,0,0,0,0.0,0,0.0,6084.0,0.0,0,0,35.0,20.44432,14.555679321289062
male,Asian,not Hispanic or Latino,169.93,65.0,7; 8,1.0,0.0,0.0,0.0,0.0,0.0,0.0,0.0,0.0,0.0,0.0,0.0,0.0,0.0,0.0,0.0,0.0,0.0,A/A,T/T,C/C,G/G,*1/*1,A/A,0,T/T,C/C,G/G,T/T,0,3.0,*1/*1,0,AA,0,0,0,0,0,0,0,0,0,0,0,0,0,0,0,0,0,0,0,0,0,0,0,0,0,0,0,0,0,0,0,0,0,0,0,0,0,0,0,0,0,0,0,0,0,0.0,0,0.0,4225.0,0.0,0,0,35.0,20.473715,14.526285171508789
male,Asian,not Hispanic or Latino,170.94,71.0,3; 6,0.0,0.0,0.0,0.0,0.0,0.0,0.0,0.0,0.0,0.0,0.0,0.0,0.0,0.0,0.0,0.0,0.0,0.0,A/G,C/T,C/G,A/G,*1/*1,A/G,0,C/T,C/G,A/G,C/T,0,6.0,*1/*1,0,AG,0,0,0,0,0,0,0,0,0,0,0,0,0,0,0,0,0,0,0,0,0,0,0,0,0,0,0,0,0,0,0,0,0,0,0,0,0,0,0,0,0,0,0,0,0,0.0,0,0.0,5041.0,0.0,0,0,10.5,30.087088,19.587087631225586
male,Asian,not Hispanic or Latino,180.09,73.0,3; 6,0.0,0.0,0.0,0.0,0.0,0.0,0.0,0.0,0.0,0.0,0.0,0.0,0.0,0.0,0.0,0.0,0.0,0.0,A/A,T/T,C/C,G/G,*1/*1,A/A,0,T/T,C/C,G/G,T/T,0,6.0,*1/*1,0,AA,0,0,0,0,0,0,0,0,0,0,0,0,0,0,0,0,0,0,0,0,0,0,0,0,0,0,0,0,0,0,0,0,0,0,0,0,0,0,0,0,0,0,0,0,0,0.0,0,0.0,5329.0,0.0,0,0,7.0,21.661623,14.661623001098633
male,Asian,not Hispanic or Latino,165.1,70.0,6,0.0,0.0,0.0,0.0,0.0,0.0,0.0,0.0,0.0,0.0,0.0,0.0,0.0,0.0,0.0,0.0,0.0,0.0,A/G,C/T,C/G,A/G,*1/*1,A/G,0,C/T,C/G,A/G,C/T,0,7.0,*1/*1,0,AG,0,0,0,0,0,0,0,0,0,0,0,0,0,0,0,0,0,0,0,0,0,0,0,0,0,0,0,0,0,0,0,0,0,0,0,0,0,0,0,0,0,0,0,0,0,0.0,0,0.0,4900.0,0.0,0,0,7.0,24.878593,17.87859344482422
female,Asian,not Hispanic or Latino,149.1,42.0,4; 8,1.0,1.0,0.0,0.0,0.0,0.0,0.0,0.0,0.0,0.0,0.0,0.0,0.0,0.0,0.0,0.0,0.0,0.0,A/A,T/T,C/C,G/G,*1/*1,A/A,0,T/T,C/C,G/G,T/T,0,6.0,*1/*1,0,AA,0,0,0,0,0,0,0,0,0,0,0,0,0,0,0,0,0,0,0,0,0,0,0,0,0,0,0,0,0,0,0,0,0,0,0,0,0,0,0,0,0,0,0,0,0,0.0,0,0.0,1764.0,0.0,0,0,35.0,17.358961,17.64103889465332
male,Asian,not Hispanic or Latino,170.94,71.0,3; 8,0.0,0.0,0.0,0.0,0.0,0.0,0.0,0.0,0.0,0.0,0.0,0.0,0.0,0.0,0.0,0.0,0.0,0.0,A/G,C/T,C/G,A/G,*1/*1,A/G,0,C/T,C/G,A/G,C/T,0,7.0,*1/*1,0,AG,0,0,0,0,0,0,0,0,0,0,0,0,0,0,0,0,0,0,0,0,0,0,0,0,0,0,0,0,0,0,0,0,0,0,0,0,0,0,0,0,0,0,0,0,0,0.0,0,0.0,5041.0,0.0,0,0,10.5,26.493282,15.993282318115234
male,Asian,not Hispanic or Latino,177.04,68.0,4,0.0,1.0,0.0,0.0,0.0,0.0,0.0,0.0,0.0,0.0,0.0,0.0,0.0,0.0,0.0,0.0,0.0,0.0,A/A,T/T,C/C,G/G,*1/*1,A/A,0,T/T,C/C,G/G,T/T,0,4.0,*1/*1,0,AA,0,0,0,0,0,0,0,0,0,0,0,0,0,0,0,0,0,0,0,0,0,0,0,0,0,0,0,0,0,0,0,0,0,0,0,0,0,0,0,0,0,0,0,0,0,0.0,0,0.0,4624.0,0.0,0,0,42.0,23.935572,18.064428329467773
male,Asian,not Hispanic or Latino,168.91,69.0,3,0.0,0.0,0.0,0.0,0.0,0.0,0.0,0.0,0.0,0.0,0.0,0.0,0.0,0.0,0.0,0.0,0.0,0.0,A/G,C/T,C/G,A/G,*1/*1,A/G,0,C/T,C/G,A/G,C/T,0,5.0,*1/*1,0,AG,0,0,0,0,0,0,0,0,0,0,0,0,0,0,0,0,0,0,0,0,0,0,0,0,0,0,0,0,0,0,0,0,0,0,0,0,0,0,0,0,0,0,0,0,0,0.0,0,0.0,4761.0,0.0,0,0,7.0,30.76923,23.769229888916016
female,Asian,not Hispanic or Latino,165.1,56.0,7; 8,1.0,0.0,0.0,0.0,0.0,0.0,0.0,0.0,0.0,0.0,0.0,0.0,0.0,0.0,0.0,0.0,0.0,0.0,A/A,T/T,C/C,G/G,*1/*1,A/A,0,T/T,C/C,G/G,T/T,0,2.0,*1/*1,0,AA,0,0,0,0,0,0,0,0,0,0,0,0,0,0,0,0,0,0,0,0,0,0,0,0,0,0,0,0,0,0,0,0,0,0,0,0,0,0,0,0,0,0,0,0,0,0.0,0,0.0,3136.0,0.0,0,0,7.0,19.929293,12.929292678833008
male,Asian,not Hispanic or Latino,163.32,76.0,3,0.0,0.0,0.0,0.0,0.0,0.0,0.0,0.0,0.0,0.0,0.0,0.0,0.0,0.0,0.0,0.0,0.0,0.0,A/A,T/T,C/C,G/G,*1/*1,A/A,0,T/T,C/C,G/G,T/T,0,8.0,*1/*1,0,AA,0,0,0,0,0,0,0,0,0,0,0,0,0,0,0,0,0,0,0,0,0,0,0,0,0,0,0,0,0,0,0,0,0,0,0,0,0,0,0,0,0,0,0,0,0,0.0,0,0.0,5776.0,0.0,0,0,31.5,16.534712,14.965288162231445
female,Asian,not Hispanic or Latino,159.0,61.0,4,0.0,1.0,0.0,0.0,0.0,0.0,0.0,0.0,0.0,0.0,0.0,0.0,0.0,0.0,0.0,0.0,0.0,0.0,G/G,C/C,G/G,A/A,*1/*1,G/G,T/T,C/C,G/G,A/A,C/C,C/C,6.0,*1/*1,0,GG,0,0,0,0,0,0,0,0,0,0,0,0,0,0,0,0,0,0,0,0,0,0,0,0,0,0,0,0,0,0,0,0,0,0,0,0,0,0,0,0,0,0,0,0,0,0.0,0,0.0,3721.0,0.0,0,0,70.0,38.5482,31.451801300048828
male,Asian,not Hispanic or Latino,161.01,61.0,4,0.0,1.0,0.0,0.0,0.0,0.0,0.0,0.0,0.0,0.0,1.0,0.0,0.0,0.0,0.0,0.0,0.0,0.0,A/G,C/T,C/G,A/G,*1/*1,A/G,T/T,C/T,C/G,A/G,C/T,0,8.0,*1/*1,0,AG,1,0,0,0,0,0,0,0,0,0,0,0,0,0,0,0,0,0,0,0,0,0,0,0,0,0,0,0,0,0,0,0,0,0,0,0,0,0,0,0,0,0,0,0,0,61.0,0,0.0,3721.0,63.0,0,0,7.0,20.044205,13.044204711914062
male,Asian,not Hispanic or Latino,174.5,73.0,4,0.0,1.0,0.0,0.0,0.0,0.0,0.0,0.0,0.0,0.0,0.0,0.0,0.0,0.0,0.0,0.0,0.0,0.0,A/A,T/T,C/C,G/G,*1/*1,A/A,T/T,T/T,C/C,G/G,T/T,C/C,6.0,*1/*1,0,AA,0,0,0,0,0,0,0,0,0,0,0,0,0,0,0,0,0,0,0,0,0,0,0,0,0,0,0,0,0,0,0,0,0,0,0,0,0,0,0,0,0,0,0,0,0,0.0,0,0.0,5329.0,0.0,0,0,8.75,21.968246,13.218246459960938
female,Asian,not Hispanic or Latino,153.01,53.0,4,0.0,1.0,0.0,0.0,0.0,0.0,0.0,0.0,0.0,0.0,0.0,0.0,0.0,0.0,0.0,0.0,0.0,0.0,A/A,T/T,C/C,G/G,*1/*1,A/A,T/T,T/T,C/C,G/G,T/T,0,5.0,*1/*1,0,AA,0,0,0,0,0,0,0,0,0,0,0,0,0,0,0,0,0,0,0,0,0,0,0,0,0,0,0,0,0,0,0,0,0,0,0,0,0,0,0,0,0,0,0,0,0,0.0,0,0.0,2809.0,0.0,0,0,35.0,20.516134,14.483865737915039
male,Asian,not Hispanic or Latino,169.01,80.0,4,0.0,1.0,0.0,0.0,0.0,0.0,0.0,0.0,0.0,0.0,0.0,0.0,0.0,0.0,0.0,0.0,0.0,0.0,G/G,C/C,G/G,A/A,*1/*3,G/G,T/T,C/C,G/G,A/A,C/C,0,5.0,*1/*3,2,GG,0,0,0,0,0,0,0,0,0,0,0,0,0,0,0,0,0,0,0,0,0,0,0,0,0,0,0,0,0,0,0,0,0,0,0,0,0,0,0,0,0,0,0,0,0,0.0,0,160.0,6400.0,0.0,0,0,26.25,40.95594,14.705940246582031
female,Asian,not Hispanic or Latino,150.01,51.0,4,0.0,1.0,0.0,0.0,0.0,0.0,0.0,0.0,0.0,0.0,0.0,0.0,0.0,0.0,0.0,0.0,0.0,0.0,A/A,T/T,C/C,G/G,0,A/A,T/T,T/T,C/C,G/G,T/T,0,6.0,UNKNOWN,0,AA,0,0,0,0,0,0,0,0,0,0,0,0,0,0,0,0,0,0,0,0,0,0,0,0,0,0,0,0,0,0,0,0,0,0,0,0,0,0,0,0,0,0,0,0,0,0.0,0,0.0,2601.0,0.0,0,0,35.0,16.332628,18.66737174987793
male,White,not Hispanic or Latino,183.64,90.9,3; 6,1.0,0.0,0.0,0.0,0.0,0.0,0.0,0.0,0.0,0.0,0.0,0.0,0.0,0.0,0.0,0.0,0.0,1.0,A/G,0,C/G,A/G,*1/*1,A/G,T/T,0,C/G,A/G,0,A/C,6.0,*1/*1,0,AG,0,0,0,0,0,0,0,0,0,0,0,0,0,0,0,0,0,0,0,0,0,0,0,0,0,0,0,0,0,0,0,1,0,0,0,0,0,0,0,0,0,0,1,0,0,0.0,0,0.0,8262.810000000001,0.0,1,0,52.5,36.356815,16.143184661865234
male,White,not Hispanic or Latino,178.56,101.8,8,1.0,0.0,0.0,0.0,1.0,0.0,0.0,0.0,0.0,0.0,0.0,0.0,0.0,0.0,0.0,0.0,0.0,0.0,G/G,0,G/G,A/A,*1/*2,G/G,T/T,0,G/G,A/A,0,C/C,6.0,*1/*2,1,GG,0,1,0,0,0,0,0,0,0,0,0,0,0,0,0,0,0,0,0,0,0,0,0,0,1,0,0,0,1,0,0,0,0,0,0,0,0,0,0,0,0,0,1,0,0,0.0,0,101.8,10363.24,2.0,1,0,55.0,38.78615,16.213848114013672
male,White,not Hispanic or Latino,181.36,103.0,1,0.0,0.0,0.0,1.0,0.0,0.0,0.0,0.0,0.0,0.0,0.0,0.0,0.0,0.0,0.0,0.0,0.0,0.0,G/G,0,G/G,A/G,*1/*1,G/G,T/T,0,G/G,A/G,0,A/A,6.0,*1/*1,0,GG,0,1,1,0,0,0,0,0,0,0,0,0,0,0,0,0,0,0,0,0,0,0,0,0,0,0,0,0,1,1,0,0,0,0,0,0,0,0,0,0,0,0,0,0,0,0.0,0,0.0,10609.0,2.0,1,0,41.25,54.400723,13.15072250366211
male,White,not Hispanic or Latino,186.18,98.2,3,1.0,0.0,0.0,1.0,0.0,0.0,0.0,0.0,0.0,0.0,1.0,0.0,0.0,0.0,0.0,0.0,0.0,0.0,A/G,0,C/G,A/G,*1/*1,A/G,T/T,0,C/G,A/G,0,C/C,6.0,*1/*1,0,AG,1,0,1,0,0,0,0,0,0,0,0,0,0,0,0,0,0,0,0,0,0,0,0,0,0,0,0,0,1,0,0,0,0,0,0,0,0,0,0,0,0,0,0,0,0,98.2,0,0.0,9643.24,102.2,1,0,20.0,32.809647,12.809646606445312
male,White,not Hispanic or Latino,173.74,113.0,8,0.0,0.0,0.0,1.0,0.0,0.0,0.0,0.0,0.0,0.0,0.0,0.0,0.0,0.0,0.0,1.0,0.0,1.0,G/G,0,G/G,A/A,*1/*1,G/G,T/T,0,G/G,A/A,0,A/C,5.0,*1/*1,0,GG,0,0,1,1,0,0,1,0,0,0,0,0,0,0,0,0,0,0,0,0,0,0,0,0,0,0,0,0,1,1,0,0,0,0,0,0,0,0,0,0,0,0,0,0,0,0.0,0,0.0,12769.0,2.0,1,0,85.0,59.340405,25.659595489501953
male,White,not Hispanic or Latino,171.2,103.0,4,1.0,1.0,1.0,1.0,0.0,0.0,0.0,0.0,0.0,0.0,0.0,0.0,0.0,0.0,0.0,0.0,0.0,0.0,A/G,0,C/G,A/G,*1/*1,A/G,G/T,0,C/G,A/G,0,C/C,7.0,*1/*1,0,AG,0,0,1,0,0,0,0,0,0,0,0,0,0,0,0,0,0,0,0,0,0,0,0,0,0,0,0,0,1,0,0,0,0,0,0,0,0,0,0,0,0,0,0,0,0,0.0,0,0.0,10609.0,2.0,1,0,48.75,34.411743,14.3382568359375
male,Black or African American,not Hispanic or Latino,171.2,86.8,3,0.0,0.0,0.0,0.0,0.0,0.0,0.0,0.0,0.0,0.0,0.0,0.0,0.0,0.0,0.0,0.0,0.0,0.0,G/G,0,G/G,A/G,*1/*1,G/G,T/T,0,G/G,A/G,0,C/C,6.0,*1/*1,0,GG,0,1,0,1,0,0,0,0,0,0,0,0,0,0,0,0,0,0,0,0,0,0,0,0,0,0,0,0,0,0,0,0,0,0,0,0,0,0,0,0,0,0,1,0,0,0.0,0,0.0,7534.24,0.0,0,0,30.0,43.653866,13.653865814208984
male,Black or African American,not Hispanic or Latino,166.12,89.5,1,0.0,0.0,1.0,0.0,1.0,0.0,0.0,0.0,0.0,0.0,0.0,0.0,0.0,0.0,0.0,0.0,0.0,0.0,G/G,0,C/G,G/G,*1/*2,G/G,T/T,0,C/G,G/G,0,C/C,6.0,*1/*2,1,GG,0,0,0,0,0,0,0,0,0,0,0,0,1,0,0,0,0,0,0,0,0,0,0,0,1,0,0,0,0,0,0,0,0,0,0,0,0,0,0,0,0,0,0,0,0,0.0,0,89.5,8010.25,2.0,0,0,50.0,32.430428,17.56957244873047
male,White,not Hispanic or Latino,186.18,125.1,1,0.0,0.0,1.0,0.0,0.0,0.0,0.0,0.0,0.0,0.0,0.0,0.0,0.0,0.0,0.0,0.0,0.0,1.0,G/G,0,G/G,G/G,*1/*1,G/G,T/T,0,G/G,G/G,0,A/A,5.0,*1/*1,0,GG,0,0,0,0,0,0,0,1,0,0,0,0,0,0,0,0,0,0,0,0,0,0,0,0,0,0,0,0,1,0,0,0,0,0,0,0,0,0,0,0,0,0,1,0,0,0.0,0,0.0,15650.009999999998,0.0,1,0,85.0,68.70934,16.29065704345703
male,White,not Hispanic or Latino,186.18,110.5,3; 4,0.0,1.0,0.0,1.0,0.0,0.0,0.0,0.0,0.0,0.0,0.0,0.0,0.0,0.0,0.0,0.0,0.0,0.0,A/G,0,C/G,A/G,*1/*1,A/G,G/T,0,C/G,A/G,0,C/C,5.0,*1/*1,0,AG,0,1,1,1,0,0,0,0,0,0,0,0,0,0,0,0,0,0,0,0,0,0,0,0,0,0,0,0,0,0,0,0,0,0,0,0,0,1,0,0,0,0,0,0,0,0.0,0,0.0,12210.25,2.0,1,0,25.0,44.329937,19.329936981201172
male,White,not Hispanic or Latino,182.88,61.0,1,0.0,0.0,0.0,1.0,0.0,0.0,0.0,0.0,0.0,0.0,0.0,0.0,1.0,0.0,0.0,0.0,0.0,1.0,G/G,0,G/G,A/G,*1/*1,G/G,T/T,0,G/G,A/G,0,A/C,6.0,*1/*1,0,GG,0,1,1,0,0,0,0,0,0,0,0,0,0,0,0,0,0,0,0,0,0,1,0,0,0,0,0,0,1,0,0,0,0,0,0,0,0,0,0,0,0,0,0,0,0,0.0,0,0.0,3721.0,2.0,0,0,82.5,45.658398,36.84160232543945
male,White,not Hispanic or Latino,171.2,77.5,1; 2,0.0,0.0,0.0,0.0,0.0,0.0,0.0,0.0,0.0,0.0,0.0,0.0,0.0,0.0,0.0,0.0,0.0,0.0,G/G,0,G/G,A/A,*1/*1,G/G,T/T,0,G/G,A/A,0,A/C,8.0,*1/*1,0,GG,0,0,0,0,0,0,0,0,0,0,0,0,0,0,0,0,0,0,0,0,0,0,0,0,0,0,0,0,1,1,0,0,0,0,0,0,0,0,0,0,0,0,0,0,0,0.0,0,0.0,6006.25,0.0,0,0,65.0,41.566933,23.433067321777344
male,White,not Hispanic or Latino,179.83,74.8,3,1.0,0.0,0.0,0.0,0.0,0.0,0.0,0.0,0.0,0.0,0.0,0.0,0.0,0.0,0.0,0.0,0.0,0.0,A/G,0,C/G,A/G,*1/*1,A/G,G/T,0,C/G,A/G,0,C/C,7.0,*1/*1,0,AG,0,0,0,0,0,0,0,0,0,0,0,0,0,0,0,0,0,0,0,0,0,0,0,0,0,0,0,0,0,0,0,0,0,0,0,0,0,0,0,0,0,0,0,0,0,0.0,0,0.0,5595.04,0.0,0,0,16.25,29.287588,13.037588119506836
male,White,not Hispanic or Latino,173.99,76.7,0,0.0,0.0,0.0,0.0,0.0,0.0,0.0,0.0,0.0,0.0,0.0,0.0,0.0,0.0,0.0,0.0,0.0,0.0,A/G,0,0,0,*1/*2,A/G,0,0,0,0,0,0,7.0,*1/*2,1,AG,0,0,0,0,0,0,0,0,0,0,0,0,0,0,0,0,0,0,0,0,0,0,0,0,0,0,0,0,0,0,0,0,0,0,0,0,0,0,0,0,0,0,0,0,0,0.0,0,76.7,5882.89,0.0,0,0,59.5,25.648706,33.85129356384277
male,White,not Hispanic or Latino,176.02,71.6,0,0.0,0.0,0.0,0.0,0.0,0.0,0.0,0.0,0.0,0.0,0.0,0.0,0.0,0.0,0.0,0.0,0.0,0.0,G/G,0,0,0,*1/*1,G/G,0,0,0,0,0,0,7.0,*1/*1,0,GG,0,0,0,0,0,0,0,0,0,0,0,0,0,0,0,0,0,0,0,0,0,0,0,0,0,0,0,0,0,0,0,0,0,0,0,0,0,0,0,0,0,0,0,0,0,0.0,0,0.0,5126.5599999999995,0.0,0,0,17.5,35.939873,18.43987274169922
female,White,not Hispanic or Latino,155.96,87.5,0,0.0,0.0,0.0,0.0,0.0,0.0,0.0,0.0,0.0,0.0,0.0,0.0,0.0,0.0,0.0,0.0,0.0,0.0,A/G,0,0,0,*1/*1,A/G,G/T,C/T,C/G,G/G,C/T,A/C,6.0,*1/*1,0,AG,0,0,0,0,0,0,0,0,0,0,0,0,0,0,0,0,0,0,0,0,0,0,0,0,0,0,0,0,0,0,0,0,0,0,0,0,0,0,0,0,0,0,0,0,0,0.0,0,0.0,7656.25,0.0,0,0,51.1,33.647194,17.452806091308595
female,White,not Hispanic or Latino,159.0,66.2,0,0.0,0.0,0.0,0.0,0.0,0.0,0.0,0.0,0.0,0.0,0.0,0.0,0.0,0.0,0.0,0.0,0.0,0.0,A/G,0,0,0,*1/*1,A/G,0,0,0,0,0,0,6.0,*1/*1,0,AG,0,0,0,0,0,0,0,0,0,0,0,0,0,0,0,0,0,0,0,0,0,0,0,0,0,0,0,0,0,0,0,0,0,0,0,0,0,0,0,0,0,0,0,0,0,0.0,0,0.0,4382.4400000000005,0.0,0,0,49.0,28.733294,20.266706466674805
female,White,not Hispanic or Latino,164.08,69.6,0,0.0,0.0,0.0,0.0,0.0,0.0,0.0,0.0,0.0,0.0,0.0,0.0,0.0,0.0,0.0,0.0,0.0,0.0,G/G,0,0,0,*1/*1,G/G,0,0,0,0,0,0,7.0,*1/*1,0,GG,0,0,0,0,0,0,0,0,0,0,0,0,0,0,0,0,0,0,0,0,0,0,0,0,0,0,0,0,0,0,0,0,0,0,0,0,0,0,0,0,0,0,0,0,0,0.0,0,0.0,4844.159999999999,0.0,0,0,14.0,33.35974,19.3597412109375
male,White,not Hispanic or Latino,175.01,98.0,0,0.0,0.0,0.0,0.0,0.0,0.0,0.0,0.0,0.0,0.0,0.0,0.0,0.0,0.0,0.0,0.0,0.0,0.0,G/G,0,0,0,*1/*1,G/G,0,0,0,0,0,0,7.0,*1/*1,0,GG,0,0,0,0,0,0,0,0,0,0,0,0,0,0,0,0,0,0,0,0,0,0,0,0,0,0,0,0,0,0,0,0,0,0,0,0,0,0,0,0,0,0,0,0,0,0.0,0,0.0,9604.0,0.0,1,0,26.6,39.694145,13.094145202636717
male,White,not Hispanic or Latino,170.94,82.0,0,0.0,0.0,0.0,0.0,0.0,0.0,0.0,0.0,0.0,0.0,0.0,0.0,0.0,0.0,0.0,0.0,0.0,0.0,G/G,0,0,0,*1/*1,G/G,0,0,0,0,0,0,7.0,*1/*1,0,GG,0,0,0,0,0,0,0,0,0,0,0,0,0,0,0,0,0,0,0,0,0,0,0,0,0,0,0,0,0,0,0,0,0,0,0,0,0,0,0,0,0,0,0,0,0,0.0,0,0.0,6724.0,0.0,0,0,54.25,36.691994,17.558006286621094
female,White,not Hispanic or Latino,150.88,82.0,0,0.0,0.0,0.0,0.0,0.0,0.0,0.0,0.0,0.0,0.0,0.0,0.0,0.0,0.0,0.0,0.0,0.0,0.0,A/A,0,0,0,*1/*1,A/A,0,0,0,0,0,0,3.0,*1/*1,0,AA,0,0,0,0,0,0,0,0,0,0,0,0,0,0,0,0,0,0,0,0,0,0,0,0,0,0,0,0,0,0,0,0,0,0,0,0,0,0,0,0,0,0,0,0,0,0.0,0,0.0,6724.0,0.0,0,0,14.0,30.065502,16.065502166748047
male,White,not Hispanic or Latino,170.94,123.8,0,0.0,0.0,0.0,0.0,0.0,0.0,0.0,0.0,0.0,0.0,0.0,0.0,0.0,0.0,0.0,0.0,0.0,0.0,G/G,0,0,0,*1/*2,G/G,0,0,0,0,0,0,6.0,*1/*2,1,GG,0,0,0,0,0,0,0,0,0,0,0,0,0,0,0,0,0,0,0,0,0,0,0,0,0,0,0,0,0,0,0,0,0,0,0,0,0,0,0,0,0,0,0,0,0,0.0,0,123.8,15326.439999999999,0.0,1,0,27.02,40.12828,13.108280639648438
male,White,not Hispanic or Latino,154.94,76.2,0,0.0,0.0,0.0,0.0,0.0,0.0,0.0,0.0,0.0,0.0,0.0,0.0,0.0,0.0,0.0,0.0,0.0,0.0,A/G,0,0,0,*1/*1,0,G/T,T/T,C/C,G/G,T/T,C/C,5.0,*1/*1,0,AG,0,0,0,0,0,0,0,0,0,0,0,0,0,0,0,0,0,0,0,0,0,0,0,0,0,0,0,0,0,0,0,0,0,0,0,0,0,0,0,0,0,0,0,0,0,0.0,0,0.0,5806.4400000000005,0.0,0,0,16.03,31.135006,15.105005950927733
male,White,not Hispanic or Latino,175.01,79.8,0,0.0,0.0,0.0,0.0,0.0,0.0,0.0,0.0,0.0,0.0,0.0,0.0,0.0,0.0,0.0,0.0,0.0,0.0,A/G,0,0,0,*1/*1,A/G,0,0,0,0,0,0,7.0,*1/*1,0,AG,0,0,0,0,0,0,0,0,0,0,0,0,0,0,0,0,0,0,0,0,0,0,0,0,0,0,0,0,0,0,0,0,0,0,0,0,0,0,0,0,0,0,0,0,0,0.0,0,0.0,6368.04,0.0,0,0,46.97,29.209063,17.760937423706054
female,White,not Hispanic or Latino,160.02,68.9,0,0.0,0.0,0.0,0.0,0.0,0.0,0.0,0.0,0.0,0.0,0.0,0.0,0.0,0.0,0.0,0.0,0.0,0.0,A/G,0,0,0,*1/*2,A/G,0,0,0,0,0,0,6.0,*1/*2,1,AG,0,0,0,0,0,0,0,0,0,0,0,0,0,0,0,0,0,0,0,0,0,0,0,0,0,0,0,0,0,0,0,0,0,0,0,0,0,0,0,0,0,0,0,0,0,0.0,0,68.9,4747.210000000001,0.0,0,0,10.5,27.777107,17.27710723876953
male,White,not Hispanic or Latino,161.04,0.0,0,0.0,0.0,0.0,0.0,0.0,0.0,0.0,0.0,0.0,0.0,0.0,0.0,0.0,0.0,0.0,0.0,0.0,0.0,A/A,0,0,0,*1/*1,A/A,0,0,0,0,0,0,5.0,*1/*1,0,AA,0,0,0,0,0,0,0,0,0,0,0,0,0,0,0,0,0,0,0,0,0,0,0,0,0,0,0,0,0,0,0,0,0,0,0,0,0,0,0,0,0,0,0,0,0,0.0,0,0.0,0.0,0.0,0,0,10.5,26.353878,15.853878021240234
male,White,not Hispanic or Latino,180.09,114.3,0,0.0,0.0,0.0,0.0,0.0,0.0,0.0,0.0,0.0,0.0,0.0,0.0,0.0,0.0,0.0,0.0,0.0,0.0,A/G,0,0,0,*1/*1,A/G,0,0,0,0,0,0,5.0,*1/*1,0,AG,0,0,0,0,0,0,0,0,0,0,0,0,0,0,0,0,0,0,0,0,0,0,0,0,0,0,0,0,0,0,0,0,0,0,0,0,0,0,0,0,0,0,0,0,0,0.0,0,0.0,13064.49,0.0,1,0,29.75,43.004513,13.254512786865234
male,White,not Hispanic or Latino,161.04,54.0,0,0.0,0.0,0.0,0.0,0.0,0.0,0.0,0.0,0.0,0.0,0.0,0.0,0.0,0.0,0.0,0.0,0.0,0.0,A/G,0,0,0,*1/*1,A/G,G/T,C/T,C/G,A/G,C/T,C/C,6.0,*1/*1,0,AG,0,0,0,0,0,0,0,0,0,0,0,0,0,0,0,0,0,0,0,0,0,0,0,0,0,0,0,0,0,0,0,0,0,0,0,0,0,0,0,0,0,0,0,0,0,0.0,0,0.0,2916.0,0.0,0,0,14.0,28.966927,14.966926574707031
male,White,not Hispanic or Latino,165.1,55.0,0,0.0,0.0,0.0,0.0,0.0,0.0,0.0,0.0,0.0,0.0,0.0,0.0,0.0,0.0,0.0,0.0,0.0,0.0,A/A,0,0,0,*1/*2,A/A,0,0,0,0,0,0,6.0,*1/*2,1,AA,0,0,0,0,0,0,0,0,0,0,0,0,0,0,0,0,0,0,0,0,0,0,0,0,0,0,0,0,0,0,0,0,0,0,0,0,0,0,0,0,0,0,0,0,0,0.0,0,55.0,3025.0,0.0,0,0,7.0,21.53218,14.532180786132812
male,White,not Hispanic or Latino,177.8,84.4,4,0.0,1.0,0.0,0.0,0.0,0.0,0.0,0.0,0.0,0.0,0.0,0.0,0.0,0.0,0.0,0.0,0.0,0.0,0,0,G/G,0,*1/*1,0,0,0,G/G,0,0,0,6.0,*1/*1,0,GG,0,0,0,0,0,0,0,0,0,0,0,0,0,0,0,0,0,0,0,0,0,0,0,1,0,0,0,0,0,0,0,0,0,0,0,0,0,0,0,0,0,0,0,0,0,0.0,0,0.0,7123.360000000001,1.0,0,0,32.5,59.327175,26.82717514038086
male,White,Unknown,173.99,73.3,3,0.0,0.0,0.0,0.0,0.0,0.0,0.0,0.0,0.0,0.0,0.0,0.0,0.0,0.0,0.0,0.0,0.0,0.0,0,0,C/G,0,*1/*1,0,0,0,C/G,0,0,0,8.0,*1/*1,0,GG,0,1,0,1,0,0,0,0,0,0,0,0,0,0,0,0,0,0,0,0,0,0,0,0,0,0,0,0,0,0,0,0,0,0,0,0,0,0,0,0,0,0,0,0,0,0.0,0,0.0,5372.889999999999,0.0,0,0,14.0,27.06359,13.063589096069336
female,White,Unknown,158.75,87.5,2,0.0,0.0,0.0,0.0,0.0,0.0,0.0,0.0,0.0,0.0,0.0,0.0,0.0,0.0,0.0,0.0,0.0,0.0,0,0,C/G,0,*1/*2,0,0,0,C/G,0,0,0,6.0,*1/*2,1,GG,0,0,0,0,0,0,0,0,0,0,0,0,0,0,0,0,0,0,0,0,0,0,0,0,0,0,0,0,0,1,0,0,0,0,0,0,0,0,0,0,0,0,0,0,0,0.0,0,87.5,7656.25,0.0,0,0,45.0,29.493614,15.506385803222656
male,White,Unknown,167.64,70.3,8,0.0,0.0,0.0,0.0,0.0,0.0,0.0,0.0,0.0,0.0,0.0,0.0,0.0,0.0,0.0,0.0,0.0,0.0,0,0,C/G,0,*1/*1,0,0,0,C/G,0,0,0,4.0,*1/*1,0,GG,0,0,0,0,0,0,0,0,0,0,0,0,0,0,0,0,0,0,0,0,0,0,0,0,1,0,0,0,0,0,0,0,0,0,0,0,0,0,0,0,0,0,0,0,0,0.0,0,0.0,4942.089999999999,1.0,0,0,20.0,39.331875,19.33187484741211
male,White,Unknown,171.45,85.0,4,0.0,1.0,0.0,0.0,0.0,0.0,0.0,0.0,0.0,0.0,0.0,0.0,0.0,0.0,0.0,0.0,0.0,0.0,0,0,G/G,0,*1/*1,G/G,T/T,C/C,G/G,A/A,C/C,C/C,6.0,*1/*1,0,GG,0,0,0,1,0,0,0,0,0,0,0,0,0,0,0,0,0,0,0,0,0,0,0,0,0,0,0,0,0,0,0,0,0,0,0,0,0,0,0,0,0,0,0,0,0,0.0,0,0.0,7225.0,0.0,0,0,65.0,47.84417,17.15583038330078
male,White,not Hispanic or Latino,170.18,77.1,2,0.0,0.0,0.0,0.0,0.0,0.0,0.0,0.0,0.0,0.0,0.0,0.0,0.0,0.0,0.0,0.0,0.0,0.0,0,0,G/G,0,*1/*1,G/G,T/T,C/C,G/G,A/G,C/C,A/C,7.0,*1/*1,0,GG,0,0,0,0,0,0,0,0,0,0,0,0,0,0,0,0,0,0,0,0,0,0,0,0,0,0,0,0,0,0,0,0,0,0,0,0,0,0,0,0,0,0,0,0,0,0.0,0,0.0,5944.409999999999,0.0,0,0,55.0,41.016308,13.983692169189453
male,White,Unknown,177.8,135.2,3,0.0,0.0,0.0,0.0,0.0,0.0,0.0,0.0,0.0,0.0,0.0,0.0,0.0,0.0,0.0,0.0,0.0,0.0,0,0,C/G,0,*1/*1,0,0,0,C/G,0,0,0,7.0,*1/*1,0,GG,0,0,0,0,0,0,0,0,0,0,0,0,0,0,0,0,0,0,0,0,0,0,0,0,0,0,0,0,0,0,0,0,0,0,0,0,0,0,0,0,0,0,0,0,0,0.0,0,0.0,18279.039999999997,0.0,1,0,22.5,44.61203,22.112030029296875
male,White,not Hispanic or Latino,177.8,83.9,3,0.0,0.0,0.0,0.0,0.0,0.0,0.0,0.0,0.0,0.0,0.0,0.0,0.0,0.0,0.0,0.0,0.0,0.0,0,0,C/G,0,*1/*2,A/G,G/T,C/T,C/G,G/G,C/T,A/C,5.0,*1/*2,1,GG,0,0,0,0,0,0,0,0,0,0,0,0,0,0,0,0,0,0,0,0,0,0,0,0,0,0,0,0,0,0,0,0,0,0,0,0,0,0,0,0,0,0,0,0,0,0.0,0,83.9,7039.210000000001,0.0,0,0,22.5,36.709236,14.209236145019531
male,White,Unknown,175.26,101.2,3,0.0,0.0,0.0,0.0,0.0,0.0,0.0,0.0,0.0,0.0,0.0,0.0,0.0,0.0,0.0,0.0,0.0,0.0,0,0,G/G,0,*1/*1,0,0,0,G/G,0,0,0,6.0,*1/*1,0,GG,0,0,0,0,0,0,0,0,0,0,0,0,0,0,0,0,0,0,0,0,0,0,0,0,0,0,0,0,0,0,0,0,0,0,0,0,0,0,0,0,0,0,0,0,0,0.0,0,0.0,10241.44,0.0,1,0,27.5,45.17106,17.671058654785156
male,White,Unknown,182.88,88.5,4,0.0,1.0,0.0,0.0,0.0,0.0,0.0,0.0,0.0,0.0,0.0,0.0,0.0,0.0,0.0,0.0,0.0,0.0,0,0,C/C,0,*1/*1,0,0,0,C/C,0,0,0,7.0,*1/*1,0,GG,0,0,0,0,0,0,0,0,0,0,0,0,0,0,0,0,0,0,0,0,0,0,0,1,0,0,0,0,0,0,0,0,0,0,0,0,0,0,0,0,0,0,0,0,0,0.0,0,0.0,7832.25,1.0,0,0,20.0,36.75528,16.755279541015625
male,White,Unknown,179.83,92.5,3,0.0,0.0,0.0,0.0,0.0,0.0,0.0,0.0,0.0,0.0,0.0,0.0,0.0,0.0,0.0,0.0,0.0,0.0,0,0,C/G,0,*1/*1,0,0,0,C/G,0,0,0,5.0,*1/*1,0,GG,0,0,0,0,0,0,0,0,0,0,0,0,0,0,0,0,0,0,0,0,0,0,0,0,0,0,0,0,0,0,0,0,0,0,0,0,0,0,0,0,0,0,0,0,0,0.0,0,0.0,8556.25,0.0,1,0,65.0,40.339375,24.660625457763672
female,Unknown,Unknown,157.48,62.1,3,0.0,0.0,0.0,0.0,0.0,0.0,0.0,0.0,0.0,0.0,0.0,0.0,0.0,0.0,0.0,0.0,0.0,0.0,0,0,G/G,0,*1/*2,0,0,0,G/G,0,0,0,7.0,*1/*2,1,GG,0,1,0,0,0,0,0,0,0,0,0,0,0,0,0,0,0,0,0,0,0,0,0,0,0,0,0,0,0,0,0,0,0,0,0,0,0,0,0,0,0,0,0,0,0,0.0,0,62.1,3856.4100000000003,0.0,0,0,43.0,24.110186,18.889814376831055
female,Asian,not Hispanic or Latino,158.0,48.0,4,0.0,1.0,0.0,0.0,0.0,0.0,0.0,0.0,0.0,0.0,0.0,0.0,0.0,0.0,0.0,0.0,0.0,0.0,A/A,T/T,0,G/G,*1/*1,A/A,0,T/T,0,G/G,0,0,5.0,*1/*1,0,AA,0,0,0,0,0,0,0,0,0,0,0,0,0,0,0,0,0,0,0,0,0,0,0,0,0,0,0,0,0,0,0,0,0,0,0,0,0,0,0,0,0,0,0,0,0,0.0,0,0.0,2304.0,0.0,0,0,38.5,24.738691,13.761308670043945
female,Asian,not Hispanic or Latino,159.0,49.0,4,0.0,1.0,0.0,0.0,0.0,0.0,0.0,0.0,0.0,0.0,0.0,0.0,0.0,1.0,0.0,0.0,0.0,0.0,A/A,T/T,0,G/G,*1/*1,A/A,0,T/T,0,G/G,0,0,6.0,*1/*1,0,AA,0,0,0,0,0,0,0,0,0,0,0,0,0,0,0,0,0,0,0,1,0,0,0,0,0,0,0,0,0,0,0,0,0,0,0,0,0,0,0,0,0,0,0,0,0,0.0,0,0.0,2401.0,0.0,0,0,24.5,72.588036,48.088035583496094
female,Asian,not Hispanic or Latino,164.0,62.0,4,0.0,1.0,0.0,0.0,0.0,0.0,0.0,0.0,0.0,0.0,0.0,0.0,0.0,0.0,0.0,0.0,0.0,0.0,A/G,C/T,0,A/G,*1/*1,A/G,0,C/T,0,A/G,0,0,4.0,*1/*1,0,AG,0,0,0,0,0,0,0,0,0,0,0,0,0,0,0,0,0,0,0,0,0,0,0,0,0,0,0,0,0,0,0,0,0,0,0,0,0,0,0,0,0,0,0,0,0,0.0,0,0.0,3844.0,0.0,0,0,56.0,36.11859,19.88140869140625
female,Asian,not Hispanic or Latino,156.0,47.0,4,0.0,1.0,0.0,0.0,0.0,0.0,0.0,0.0,0.0,0.0,0.0,0.0,0.0,0.0,0.0,0.0,0.0,0.0,A/G,C/T,0,A/G,*1/*1,A/G,0,C/T,0,A/G,0,0,4.0,*1/*1,0,AG,0,0,0,0,0,0,0,0,0,0,0,0,0,0,0,0,0,0,0,0,0,0,0,0,0,0,0,0,0,0,0,0,0,0,0,0,0,0,0,0,0,0,0,0,0,0.0,0,0.0,2209.0,0.0,0,0,49.0,34.985744,14.01425552368164
female,Asian,not Hispanic or Latino,160.0,70.0,4,0.0,1.0,0.0,0.0,0.0,0.0,0.0,0.0,0.0,0.0,0.0,0.0,0.0,0.0,0.0,0.0,0.0,0.0,0,T/T,0,G/G,*1/*1,0,0,T/T,0,G/G,0,0,6.0,*1/*1,0,GG,0,0,0,0,0,0,0,0,0,0,0,0,0,0,0,0,0,0,0,0,0,0,0,0,0,0,0,0,0,0,0,0,0,0,0,0,0,0,0,0,0,0,0,0,0,0.0,0,0.0,4900.0,0.0,0,0,15.75,29.072992,13.322992324829102
female,Asian,not Hispanic or Latino,164.0,74.0,4,1.0,1.0,0.0,0.0,0.0,0.0,0.0,0.0,0.0,0.0,0.0,0.0,0.0,0.0,0.0,0.0,0.0,0.0,A/A,T/T,0,G/G,*1/*1,A/A,0,T/T,0,G/G,0,0,5.0,*1/*1,0,AA,0,0,0,0,0,0,0,0,0,0,0,0,0,0,0,0,0,0,0,0,0,0,0,0,0,0,0,0,0,0,0,0,0,0,0,0,0,0,0,0,0,0,0,0,0,0.0,0,0.0,5476.0,0.0,0,0,45.5,25.393425,20.10657501220703
male,Unknown,Unknown,0.0,65.0,0,0.0,0.0,0.0,0.0,0.0,0.0,0.0,0.0,0.0,0.0,0.0,0.0,0.0,0.0,0.0,0.0,0.0,0.0,0,C/C,0,0,*1/*1,0,0,C/C,0,0,0,0,6.0,*1/*1,0,GG,0,0,0,0,0,0,0,0,0,0,0,0,0,0,0,0,0,0,0,0,0,0,0,0,0,0,0,0,0,0,0,0,0,0,0,0,0,0,0,0,0,0,0,0,0,0.0,0,0.0,4225.0,0.0,0,0,52.5,34.11108,18.388919830322266
female,Unknown,Unknown,0.0,118.0,0,0.0,0.0,0.0,0.0,0.0,0.0,0.0,0.0,0.0,0.0,0.0,0.0,0.0,0.0,0.0,0.0,0.0,0.0,0,C/T,0,0,*1/*1,0,0,C/T,0,0,0,0,6.0,*1/*1,0,GG,0,0,0,0,0,0,0,0,0,0,0,0,0,0,0,0,0,0,0,0,0,0,0,0,0,0,0,0,0,0,0,0,0,0,0,0,0,0,0,0,0,0,0,0,0,0.0,0,0.0,13924.0,0.0,1,0,55.0,39.526608,15.473392486572266
male,Unknown,Unknown,0.0,120.5,0,0.0,0.0,0.0,0.0,0.0,0.0,0.0,0.0,0.0,0.0,0.0,0.0,0.0,0.0,0.0,0.0,0.0,0.0,0,C/T,0,0,*1/*1,0,0,C/T,0,0,0,0,5.0,*1/*1,0,GG,0,0,0,0,0,0,0,0,0,0,0,0,0,0,0,0,0,0,0,0,0,0,0,0,0,0,0,0,0,0,0,0,0,0,0,0,0,0,0,0,0,0,0,0,0,0.0,0,0.0,14520.25,0.0,1,0,70.0,41.04792,28.95207977294922
male,Unknown,Unknown,0.0,107.0,0,0.0,0.0,0.0,0.0,0.0,0.0,0.0,0.0,0.0,0.0,0.0,0.0,0.0,0.0,0.0,0.0,0.0,0.0,0,C/C,0,0,*1/*1,0,0,C/C,0,0,0,0,7.0,*1/*1,0,GG,0,0,0,0,0,0,0,0,0,0,0,0,0,0,0,0,0,0,0,0,0,0,0,0,0,0,0,0,0,0,0,0,0,0,0,0,0,0,0,0,0,0,0,0,0,0.0,0,0.0,11449.0,0.0,1,0,70.0,38.69143,31.308570861816406
female,Unknown,Unknown,0.0,66.4,0,0.0,0.0,0.0,0.0,0.0,0.0,0.0,0.0,0.0,0.0,0.0,0.0,0.0,0.0,0.0,0.0,0.0,0.0,0,C/C,0,0,*1/*1,0,0,C/C,0,0,0,0,6.0,*1/*1,0,GG,0,0,0,0,0,0,0,0,0,0,0,0,0,0,0,0,0,0,0,0,0,0,0,0,0,0,0,0,0,0,0,0,0,0,0,0,0,0,0,0,0,0,0,0,0,0.0,0,0.0,4408.960000000001,0.0,0,0,17.5,34.11108,16.611080169677734
female,Unknown,Unknown,0.0,150.9,0,0.0,0.0,0.0,0.0,0.0,0.0,0.0,0.0,0.0,0.0,0.0,0.0,0.0,0.0,0.0,0.0,0.0,0.0,0,C/T,0,0,*1/*2,0,0,C/T,0,0,0,0,5.0,*1/*2,1,GG,0,0,0,0,0,0,0,0,0,0,0,0,0,0,0,0,0,0,0,0,0,0,0,0,0,0,0,0,0,0,0,0,0,0,0,0,0,0,0,0,0,0,0,0,0,0.0,0,150.9,22770.81,0.0,1,0,22.5,39.986103,17.486103057861328
male,Unknown,Unknown,0.0,85.0,0,0.0,0.0,0.0,0.0,0.0,0.0,0.0,0.0,0.0,0.0,0.0,0.0,0.0,0.0,0.0,0.0,0.0,0.0,0,T/T,0,0,*1/*1,0,0,T/T,0,0,0,0,5.0,*1/*1,0,GG,0,0,0,0,0,0,0,0,0,0,0,0,0,0,0,0,0,0,0,0,0,0,0,0,0,0,0,0,0,0,0,0,0,0,0,0,0,0,0,0,0,0,0,0,0,0.0,0,0.0,7225.0,0.0,0,0,17.5,31.75074,14.250740051269531
male,Unknown,Unknown,0.0,97.3,0,0.0,0.0,0.0,0.0,0.0,0.0,0.0,0.0,0.0,0.0,0.0,0.0,0.0,0.0,0.0,0.0,0.0,0.0,0,C/C,0,0,*1/*1,0,0,C/C,0,0,0,0,7.0,*1/*1,0,GG,0,0,0,0,0,0,0,0,0,0,0,0,0,0,0,0,0,0,0,0,0,0,0,0,0,0,0,0,0,0,0,0,0,0,0,0,0,0,0,0,0,0,0,0,0,0.0,0,0.0,9467.289999999999,0.0,1,0,70.0,39.031525,30.968475341796875
female,Unknown,Unknown,0.0,71.0,0,0.0,0.0,0.0,0.0,0.0,0.0,0.0,0.0,0.0,0.0,0.0,0.0,0.0,0.0,0.0,0.0,0.0,0.0,0,C/C,0,0,*1/*1,0,0,C/C,0,0,0,0,6.0,*1/*1,0,GG,0,0,0,0,0,0,0,0,0,0,0,0,0,0,0,0,0,0,0,0,0,0,0,0,0,0,0,0,0,0,0,0,0,0,0,0,0,0,0,0,0,0,0,0,0,0.0,0,0.0,5041.0,0.0,0,0,15.0,35.900806,20.900806427001953
male,White,not Hispanic or Latino,0.0,88.0,3,1.0,0.0,0.0,0.0,0.0,0.0,0.0,0.0,0.0,0.0,0.0,0.0,0.0,0.0,0.0,0.0,0.0,0.0,A/G,C/T,0,0,*1/*1,A/G,0,C/T,0,0,0,0,5.0,*1/*1,0,AG,0,0,0,0,0,0,0,0,0,0,0,0,0,0,0,0,0,0,0,0,0,0,0,0,0,0,0,0,1,1,0,0,0,0,0,0,0,0,0,0,0,0,0,1,0,0.0,0,0.0,7744.0,0.0,0,0,65.03,38.279392,26.75060775756836
male,White,not Hispanic or Latino,0.0,177.0,5,1.0,0.0,1.0,0.0,0.0,0.0,0.0,0.0,0.0,0.0,0.0,0.0,0.0,0.0,0.0,0.0,0.0,0.0,A/G,C/T,C/G,0,*1/*1,A/G,0,C/T,C/G,0,C/T,0,5.0,*1/*1,0,AG,0,0,0,0,0,0,0,0,0,0,0,0,0,0,0,0,0,0,0,0,0,0,0,0,0,0,0,0,0,0,0,0,0,0,0,0,0,0,0,0,0,0,0,0,0,0.0,0,0.0,31329.0,0.0,1,0,65.03,50.413246,14.616753845214845
male,White,not Hispanic or Latino,0.0,93.0,5,1.0,0.0,0.0,0.0,0.0,0.0,0.0,0.0,0.0,0.0,0.0,0.0,0.0,0.0,0.0,0.0,0.0,0.0,A/G,C/T,C/G,0,*1/*1,A/G,0,C/T,C/G,0,C/T,0,5.0,*1/*1,0,AG,0,0,0,0,0,0,0,0,0,0,0,0,0,0,0,0,0,0,0,0,0,0,0,0,0,0,0,0,0,0,0,0,0,0,0,0,0,0,0,0,0,0,0,0,0,0.0,0,0.0,8649.0,0.0,1,0,57.47,38.234562,19.235438079833983
female,White,not Hispanic or Latino,0.0,128.0,3,0.0,0.0,0.0,0.0,0.0,0.0,0.0,0.0,0.0,0.0,0.0,0.0,0.0,0.0,0.0,0.0,0.0,0.0,G/G,C/C,G/G,0,*1/*1,G/G,0,C/C,G/G,0,C/C,0,6.0,*1/*1,0,GG,0,0,0,0,0,0,0,0,0,0,0,0,0,0,0,0,0,0,0,0,0,0,0,0,0,0,0,0,1,0,0,0,0,0,0,0,0,0,0,0,0,0,0,0,0,0.0,0,0.0,16384.0,0.0,1,0,35.0,60.558537,25.558536529541016
female,White,not Hispanic or Latino,0.0,66.0,1 or 2,0.0,0.0,0.0,0.0,0.0,0.0,0.0,0.0,0.0,0.0,0.0,0.0,0.0,0.0,0.0,0.0,0.0,0.0,A/G,C/T,C/G,0,*1/*1,A/G,0,C/T,C/G,0,C/T,0,1.0,*1/*1,0,AG,0,0,0,0,0,0,0,0,0,0,0,0,0,0,0,0,0,0,0,0,0,0,0,0,0,0,0,0,0,0,0,0,0,0,0,0,0,0,0,0,0,0,0,0,0,0.0,0,0.0,4356.0,0.0,0,0,55.02,41.50143,13.518569488525394
female,White,not Hispanic or Latino,0.0,73.0,1 or 2,0.0,0.0,0.0,0.0,0.0,0.0,0.0,0.0,0.0,0.0,0.0,0.0,0.0,0.0,0.0,0.0,0.0,0.0,0,0,C/C,0,*2/*3,0,0,0,C/C,0,T/T,0,1.0,*2/*3,3,GG,0,0,0,0,0,0,0,0,0,0,0,0,0,0,0,0,0,0,0,0,0,0,0,0,0,0,0,0,0,0,0,0,0,0,0,0,0,0,0,0,0,0,0,0,0,0.0,0,219.0,5329.0,0.0,0,0,14.0,30.778097,16.77809715270996
female,Black or African American,not Hispanic or Latino,170.18,128.6,6,0.0,0.0,1.0,1.0,0.0,0.0,0.0,0.0,0.0,0.0,0.0,0.0,0.0,0.0,0.0,0.0,0.0,0.0,G/G,C/C,C/G,A/G,*1/*1,G/G,T/T,C/C,C/G,A/G,C/C,C/C,6.0,*1/*1,0,GG,0,1,1,0,0,0,0,0,0,0,0,0,0,0,0,0,0,0,0,0,0,0,0,0,0,0,0,0,1,1,0,1,0,0,0,0,0,0,0,0,0,0,0,0,0,0.0,0,0.0,16537.96,2.0,1,0,70.0,46.397427,23.60257339477539
male,Black or African American,not Hispanic or Latino,185.42,134.1,1,0.0,0.0,0.0,0.0,0.0,0.0,0.0,0.0,0.0,0.0,0.0,0.0,0.0,0.0,0.0,0.0,0.0,0.0,G/G,C/C,G/G,A/A,*1/*1,G/G,T/T,C/C,G/G,A/A,C/C,C/C,7.0,*1/*1,0,GG,0,0,0,0,0,0,0,0,0,0,0,0,0,0,0,0,0,0,0,0,0,0,0,0,0,0,0,0,1,0,0,0,0,0,0,0,0,0,0,0,0,0,0,0,0,0.0,0,0.0,17982.809999999998,0.0,1,0,55.0,68.87233,13.872329711914062
female,Black or African American,not Hispanic or Latino,160.02,79.1,1,0.0,0.0,1.0,0.0,0.0,0.0,1.0,0.0,0.0,0.0,0.0,0.0,0.0,0.0,0.0,0.0,0.0,0.0,G/G,C/C,G/G,G/G,*1/*5,G/G,T/T,C/C,G/G,G/G,0,C/C,4.0,*1/*5,0,GG,0,0,0,0,0,0,0,0,0,0,0,0,0,0,0,0,0,0,0,0,0,0,0,0,0,1,0,0,1,0,0,0,0,0,0,0,0,0,0,0,0,0,0,0,0,0.0,0,0.0,6256.8099999999995,2.0,0,0,25.0,45.539387,20.539386749267578
female,Black or African American,not Hispanic or Latino,162.56,175.0,2,0.0,0.0,0.0,0.0,0.0,0.0,0.0,0.0,0.0,0.0,0.0,0.0,0.0,0.0,0.0,0.0,0.0,1.0,0,0,C/G,G/G,*1/*1,0,T/T,0,C/G,G/G,0,C/C,6.0,*1/*1,0,GG,0,0,0,0,0,0,0,0,0,0,0,0,0,0,0,0,0,0,0,0,0,0,0,0,0,0,0,0,1,0,0,0,0,0,0,0,0,0,0,0,0,0,0,0,0,0.0,0,0.0,30625.0,0.0,1,0,30.0,57.10948,27.109481811523438
female,Black or African American,not Hispanic or Latino,160.02,80.0,1; 2,0.0,0.0,1.0,0.0,0.0,0.0,0.0,0.0,0.0,0.0,0.0,0.0,0.0,0.0,0.0,0.0,0.0,0.0,G/G,C/C,G/G,A/G,*1/*1,G/G,T/T,C/C,G/G,A/G,0,C/C,6.0,*1/*1,0,GG,0,1,0,0,0,0,0,0,0,0,0,0,0,0,0,0,0,0,0,0,0,0,0,0,0,0,0,1,1,0,0,1,0,0,0,0,0,0,0,0,0,0,0,0,0,0.0,0,0.0,6400.0,0.0,0,0,25.0,39.83518,14.83517837524414
male,Black or African American,not Hispanic or Latino,182.88,100.0,1,0.0,0.0,0.0,0.0,1.0,0.0,0.0,0.0,0.0,0.0,0.0,0.0,0.0,0.0,0.0,0.0,0.0,0.0,G/G,C/C,G/G,A/A,*1/*1,G/G,T/T,C/C,G/G,0,C/C,C/C,6.0,*1/*1,0,GG,0,1,0,0,0,0,0,0,0,0,0,0,0,0,0,0,0,0,0,0,0,0,0,0,1,0,0,0,1,0,0,1,0,0,0,0,0,0,0,0,0,0,0,0,0,0.0,0,0.0,10000.0,2.0,1,0,32.5,49.017242,16.517242431640625
male,White,not Hispanic or Latino,183.0,91.0,3,0.0,0.0,0.0,0.0,0.0,0.0,0.0,0.0,0.0,0.0,0.0,1.0,0.0,0.0,0.0,0.0,0.0,0.0,A/G,0,C/G,A/G,*1/*1,A/G,G/T,0,C/G,A/G,C/T,0,7.0,*1/*1,0,AG,0,0,0,0,0,0,0,0,0,0,0,0,0,0,0,0,0,0,0,0,1,0,0,0,0,0,0,0,1,0,0,0,0,0,0,0,0,0,0,0,0,0,0,0,0,0.0,0,0.0,8281.0,0.0,1,0,62.5,44.198185,18.301815032958984
male,White,not Hispanic or Latino,181.0,88.0,8,0.0,0.0,0.0,1.0,0.0,0.0,0.0,0.0,0.0,0.0,0.0,0.0,0.0,0.0,0.0,0.0,0.0,0.0,G/G,C/C,G/G,0,*1/*2,G/G,T/T,C/C,G/G,0,C/C,0,6.0,*1/*2,1,GG,0,0,1,0,0,0,0,0,0,0,0,0,0,0,0,0,0,0,0,0,0,0,0,0,0,0,0,0,1,0,0,0,0,0,0,0,0,0,0,0,0,0,0,0,0,0.0,0,88.0,7744.0,2.0,0,0,25.0,41.54911,16.549110412597656
male,White,not Hispanic or Latino,178.0,60.0,4,0.0,1.0,0.0,0.0,0.0,0.0,0.0,0.0,0.0,0.0,0.0,0.0,0.0,0.0,0.0,0.0,0.0,0.0,G/G,C/C,G/G,A/G,*1/*1,G/G,T/T,C/C,G/G,A/G,C/C,0,2.0,*1/*1,0,GG,0,0,0,0,0,0,0,0,0,0,0,0,0,0,0,0,0,0,0,0,0,0,0,0,0,0,0,0,0,0,0,0,0,0,0,0,0,0,0,0,0,0,0,0,0,0.0,0,0.0,3600.0,0.0,0,0,73.5,56.15671,17.34328842163086
male,White,not Hispanic or Latino,180.0,78.0,4,0.0,1.0,0.0,0.0,0.0,0.0,0.0,0.0,0.0,0.0,0.0,0.0,0.0,0.0,0.0,0.0,0.0,0.0,G/G,C/C,G/G,A/A,*1/*1,G/G,T/T,C/C,G/G,A/A,C/C,0,8.0,*1/*1,0,GG,0,0,0,0,0,0,0,0,0,0,0,0,0,0,0,0,0,0,0,0,0,0,0,0,0,0,0,0,1,0,0,0,0,0,0,0,0,0,0,0,0,0,0,0,0,0.0,0,0.0,6084.0,0.0,0,0,33.75,47.760246,14.010246276855469
male,White,not Hispanic or Latino,177.0,93.0,3; 5,1.0,0.0,0.0,0.0,0.0,0.0,0.0,0.0,0.0,0.0,1.0,0.0,0.0,0.0,0.0,0.0,0.0,0.0,G/G,C/C,G/G,A/G,*1/*2,G/G,T/T,C/C,G/G,A/G,C/C,0,5.0,*1/*2,1,GG,1,0,0,0,0,0,0,0,0,0,0,0,0,0,0,0,0,0,0,0,0,0,0,0,0,0,0,0,1,0,0,0,0,0,0,0,0,0,0,0,0,0,0,0,0,93.0,1,93.0,8649.0,96.0,1,0,76.5,39.96034,36.5396614074707
male,White,not Hispanic or Latino,190.0,85.0,3,0.0,0.0,0.0,0.0,0.0,0.0,0.0,0.0,0.0,0.0,0.0,0.0,0.0,0.0,0.0,0.0,0.0,0.0,G/G,C/C,G/G,A/G,*1/*2,G/G,T/T,C/C,G/G,A/G,C/C,0,6.0,*1/*2,1,GG,0,0,0,0,0,0,0,0,0,0,0,0,0,0,0,0,0,0,0,0,0,0,0,0,0,0,0,0,1,0,0,0,0,0,0,0,0,0,0,0,0,0,0,0,0,0.0,0,85.0,7225.0,0.0,0,0,26.75,43.908096,17.158096313476562
male,White,not Hispanic or Latino,178.0,71.0,3,0.0,0.0,0.0,0.0,0.0,0.0,0.0,0.0,0.0,0.0,0.0,0.0,0.0,0.0,0.0,0.0,0.0,0.0,0,0,G/G,A/G,*1/*1,0,T/T,0,G/G,A/G,C/C,0,6.0,*1/*1,0,GG,0,0,0,0,0,0,0,0,0,0,0,0,0,0,0,0,0,0,0,0,0,0,0,0,0,0,0,0,0,0,0,0,0,0,0,0,0,0,0,0,0,0,0,0,0,0.0,0,0.0,5041.0,0.0,0,0,57.5,40.408367,17.091632843017578
female,White,not Hispanic or Latino,0.0,0.0,0,0.0,0.0,0.0,0.0,0.0,0.0,0.0,0.0,0.0,0.0,0.0,0.0,0.0,0.0,0.0,0.0,0.0,0.0,G/G,C/C,0,0,*1/*1,G/G,0,C/C,0,0,0,0,7.0,*1/*1,0,GG,0,0,0,0,0,0,0,0,0,0,0,0,0,0,0,0,0,0,0,0,0,0,0,0,0,0,0,0,0,0,0,0,0,0,0,0,0,0,0,0,0,0,0,0,0,0.0,0,0.0,0.0,0.0,0,0,49.0,34.733246,14.266754150390625
female,White,not Hispanic or Latino,0.0,0.0,0,0.0,0.0,0.0,0.0,0.0,0.0,0.0,0.0,0.0,0.0,0.0,0.0,0.0,0.0,0.0,0.0,0.0,0.0,A/G,C/T,0,0,*1/*1,A/G,0,C/T,0,0,0,0,7.0,*1/*1,0,AG,0,0,0,0,0,0,0,0,0,0,0,0,0,0,0,0,0,0,0,0,0,0,0,0,0,0,0,0,0,0,0,0,0,0,0,0,0,0,0,0,0,0,0,0,0,0.0,0,0.0,0.0,0.0,0,0,38.5,25.633821,12.866178512573242
male,White,not Hispanic or Latino,0.0,0.0,0,0.0,0.0,0.0,0.0,0.0,0.0,0.0,0.0,0.0,0.0,0.0,0.0,0.0,0.0,0.0,0.0,0.0,0.0,G/G,C/C,0,0,*1/*1,G/G,T/T,C/C,G/G,G/G,C/C,A/A,7.0,*1/*1,0,GG,0,0,0,0,0,0,0,0,0,0,0,0,0,0,0,0,0,0,0,0,0,0,0,0,0,0,0,0,0,0,0,0,0,0,0,0,0,0,0,0,0,0,0,0,0,0.0,0,0.0,0.0,0.0,0,0,56.0,35.68149,20.31850814819336
female,White,not Hispanic or Latino,0.0,0.0,0,0.0,0.0,0.0,0.0,0.0,0.0,0.0,0.0,0.0,0.0,0.0,0.0,0.0,0.0,0.0,0.0,0.0,0.0,A/G,C/T,0,0,*1/*1,A/G,0,C/T,0,0,0,0,5.0,*1/*1,0,AG,0,0,0,0,0,0,0,0,0,0,0,0,0,0,0,0,0,0,0,0,0,0,0,0,0,0,0,0,0,0,0,0,0,0,0,0,0,0,0,0,0,0,0,0,0,0.0,0,0.0,0.0,0.0,0,0,59.5,33.509422,25.990577697753906
female,White,not Hispanic or Latino,0.0,0.0,0,0.0,0.0,0.0,0.0,0.0,0.0,0.0,0.0,0.0,0.0,0.0,0.0,0.0,0.0,0.0,0.0,0.0,0.0,A/A,T/T,0,0,*1/*1,A/A,0,T/T,0,0,0,0,7.0,*1/*1,0,AA,0,0,0,0,0,0,0,0,0,0,0,0,0,0,0,0,0,0,0,0,0,0,0,0,0,0,0,0,0,0,0,0,0,0,0,0,0,0,0,0,0,0,0,0,0,0.0,0,0.0,0.0,0.0,0,0,5.25,19.037066,13.787065505981445
male,White,not Hispanic or Latino,0.0,0.0,0,0.0,0.0,0.0,0.0,0.0,0.0,0.0,0.0,0.0,0.0,0.0,0.0,0.0,0.0,0.0,0.0,0.0,0.0,A/G,C/T,0,0,*1/*2,A/G,0,C/T,0,0,0,0,7.0,*1/*2,1,AG,0,0,0,0,0,0,0,0,0,0,0,0,0,0,0,0,0,0,0,0,0,0,0,0,0,0,0,0,0,0,0,0,0,0,0,0,0,0,0,0,0,0,0,0,0,0.0,0,0.0,0.0,0.0,0,0,7.0,21.878729,14.878728866577148
male,Black or African American,not Hispanic or Latino,172.72,75.0,1,0.0,0.0,1.0,0.0,1.0,0.0,0.0,0.0,0.0,0.0,0.0,0.0,0.0,0.0,0.0,0.0,0.0,0.0,G/G,C/C,0,0,*1/*1,G/G,0,C/C,0,0,0,0,5.0,*1/*1,0,GG,0,0,0,0,0,0,0,0,0,0,0,0,0,0,0,0,0,0,0,0,0,0,0,0,0,0,0,0,0,0,0,0,0,0,0,0,0,0,0,0,0,0,0,0,0,0.0,0,0.0,5625.0,1.0,0,0,17.5,47.300945,29.800945281982422
female,Black or African American,not Hispanic or Latino,182.88,152.3,1,0.0,0.0,1.0,0.0,0.0,0.0,0.0,0.0,0.0,0.0,0.0,0.0,0.0,0.0,0.0,0.0,0.0,0.0,G/G,C/C,0,0,*1/*1,G/G,0,C/C,0,0,0,0,4.0,*1/*1,0,GG,0,0,0,0,0,0,0,0,0,0,0,0,0,0,0,0,0,0,0,0,0,0,0,0,0,0,0,0,1,0,0,0,0,0,0,0,0,0,0,0,0,0,0,0,0,0.0,0,0.0,23195.290000000005,0.0,1,0,52.5,70.16716,17.667160034179688
female,Black or African American,Unknown,175.26,207.7,2,1.0,0.0,1.0,0.0,0.0,0.0,0.0,0.0,0.0,0.0,0.0,0.0,0.0,0.0,0.0,0.0,0.0,0.0,G/G,C/C,0,0,*1/*1,G/G,0,C/C,0,0,0,0,3.0,*1/*1,0,GG,0,0,0,0,0,0,0,0,0,0,0,0,0,0,0,0,0,0,0,0,0,0,0,0,0,0,0,0,1,1,0,0,0,0,0,0,0,0,0,0,0,0,0,0,0,0.0,0,0.0,43139.28999999999,0.0,1,0,115.0,70.90726,44.092742919921875
male,Black or African American,not Hispanic or Latino,170.18,132.7,2,0.0,0.0,0.0,1.0,0.0,0.0,0.0,0.0,0.0,0.0,0.0,0.0,0.0,0.0,0.0,0.0,0.0,0.0,G/G,C/C,0,0,*1/*1,G/G,0,C/C,0,0,0,0,5.0,*1/*1,0,GG,0,0,1,1,0,0,0,0,0,0,0,0,0,0,0,0,0,0,0,0,0,0,0,0,0,0,0,0,0,1,0,0,0,0,0,0,0,0,0,0,0,0,1,0,0,0.0,0,0.0,17609.289999999997,2.0,1,0,78.0,60.79604,17.203960418701172
male,White,not Hispanic or Latino,180.34,86.4,5,1.0,0.0,0.0,0.0,0.0,0.0,0.0,1.0,0.0,0.0,0.0,0.0,0.0,0.0,0.0,0.0,0.0,0.0,G/G,C/C,0,0,*1/*1,G/G,0,C/C,0,0,0,0,5.0,*1/*1,0,GG,0,0,0,0,0,0,0,0,0,0,0,0,0,0,0,0,0,0,0,0,0,0,0,0,0,0,0,0,1,1,0,1,0,0,0,0,0,0,0,0,0,0,0,0,0,0.0,0,0.0,7464.960000000001,1.0,0,0,82.5,49.44181,33.058189392089844
female,Black or African American,not Hispanic or Latino,167.64,55.5,1,0.0,0.0,1.0,0.0,0.0,0.0,0.0,0.0,0.0,0.0,0.0,0.0,0.0,0.0,1.0,0.0,0.0,0.0,G/G,C/C,0,0,*1/*1,G/G,0,C/C,0,0,0,0,3.0,*1/*1,0,GG,0,0,0,1,0,0,0,0,0,0,0,0,0,0,0,0,0,0,0,0,0,0,0,0,0,0,0,0,0,0,0,0,0,0,0,0,0,0,0,0,0,0,0,0,0,0.0,0,0.0,3080.25,0.0,0,0,67.5,46.766754,20.733245849609375
female,White,not Hispanic or Latino,162.56,119.5,3,0.0,0.0,0.0,0.0,1.0,0.0,0.0,0.0,0.0,0.0,0.0,0.0,0.0,0.0,0.0,0.0,0.0,0.0,G/G,C/C,0,0,*1/*2,G/G,0,C/C,0,0,0,0,5.0,*1/*2,1,GG,0,0,0,0,0,0,0,0,0,0,0,0,0,0,0,0,0,0,0,0,0,0,0,0,0,0,0,0,1,0,0,0,0,0,0,0,0,0,0,0,0,0,0,0,0,0.0,0,119.5,14280.25,1.0,1,0,30.0,49.038002,19.038002014160156
female,Black or African American,not Hispanic or Latino,162.56,68.2,2,0.0,0.0,1.0,0.0,0.0,0.0,0.0,0.0,0.0,0.0,0.0,0.0,0.0,0.0,0.0,0.0,0.0,0.0,G/G,C/C,0,0,*1/*1,G/G,0,C/C,0,0,0,0,3.0,*1/*1,0,GG,0,0,0,0,0,0,0,0,0,0,0,0,0,0,0,0,0,0,0,0,0,0,0,0,0,0,0,0,0,0,0,0,0,0,0,0,0,0,0,0,0,0,0,0,0,0.0,0,0.0,4651.240000000001,0.0,0,0,17.5,50.538303,33.03830337524414
male,White,not Hispanic or Latino,170.18,65.9,3,1.0,0.0,1.0,0.0,0.0,0.0,0.0,0.0,0.0,0.0,0.0,0.0,0.0,0.0,0.0,0.0,0.0,0.0,A/G,0,0,0,0,A/G,0,0,0,0,0,0,9.0,UNKNOWN,0,AG,0,0,0,0,0,0,0,0,0,0,0,0,0,0,0,0,0,0,0,0,0,0,0,0,0,0,0,0,0,0,0,0,0,0,0,0,0,0,0,0,0,0,1,0,0,0.0,0,0.0,4342.81,0.0,0,0,8.0,22.10012,14.100120544433594
male,White,not Hispanic or Latino,180.34,104.5,3,1.0,0.0,0.0,0.0,0.0,0.0,0.0,0.0,0.0,0.0,0.0,0.0,0.0,0.0,0.0,0.0,0.0,1.0,G/G,C/C,0,0,*1/*1,G/G,0,C/C,0,0,0,0,6.0,*1/*1,0,GG,0,1,0,1,0,0,0,0,0,0,0,0,0,0,0,0,0,0,0,0,0,0,0,0,0,0,0,0,0,0,0,0,0,0,0,0,0,0,0,0,0,0,0,0,0,0.0,0,0.0,10920.25,0.0,1,0,90.0,44.870293,45.12970733642578
male,White,not Hispanic or Latino,175.26,82.3,1,0.0,0.0,1.0,1.0,0.0,0.0,0.0,0.0,0.0,0.0,0.0,0.0,0.0,0.0,0.0,0.0,0.0,0.0,A/G,C/T,0,0,*1/*1,A/G,0,C/T,0,0,0,0,4.0,*1/*1,0,AG,0,0,0,0,0,0,0,0,0,0,0,0,0,0,0,0,0,0,0,0,0,0,0,0,0,0,0,0,1,0,0,0,0,0,0,0,0,0,0,0,0,0,0,0,0,0.0,0,0.0,6773.29,1.0,0,0,25.0,43.59575,18.595748901367188
male,White,not Hispanic or Latino,182.88,78.6,8,0.0,1.0,0.0,0.0,1.0,0.0,0.0,0.0,0.0,0.0,0.0,0.0,0.0,0.0,0.0,0.0,0.0,0.0,G/G,C/C,0,0,*1/*1,G/G,0,C/C,0,0,0,0,5.0,*1/*1,0,GG,0,1,0,0,0,0,0,0,0,0,0,0,0,0,0,0,0,0,0,0,0,0,0,0,0,0,0,0,0,0,0,0,0,0,0,0,0,0,0,0,0,0,0,0,0,0.0,0,0.0,6177.959999999999,1.0,0,0,38.5,52.279186,13.779186248779297
male,Black or African American,not Hispanic or Latino,175.26,106.8,8,0.0,1.0,0.0,0.0,0.0,0.0,0.0,0.0,0.0,0.0,0.0,0.0,0.0,0.0,0.0,0.0,0.0,1.0,A/G,C/C,0,0,*1/*2,A/G,0,C/C,0,0,0,0,4.0,*1/*2,1,AG,0,0,0,0,0,0,0,0,0,0,0,0,0,0,0,0,0,0,0,0,0,0,0,0,0,0,0,0,0,0,0,0,0,0,0,0,0,0,0,0,0,0,0,0,0,0.0,0,106.8,11406.24,0.0,1,0,62.5,45.649128,16.850872039794922
male,White,not Hispanic or Latino,177.8,80.9,3,0.0,0.0,1.0,0.0,1.0,0.0,0.0,0.0,0.0,0.0,0.0,0.0,0.0,0.0,0.0,0.0,0.0,0.0,A/G,C/C,0,0,*1/*1,A/G,0,C/C,0,0,0,0,6.0,*1/*1,0,AG,0,0,0,0,0,0,0,0,0,0,0,0,0,0,0,0,0,0,0,0,0,0,0,0,0,0,0,0,1,0,0,0,0,0,0,0,0,0,0,0,0,0,0,0,0,0.0,0,0.0,6544.810000000001,1.0,0,0,15.0,39.44094,24.440940856933594
male,White,not Hispanic or Latino,187.96,86.4,1,0.0,0.0,0.0,0.0,0.0,0.0,0.0,0.0,0.0,0.0,0.0,0.0,0.0,0.0,0.0,0.0,0.0,0.0,A/G,C/T,0,0,*1/*3,A/G,0,C/T,0,0,0,0,5.0,*1/*3,2,AG,0,0,0,0,0,0,0,0,0,0,0,0,0,0,0,0,0,0,0,0,0,0,0,0,0,0,0,0,1,0,0,0,0,0,0,0,0,0,0,0,0,0,0,0,0,0.0,0,172.8,7464.960000000001,0.0,0,0,45.5,31.245481,14.254518508911133
female,Black or African American,not Hispanic or Latino,167.64,79.5,3,1.0,0.0,1.0,0.0,1.0,0.0,0.0,0.0,0.0,0.0,0.0,0.0,0.0,0.0,0.0,0.0,0.0,0.0,G/G,C/C,0,0,*1/*1,G/G,0,C/C,0,0,0,0,8.0,*1/*1,0,GG,0,0,0,0,0,0,0,0,0,0,0,0,0,0,0,0,0,0,0,0,0,0,0,0,0,0,0,0,0,0,0,0,0,0,0,0,0,0,0,0,0,0,1,0,0,0.0,0,0.0,6320.25,1.0,0,0,50.0,32.494904,17.505096435546875
female,Black or African American,not Hispanic or Latino,162.56,75.5,3,0.0,0.0,1.0,0.0,0.0,0.0,0.0,0.0,0.0,0.0,0.0,0.0,0.0,0.0,0.0,0.0,0.0,0.0,G/G,C/C,0,0,*1/*1,G/G,0,C/C,0,0,0,0,5.0,*1/*1,0,GG,0,0,0,0,0,0,0,0,0,0,0,0,0,0,0,0,0,0,0,0,0,0,0,0,0,0,0,0,1,0,0,0,0,0,0,0,0,0,0,0,0,0,0,0,0,0.0,0,0.0,5700.25,0.0,0,0,25.0,43.493126,18.493125915527344
female,White,not Hispanic or Latino,175.26,120.5,3,1.0,0.0,0.0,1.0,0.0,0.0,0.0,0.0,0.0,0.0,0.0,0.0,0.0,0.0,0.0,0.0,0.0,0.0,G/G,C/T,0,0,*1/*1,G/G,0,C/T,0,0,0,0,7.0,*1/*1,0,GG,0,1,0,0,0,0,0,0,0,0,0,0,0,0,0,0,0,0,0,0,0,0,0,0,0,0,0,0,0,1,0,0,0,0,0,0,0,0,0,0,0,0,0,0,0,0.0,0,0.0,14520.25,1.0,1,0,17.5,44.68533,27.18532943725586
male,White,not Hispanic or Latino,177.8,95.5,3,1.0,0.0,0.0,1.0,0.0,0.0,0.0,0.0,0.0,0.0,0.0,0.0,0.0,0.0,0.0,0.0,0.0,1.0,A/G,C/T,0,0,*1/*1,A/G,0,C/T,0,0,0,0,5.0,*1/*1,0,AG,0,1,1,0,0,0,0,0,0,0,0,0,0,0,0,0,0,0,0,0,0,0,0,0,0,0,0,0,0,1,0,0,0,0,0,0,0,0,0,0,0,0,0,0,0,0.0,0,0.0,9120.25,2.0,1,0,60.0,39.637375,20.362625122070312
male,White,not Hispanic or Latino,170.18,83.6,3,0.0,0.0,1.0,0.0,0.0,0.0,1.0,0.0,0.0,0.0,1.0,0.0,0.0,0.0,0.0,0.0,0.0,0.0,A/G,C/T,0,0,*1/*1,A/G,0,C/T,0,0,0,0,6.0,*1/*1,0,AG,1,1,0,0,0,0,0,0,0,0,0,0,0,0,0,0,0,0,0,0,0,0,0,0,0,1,0,0,1,0,0,0,0,0,0,0,0,0,0,0,0,0,0,0,0,83.6,0,0.0,6988.959999999999,87.6,0,0,17.5,32.8272,15.327201843261719
male,Black or African American,not Hispanic or Latino,182.88,71.8,3,0.0,0.0,1.0,1.0,0.0,0.0,0.0,0.0,0.0,0.0,0.0,0.0,0.0,0.0,0.0,0.0,0.0,1.0,A/G,C/C,0,0,*1/*1,A/G,0,C/C,0,0,0,0,6.0,*1/*1,0,AG,0,1,1,0,0,0,0,0,0,0,0,0,0,0,0,0,0,0,0,0,0,0,0,0,0,0,0,0,1,1,0,0,0,0,0,0,0,0,0,0,0,0,0,0,0,0.0,0,0.0,5155.24,2.0,0,0,60.0,33.298737,26.701263427734375
female,White,not Hispanic or Latino,165.1,47.3,3,0.0,0.0,0.0,0.0,0.0,0.0,0.0,0.0,0.0,0.0,0.0,0.0,0.0,0.0,0.0,0.0,0.0,0.0,G/G,C/C,0,0,*1/*2,G/G,0,C/C,0,0,0,0,5.0,*1/*2,1,GG,0,0,0,0,0,0,0,0,0,0,0,0,0,0,0,0,0,0,0,0,0,0,0,0,0,0,0,0,0,0,0,0,0,0,0,0,0,0,0,0,0,0,0,0,0,0.0,0,47.3,2237.2899999999995,0.0,0,0,63.75,34.26096,29.48904037475586
male,White,not Hispanic or Latino,187.96,113.6,1,0.0,0.0,0.0,0.0,1.0,0.0,0.0,0.0,0.0,0.0,0.0,0.0,0.0,0.0,0.0,0.0,0.0,0.0,G/G,C/C,0,0,*1/*1,G/G,0,C/C,0,0,0,0,5.0,*1/*1,0,GG,0,0,0,0,0,0,0,0,0,0,0,0,0,0,0,0,0,0,0,0,0,0,0,0,0,0,0,0,0,0,0,0,0,0,0,0,0,0,0,0,0,0,0,0,0,0.0,0,0.0,12904.96,1.0,1,0,80.0,61.802006,18.197994232177734
female,White,not Hispanic or Latino,162.56,81.8,1,0.0,0.0,0.0,0.0,0.0,0.0,0.0,0.0,0.0,0.0,0.0,0.0,0.0,0.0,0.0,0.0,0.0,0.0,0,0,0,0,0,0,0,0,0,0,0,0,8.0,UNKNOWN,0,GG,0,0,0,0,0,0,0,1,0,0,0,0,0,0,0,0,0,0,0,0,0,0,0,0,0,0,0,0,1,0,0,0,0,0,0,0,0,0,0,0,0,0,0,0,0,0.0,0,0.0,6691.24,0.0,0,0,9.0,31.283413,22.28341293334961
male,White,not Hispanic or Latino,190.5,80.0,1,1.0,0.0,0.0,0.0,0.0,1.0,0.0,0.0,0.0,0.0,0.0,0.0,0.0,0.0,0.0,0.0,0.0,1.0,A/G,C/C,0,0,*1/*1,A/G,0,C/C,0,0,0,0,6.0,*1/*1,0,AG,0,0,0,0,0,0,0,0,0,0,0,0,0,0,0,0,0,0,0,0,0,0,0,0,0,0,0,0,0,0,0,0,0,0,0,0,0,0,0,0,0,0,1,0,0,0.0,0,0.0,6400.0,1.0,0,0,62.5,41.901825,20.598175048828125
male,White,not Hispanic or Latino,170.0,90.0,3,0.0,0.0,0.0,0.0,0.0,0.0,0.0,0.0,0.0,0.0,0.0,0.0,0.0,0.0,0.0,0.0,0.0,0.0,A/G,C/T,0,0,*1/*1,A/G,G/T,C/T,C/G,G/G,C/T,A/C,8.0,*1/*1,0,AG,0,1,0,0,0,0,0,0,0,0,0,0,0,0,0,0,0,0,0,0,0,0,0,0,0,0,0,0,0,0,0,0,0,0,0,0,0,0,0,0,0,0,0,0,0,0.0,0,0.0,8100.0,0.0,0,0,49.0,30.018785,18.98121452331543
female,White,not Hispanic or Latino,181.99,83.0,3,1.0,0.0,0.0,0.0,0.0,0.0,0.0,0.0,0.0,0.0,0.0,0.0,0.0,0.0,0.0,0.0,0.0,0.0,A/A,T/T,0,0,*1/*2,A/A,0,T/T,0,0,0,0,6.0,*1/*2,1,AA,0,1,0,0,0,0,0,0,0,0,0,0,0,0,0,0,0,0,0,0,0,0,0,0,0,0,0,0,0,1,0,0,0,0,0,0,0,0,0,0,0,0,0,0,0,0.0,0,83.0,6889.0,0.0,0,0,35.0,22.092602,12.907398223876953
female,White,not Hispanic or Latino,165.0,103.5,1; 2,0.0,0.0,0.0,0.0,1.0,0.0,0.0,0.0,0.0,0.0,0.0,0.0,0.0,0.0,0.0,0.0,0.0,0.0,G/G,C/C,0,0,*1/*2,G/G,0,C/C,0,0,0,0,7.0,*1/*2,1,GG,0,0,0,0,0,0,0,0,0,0,0,0,0,0,0,0,0,0,0,0,0,0,0,0,0,0,0,0,1,0,0,0,0,0,0,0,0,0,0,0,0,0,0,0,0,0.0,0,103.5,10712.25,1.0,1,0,87.5,35.33386,52.166141510009766
female,White,not Hispanic or Latino,165.99,92.5,2,0.0,0.0,1.0,0.0,0.0,0.0,0.0,0.0,0.0,0.0,0.0,0.0,0.0,0.0,0.0,0.0,0.0,0.0,A/G,C/T,0,0,*1/*1,A/G,0,C/T,0,0,0,0,3.0,*1/*1,0,AG,0,0,0,0,0,0,0,0,0,0,0,0,0,0,0,0,0,0,0,0,0,0,0,0,0,0,0,0,0,0,0,0,0,0,0,0,0,0,0,0,0,0,0,0,0,0.0,0,0.0,8556.25,0.0,1,0,63.0,44.21871,18.781288146972656
female,White,not Hispanic or Latino,162.0,70.0,1; 2,1.0,0.0,0.0,1.0,0.0,0.0,0.0,0.0,0.0,0.0,0.0,0.0,0.0,0.0,0.0,0.0,0.0,0.0,A/G,C/T,0,0,*1/*1,A/G,0,C/T,0,0,0,0,7.0,*1/*1,0,AG,0,1,1,0,0,0,0,0,0,0,0,0,0,0,0,0,0,0,0,0,0,0,0,0,0,0,0,0,1,0,0,0,0,0,0,0,0,0,0,0,0,0,0,0,0,0.0,0,0.0,4900.0,2.0,0,0,24.5,51.59888,27.098880767822266
male,White,not Hispanic or Latino,165.0,52.0,1; 2,1.0,0.0,0.0,0.0,0.0,0.0,0.0,0.0,0.0,0.0,0.0,0.0,0.0,0.0,0.0,0.0,0.0,0.0,G/G,C/C,0,0,*1/*1,G/G,0,C/C,0,0,0,0,8.0,*1/*1,0,GG,0,0,0,0,0,0,0,0,0,0,0,0,0,0,0,0,0,0,0,0,0,0,0,0,0,0,0,0,1,0,0,0,0,0,0,0,0,0,0,0,0,0,1,0,0,0.0,0,0.0,2704.0,0.0,0,0,17.5,48.20905,30.709049224853516
female,White,not Hispanic or Latino,159.99,80.0,3,0.0,0.0,0.0,0.0,0.0,0.0,0.0,1.0,0.0,0.0,1.0,0.0,1.0,0.0,0.0,0.0,0.0,1.0,0,0,0,0,*1/*1,0,0,0,0,0,0,0,5.0,*1/*1,0,GG,1,0,0,0,0,0,0,0,0,0,0,0,0,0,0,0,0,0,0,0,0,0,0,0,0,0,0,0,1,1,0,0,0,0,0,0,0,0,0,0,0,0,0,0,0,80.0,0,0.0,6400.0,83.0,0,0,70.0,34.95716,35.04283905029297
male,White,not Hispanic or Latino,176.99,86.0,1,1.0,0.0,0.0,1.0,0.0,0.0,0.0,0.0,0.0,0.0,0.0,0.0,0.0,0.0,0.0,0.0,0.0,0.0,A/G,C/T,0,0,*1/*1,A/G,0,C/T,0,0,0,0,6.0,*1/*1,0,AG,0,1,1,0,0,0,0,0,0,0,0,0,0,0,0,0,0,0,0,0,0,0,0,0,0,0,0,0,1,0,0,0,0,0,0,0,0,0,0,0,0,0,0,0,0,0.0,0,0.0,7396.0,2.0,0,0,22.5,35.740734,13.240734100341797
male,White,not Hispanic or Latino,184.0,57.0,8,0.0,0.0,0.0,0.0,0.0,0.0,0.0,0.0,0.0,0.0,0.0,0.0,0.0,0.0,0.0,0.0,0.0,1.0,A/G,C/T,0,0,*1/*2,A/G,0,C/T,0,0,0,0,2.0,*1/*2,1,AG,0,0,0,0,0,0,0,0,0,0,0,0,0,0,0,0,0,0,0,0,0,0,0,0,0,0,0,0,0,0,0,0,0,0,0,0,0,0,0,0,0,0,0,0,0,0.0,0,57.0,3249.0,0.0,0,0,24.5,39.366814,14.866813659667969
female,White,not Hispanic or Latino,157.99,70.0,2,1.0,0.0,0.0,0.0,0.0,0.0,0.0,0.0,0.0,0.0,0.0,0.0,0.0,0.0,0.0,0.0,0.0,0.0,A/G,C/T,0,0,*1/*2,A/G,0,C/T,0,0,0,0,8.0,*1/*2,1,AG,0,0,0,0,0,0,0,0,0,0,0,0,0,0,0,0,0,0,0,0,0,0,0,0,0,0,0,0,0,1,0,0,0,0,0,0,0,0,0,0,0,0,0,0,0,0.0,0,70.0,4900.0,0.0,0,0,49.0,23.976765,25.023235321044922
female,White,not Hispanic or Latino,160.02,83.0,2,0.0,0.0,0.0,0.0,0.0,0.0,0.0,0.0,0.0,0.0,0.0,0.0,0.0,0.0,0.0,0.0,0.0,0.0,0,0,0,0,*1/*2,0,0,0,0,0,0,0,3.0,*1/*2,1,GG,0,0,0,0,0,0,0,0,0,0,0,0,0,0,0,0,0,0,0,0,0,0,0,0,0,0,0,0,0,0,0,0,0,0,0,0,0,0,0,0,0,0,0,0,0,0.0,0,83.0,6889.0,0.0,0,0,77.0,38.455547,38.54445266723633
male,White,not Hispanic or Latino,0.0,119.0,0,0.0,0.0,0.0,0.0,0.0,0.0,0.0,0.0,0.0,0.0,1.0,0.0,0.0,0.0,0.0,0.0,0.0,0.0,0,C/T,0,0,*1/*1,0,0,C/T,0,0,0,0,7.0,*1/*1,0,GG,0,0,0,0,0,0,0,0,0,0,0,0,0,0,0,0,0,0,0,0,0,0,0,0,0,0,0,0,0,0,0,0,0,0,0,0,0,0,0,0,0,0,0,0,0,0.0,0,0.0,14161.0,1.0,1,0,22.5,36.38133,13.881328582763672
male,White,not Hispanic or Latino,0.0,66.5,0,0.0,0.0,0.0,0.0,0.0,0.0,0.0,0.0,0.0,0.0,0.0,0.0,0.0,0.0,0.0,0.0,0.0,0.0,0,C/C,0,0,*1/*1,0,0,C/C,0,0,0,0,8.0,*1/*1,0,GG,0,0,0,0,0,0,0,0,0,0,0,0,0,0,0,0,0,0,0,0,0,0,0,0,0,0,0,0,0,0,0,0,0,0,0,0,0,0,0,0,0,0,0,0,0,0.0,0,0.0,4422.25,0.0,0,0,10.5,33.36749,22.867488861083984
male,White,not Hispanic or Latino,0.0,54.0,0,0.0,0.0,0.0,0.0,0.0,0.0,0.0,0.0,0.0,0.0,0.0,0.0,0.0,0.0,0.0,0.0,0.0,0.0,0,C/C,0,0,*1/*2,0,0,C/C,0,0,0,0,5.0,*1/*2,1,GG,0,0,0,0,0,0,0,0,0,0,0,0,0,0,0,0,0,0,0,0,0,0,0,0,0,0,0,0,0,0,0,0,0,0,0,0,0,0,0,0,0,0,0,0,0,0.0,0,54.0,2916.0,0.0,0,0,17.5,35.417492,17.917491912841797
male,White,not Hispanic or Latino,0.0,78.0,0,0.0,0.0,0.0,0.0,0.0,0.0,0.0,0.0,0.0,0.0,0.0,0.0,0.0,0.0,0.0,0.0,0.0,0.0,0,C/T,0,0,*1/*1,0,0,C/T,0,0,0,0,4.0,*1/*1,0,GG,0,0,0,0,0,0,0,0,0,0,0,0,0,0,0,0,0,0,0,0,0,0,0,0,0,0,0,0,0,0,0,0,0,0,0,0,0,0,0,0,0,0,0,0,0,0.0,0,0.0,6084.0,0.0,0,0,77.0,41.76266,35.23733901977539
male,White,not Hispanic or Latino,0.0,71.0,0,0.0,0.0,0.0,0.0,0.0,0.0,0.0,0.0,0.0,0.0,0.0,0.0,0.0,0.0,0.0,0.0,0.0,1.0,0,C/T,0,0,*1/*1,0,0,C/T,0,0,0,0,6.0,*1/*1,0,GG,0,0,0,0,0,0,0,0,0,0,0,0,0,0,0,0,0,0,0,0,0,0,0,0,0,0,0,0,0,0,0,0,0,0,0,0,0,0,0,0,0,0,0,0,0,0.0,0,0.0,5041.0,0.0,0,0,67.5,37.119473,30.38052749633789
female,White,not Hispanic or Latino,0.0,79.0,0,0.0,0.0,0.0,0.0,0.0,0.0,0.0,0.0,0.0,0.0,0.0,0.0,0.0,0.0,0.0,0.0,0.0,0.0,0,T/T,0,0,*1/*1,0,0,T/T,0,0,0,0,5.0,*1/*1,0,GG,0,0,0,0,0,0,0,0,0,0,0,0,0,0,0,0,0,0,0,0,0,0,0,0,0,0,0,0,0,0,0,0,0,0,0,0,0,0,0,0,0,0,0,0,0,0.0,0,0.0,6241.0,0.0,0,0,17.5,33.54395,16.043949127197266
male,White,not Hispanic or Latino,0.0,63.0,0,0.0,0.0,0.0,0.0,0.0,0.0,0.0,0.0,0.0,0.0,0.0,0.0,0.0,0.0,0.0,0.0,0.0,1.0,0,0,0,0,*1/*2,0,0,0,0,0,0,0,4.0,*1/*2,1,GG,0,0,0,0,0,0,0,0,0,0,0,0,0,0,0,0,0,0,0,0,0,0,0,0,0,0,0,0,0,0,0,0,0,0,0,0,0,0,0,0,0,0,0,0,0,0.0,0,63.0,3969.0,0.0,0,0,17.5,38.60479,21.10478973388672
female,Black or African American,not Hispanic or Latino,162.56,74.5,1; 2,0.0,0.0,1.0,1.0,0.0,0.0,0.0,0.0,0.0,0.0,0.0,0.0,0.0,0.0,0.0,0.0,0.0,0.0,G/G,C/C,G/G,A/G,*1/*1,G/G,T/T,C/C,G/G,A/G,C/C,C/C,4.0,*1/*1,0,GG,0,0,0,0,0,0,0,0,0,0,0,0,0,0,0,0,0,0,0,0,0,1,0,0,0,0,0,0,0,0,0,0,0,0,0,0,0,0,0,0,0,0,0,0,0,0.0,0,0.0,5550.25,1.0,0,0,21.0,58.49147,37.49147033691406
male,White,not Hispanic or Latino,182.88,65.7,1,0.0,0.0,0.0,0.0,0.0,0.0,0.0,0.0,0.0,0.0,0.0,1.0,0.0,0.0,0.0,0.0,0.0,1.0,G/G,C/C,G/G,A/G,*1/*1,G/G,T/T,C/C,G/G,A/G,C/C,A/A,2.0,*1/*1,0,GG,0,0,0,0,0,0,0,0,0,0,0,0,0,0,0,0,0,0,0,0,0,0,0,0,0,0,0,0,0,0,0,0,0,0,0,0,0,1,0,0,0,0,0,0,0,0.0,0,0.0,4316.490000000001,0.0,0,0,52.5,73.07757,20.57756805419922
male,Black or African American,not Hispanic or Latino,172.72,81.0,1,0.0,0.0,0.0,1.0,0.0,0.0,0.0,0.0,0.0,0.0,0.0,0.0,0.0,0.0,0.0,0.0,0.0,1.0,G/G,C/C,G/G,A/G,*1/*1,G/G,T/T,C/C,G/G,A/G,C/C,0,4.0,*1/*1,0,GG,0,1,0,0,0,0,0,0,0,0,0,0,0,0,0,0,0,0,0,0,0,1,0,0,0,0,0,0,1,0,0,0,0,0,0,0,0,0,0,0,0,0,0,0,0,0.0,0,0.0,6561.0,1.0,0,0,42.0,57.590885,15.590885162353516
male,White,not Hispanic or Latino,170.18,95.7,2,0.0,0.0,0.0,1.0,0.0,0.0,0.0,0.0,0.0,0.0,1.0,0.0,0.0,0.0,0.0,0.0,0.0,1.0,G/G,C/C,G/G,A/A,*1/*1,G/G,T/T,C/C,G/G,A/A,C/C,A/A,5.0,*1/*1,0,GG,1,1,0,1,0,0,0,0,0,0,1,0,0,0,0,0,0,0,0,0,0,1,0,0,0,0,0,0,1,0,0,0,0,0,0,0,0,0,0,0,0,0,0,0,0,95.7,0,0.0,9158.49,98.7,1,0,28.0,54.38988,26.389881134033203
male,White,not Hispanic or Latino,185.42,158.0,3,0.0,0.0,0.0,0.0,0.0,0.0,0.0,0.0,0.0,0.0,0.0,0.0,0.0,0.0,0.0,0.0,0.0,0.0,A/G,C/T,C/G,A/G,*1/*2,A/G,G/T,C/T,C/G,A/G,C/T,C/C,5.0,*1/*2,1,AG,0,0,0,0,0,0,0,0,0,0,0,0,0,0,0,0,0,0,0,0,0,0,0,0,0,0,0,0,1,1,0,0,0,0,0,0,0,0,0,0,0,0,0,0,0,0.0,0,158.0,24964.0,0.0,1,0,28.0,45.46189,17.461891174316406
male,White,not Hispanic or Latino,177.8,122.0,3,0.0,0.0,0.0,0.0,0.0,0.0,0.0,0.0,0.0,0.0,0.0,0.0,0.0,0.0,0.0,0.0,0.0,1.0,A/A,T/T,C/C,G/G,*1/*2,A/A,G/G,T/T,C/C,G/G,T/T,C/C,6.0,*1/*2,1,AA,0,0,0,0,0,0,0,0,0,0,0,0,0,0,0,0,0,0,0,0,0,0,0,0,0,0,0,0,1,1,0,0,0,0,0,0,0,0,0,0,0,0,0,0,0,0.0,0,122.0,14884.0,0.0,1,0,14.0,29.842255,15.842254638671875
female,White,not Hispanic or Latino,177.8,63.1,1,0.0,0.0,0.0,0.0,0.0,0.0,0.0,0.0,0.0,0.0,0.0,0.0,0.0,0.0,0.0,0.0,1.0,1.0,A/G,C/T,C/G,A/G,*1/*2,A/G,T/T,C/T,C/G,A/G,C/T,C/C,2.0,*1/*2,1,AG,0,0,0,1,1,0,0,0,0,0,0,0,0,0,0,0,0,0,0,0,0,0,0,0,0,0,0,0,0,0,0,0,0,0,0,0,0,1,0,0,0,0,0,0,0,0.0,0,63.1,3981.61,0.0,0,0,21.0,41.105907,20.105907440185547
female,White,not Hispanic or Latino,167.64,109.0,3,0.0,0.0,0.0,0.0,0.0,0.0,1.0,0.0,0.0,0.0,1.0,0.0,0.0,0.0,0.0,0.0,0.0,1.0,A/G,C/T,C/G,G/G,*1/*1,A/G,G/T,C/T,C/G,G/G,C/T,A/C,5.0,*1/*1,0,AG,1,0,0,0,0,0,0,0,0,0,0,0,0,0,0,0,0,0,0,0,0,0,0,0,0,1,0,0,0,0,0,0,0,0,0,0,0,0,0,0,0,0,0,0,0,109.0,0,0.0,11881.0,113.0,1,0,18.2,35.633118,17.43311767578125
male,Unknown,Unknown,184.91,74.0,3,0.0,0.0,0.0,0.0,0.0,0.0,0.0,0.0,0.0,0.0,0.0,0.0,0.0,0.0,0.0,0.0,0.0,0.0,G/G,0,0,0,*1/*2,G/G,0,0,0,0,0,0,4.0,*1/*2,1,GG,0,0,0,0,0,0,0,0,0,0,0,0,0,0,0,0,0,0,0,0,0,0,0,0,0,0,0,0,0,0,0,0,0,0,0,0,0,0,0,0,0,0,0,0,0,0.0,0,74.0,5476.0,0.0,0,0,72.5,38.59874,33.90126037597656
female,Unknown,Unknown,165.1,56.0,4,0.0,1.0,0.0,0.0,0.0,0.0,0.0,0.0,0.0,0.0,0.0,0.0,0.0,0.0,0.0,0.0,0.0,0.0,A/G,0,0,0,*1/*1,A/G,0,0,0,0,0,0,6.0,*1/*1,0,AG,0,0,0,0,0,0,0,0,0,0,0,0,0,0,0,0,0,0,0,0,0,0,0,0,0,0,0,0,0,0,0,0,0,0,0,0,0,0,0,0,0,0,0,0,0,0.0,0,0.0,3136.0,0.0,0,0,45.0,28.532076,16.467924118041992
female,Asian,not Hispanic or Latino,0.0,48.0,4,0.0,0.0,0.0,0.0,0.0,0.0,0.0,0.0,0.0,0.0,0.0,0.0,0.0,0.0,0.0,0.0,0.0,0.0,0,C/T,C/G,A/G,*1/*3,0,0,C/T,C/G,A/G,C/T,0,6.0,*1/*3,2,GG,0,0,0,0,0,0,0,0,0,0,0,0,0,0,0,0,0,0,0,0,0,0,0,0,0,0,0,0,0,0,0,0,0,0,0,0,0,0,0,0,0,0,0,0,0,0.0,0,96.0,2304.0,0.0,0,0,38.5,21.417646,17.082353591918945
female,Asian,not Hispanic or Latino,0.0,45.0,4,0.0,0.0,0.0,0.0,0.0,0.0,0.0,0.0,0.0,0.0,0.0,0.0,0.0,0.0,0.0,0.0,0.0,0.0,0,T/T,C/G,A/G,*1/*1,0,0,T/T,C/G,A/G,C/T,0,3.0,*1/*1,0,GG,0,0,0,0,0,0,0,0,0,0,0,0,0,0,0,0,0,0,0,0,0,0,0,0,0,0,0,0,0,0,0,0,0,0,0,0,0,0,0,0,0,0,0,0,0,0.0,0,0.0,2025.0,0.0,0,0,49.0,31.50501,17.4949893951416
male,Asian,not Hispanic or Latino,0.0,63.0,1 or 2,0.0,0.0,0.0,0.0,0.0,0.0,0.0,0.0,0.0,0.0,0.0,0.0,0.0,0.0,0.0,0.0,0.0,0.0,0,C/T,C/G,A/G,*1/*1,0,0,C/T,C/G,A/G,C/T,0,5.0,*1/*1,0,GG,0,0,0,0,0,0,0,0,0,0,0,0,0,0,0,0,0,0,0,0,0,0,0,0,0,0,0,0,0,0,0,0,0,0,0,0,0,0,0,0,0,0,0,0,0,0.0,0,0.0,3969.0,0.0,0,0,17.5,31.84689,14.34688949584961
male,Asian,not Hispanic or Latino,0.0,60.4,1 or 2,0.0,0.0,0.0,0.0,0.0,0.0,0.0,0.0,0.0,0.0,0.0,0.0,0.0,0.0,0.0,0.0,0.0,0.0,0,T/T,C/C,G/G,*1/*1,A/A,T/T,T/T,C/C,G/G,T/T,C/C,5.0,*1/*1,0,GG,0,0,0,0,0,0,0,0,0,0,0,0,0,0,0,0,0,0,0,0,0,0,0,0,0,0,0,0,0,0,0,0,0,0,0,0,0,0,0,0,0,0,0,0,0,0.0,0,0.0,3648.16,0.0,0,0,42.0,20.139587,21.86041259765625
male,Asian,not Hispanic or Latino,0.0,76.2,1 or 2,0.0,0.0,0.0,0.0,0.0,0.0,0.0,0.0,0.0,0.0,0.0,0.0,0.0,0.0,0.0,0.0,0.0,0.0,0,C/T,C/G,A/G,*1/*1,0,0,C/T,C/G,A/G,C/T,0,8.0,*1/*1,0,GG,0,0,0,0,0,0,0,0,0,0,0,0,0,0,0,0,0,0,0,0,0,0,0,0,0,0,0,0,0,0,0,0,0,0,0,0,0,0,0,0,0,0,0,0,0,0.0,0,0.0,5806.4400000000005,0.0,0,0,14.0,28.000515,14.00051498413086
male,Asian,not Hispanic or Latino,0.0,46.8,8,0.0,0.0,0.0,0.0,0.0,0.0,0.0,0.0,0.0,0.0,0.0,0.0,0.0,0.0,0.0,0.0,0.0,0.0,0,C/C,G/G,A/A,*1/*1,0,0,C/C,G/G,A/A,C/C,0,7.0,*1/*1,0,GG,0,0,0,0,0,0,0,0,0,0,0,0,0,0,0,0,0,0,0,0,0,0,0,0,0,0,0,0,0,0,0,0,0,0,0,0,0,0,0,0,0,0,0,0,0,0.0,0,0.0,2190.24,0.0,0,0,17.5,30.917921,13.41792106628418
female,Asian,not Hispanic or Latino,0.0,55.8,3,0.0,0.0,0.0,0.0,0.0,0.0,0.0,0.0,0.0,0.0,0.0,0.0,0.0,0.0,0.0,0.0,0.0,0.0,0,T/T,C/C,G/G,0,0,0,T/T,C/C,G/G,T/T,0,4.0,UNKNOWN,0,GG,0,0,0,0,0,0,0,0,0,0,0,0,0,0,0,0,0,0,0,0,0,0,0,0,0,0,0,0,0,0,0,0,0,0,0,0,0,0,0,0,0,0,0,0,0,0.0,0,0.0,3113.64,0.0,0,0,45.5,23.54476,21.95524024963379
male,White,Unknown,0.0,0.0,3,0.0,0.0,0.0,0.0,0.0,0.0,0.0,0.0,0.0,0.0,0.0,0.0,0.0,0.0,0.0,0.0,0.0,0.0,A/G,0,0,A/G,*1/*1,A/G,0,0,0,A/G,C/T,0,7.0,*1/*1,0,AG,1,1,1,0,0,0,0,0,0,0,0,0,0,0,0,0,0,0,0,0,0,0,0,0,0,0,0,0,0,0,0,0,0,0,0,0,0,0,0,0,0,0,0,0,0,0.0,0,0.0,0.0,2.0,0,0,7.0,24.232506,17.232505798339844
female,White,Unknown,172.01,127.0,2,0.0,0.0,0.0,0.0,0.0,0.0,0.0,0.0,0.0,0.0,0.0,0.0,0.0,0.0,0.0,0.0,0.0,0.0,A/G,0,0,G/G,*1/*1,A/G,0,0,0,G/G,C/T,0,5.0,*1/*1,0,AG,1,1,1,0,0,0,0,0,0,0,0,0,0,0,0,0,0,0,0,0,0,0,0,0,0,0,0,0,0,0,0,0,0,0,0,0,0,0,0,0,0,0,0,0,0,127.0,0,0.0,16129.0,129.0,1,0,21.0,38.774513,17.774513244628906
male,White,Unknown,180.01,91.0,2,0.0,0.0,0.0,0.0,0.0,0.0,0.0,0.0,0.0,0.0,0.0,0.0,0.0,0.0,0.0,0.0,0.0,0.0,G/G,0,0,A/A,*1/*1,G/G,T/T,C/C,G/G,A/A,C/C,A/C,4.0,*1/*1,0,GG,1,1,1,0,0,0,0,0,0,0,0,0,0,0,0,0,0,0,0,0,0,0,0,0,0,0,0,0,0,0,0,0,0,0,0,0,0,0,0,0,0,0,0,0,0,91.0,0,0.0,8281.0,93.0,1,0,87.5,47.992443,39.5075569152832
male,White,Unknown,167.0,87.0,3,0.0,0.0,0.0,0.0,0.0,0.0,0.0,0.0,0.0,0.0,0.0,0.0,0.0,0.0,0.0,0.0,0.0,0.0,G/G,0,0,A/A,*1/*1,G/G,0,0,0,A/A,C/C,0,5.0,*1/*1,0,GG,1,1,1,0,0,0,0,0,0,0,0,0,0,0,0,0,0,0,0,0,0,0,0,0,0,0,0,0,0,0,0,0,0,0,0,0,0,0,0,0,0,0,0,0,0,87.0,0,0.0,7569.0,89.0,0,0,21.0,39.28274,18.28274154663086
female,White,Unknown,162.0,96.0,2,0.0,0.0,0.0,0.0,0.0,0.0,0.0,0.0,0.0,0.0,0.0,0.0,0.0,0.0,0.0,0.0,0.0,0.0,G/G,0,0,A/G,0,G/G,0,0,0,A/G,C/C,0,5.0,UNKNOWN,0,GG,1,1,1,0,0,0,0,0,0,0,0,0,0,0,0,0,0,0,0,0,0,0,0,0,0,0,0,0,0,0,0,0,0,0,0,0,0,0,0,0,0,0,0,0,0,96.0,0,0.0,9216.0,98.0,1,0,49.0,34.930683,14.069316864013672
male,White,Unknown,167.0,103.0,0,0.0,0.0,0.0,1.0,0.0,0.0,0.0,0.0,0.0,0.0,0.0,0.0,0.0,0.0,0.0,0.0,0.0,0.0,G/G,0,0,G/G,*1/*1,G/G,0,0,0,G/G,C/C,0,7.0,*1/*1,0,GG,1,1,1,0,0,0,0,0,0,0,0,0,0,0,0,0,0,0,0,0,0,0,0,0,0,0,0,0,0,0,0,0,0,0,0,0,0,0,0,0,0,0,0,0,0,103.0,0,0.0,10609.0,106.0,1,0,46.97,32.877953,14.092047424316405
male,Black or African American,not Hispanic or Latino,187.96,145.0,3,0.0,0.0,0.0,0.0,1.0,0.0,0.0,0.0,0.0,0.0,0.0,0.0,0.0,0.0,0.0,0.0,0.0,0.0,0,C/C,G/G,G/G,*1/*1,0,T/T,C/C,G/G,G/G,C/C,0,4.0,*1/*1,0,GG,0,1,0,0,0,0,0,0,0,0,0,0,0,0,0,0,0,0,0,0,0,0,0,0,0,0,0,0,0,0,0,0,0,0,0,0,0,0,0,0,0,0,0,0,0,0.0,0,0.0,21025.0,1.0,1,0,44.63,65.304184,20.674183959960935
female,White,Unknown,162.56,90.6,3,0.0,0.0,0.0,0.0,0.0,0.0,0.0,0.0,0.0,0.0,0.0,0.0,0.0,0.0,0.0,0.0,0.0,0.0,G/G,C/C,G/G,A/A,*1/*2,G/G,T/T,C/C,G/G,A/A,C/C,0,7.0,*1/*2,1,GG,0,0,0,0,0,0,0,0,0,0,0,0,1,0,0,0,0,0,0,0,0,0,0,0,0,0,0,0,0,0,0,0,0,0,0,0,0,0,0,0,0,0,0,0,0,0.0,0,90.6,8208.359999999999,0.0,1,0,55.65,31.473322,24.176678085327147
male,White,Unknown,167.64,65.0,1,0.0,0.0,0.0,0.0,0.0,0.0,0.0,1.0,0.0,0.0,0.0,0.0,0.0,0.0,0.0,0.0,0.0,1.0,0,T/T,C/C,G/G,*1/*2,0,G/T,T/T,C/C,G/G,T/T,0,4.0,*1/*2,1,GG,0,0,0,0,0,0,0,0,0,0,0,0,0,0,0,0,0,0,0,0,0,0,0,0,0,0,0,0,0,0,0,0,0,0,0,0,0,0,0,0,0,0,0,0,0,0.0,0,65.0,4225.0,1.0,0,0,18.16,32.513554,14.353553619384765
female,White,Unknown,157.48,71.0,4,0.0,1.0,0.0,0.0,0.0,0.0,0.0,0.0,0.0,0.0,0.0,0.0,0.0,0.0,0.0,0.0,0.0,0.0,0,C/C,G/G,A/G,*1/*2,0,T/T,C/C,G/G,A/G,C/C,0,8.0,*1/*2,1,GG,0,0,0,0,0,0,0,0,0,0,0,0,0,0,0,0,0,0,0,0,0,0,0,0,0,0,0,0,0,0,0,0,0,0,0,0,0,0,0,0,0,0,0,0,0,0.0,0,71.0,5041.0,0.0,0,0,47.68,32.010452,15.669547729492187
female,White,Unknown,165.1,63.3,1,0.0,0.0,0.0,0.0,0.0,0.0,0.0,0.0,0.0,0.0,0.0,0.0,0.0,0.0,0.0,0.0,0.0,0.0,0,C/T,C/G,A/G,*1/*1,0,G/T,C/T,C/G,A/G,C/T,0,5.0,*1/*1,0,GG,0,1,0,0,0,0,0,0,0,0,0,0,0,0,0,0,0,0,0,0,0,0,0,0,0,0,0,0,0,0,0,0,0,0,0,0,0,0,0,0,0,0,0,0,0,0.0,0,0.0,4006.8899999999994,0.0,0,0,63.17,38.20324,24.966760559082033
male,White,Unknown,182.88,107.5,5,1.0,0.0,0.0,0.0,0.0,0.0,0.0,0.0,1.0,0.0,0.0,0.0,0.0,0.0,0.0,0.0,0.0,0.0,0,C/C,G/G,A/A,*1/*1,0,T/T,C/C,G/G,A/A,C/C,0,4.0,*1/*1,0,GG,0,0,0,0,0,0,0,0,0,0,0,0,0,0,0,0,0,0,0,0,0,0,0,0,0,0,0,0,0,0,0,0,0,0,0,0,0,0,0,0,0,0,0,0,0,0.0,0,0.0,11556.25,1.0,1,0,65.96,52.52605,13.43394943237304
male,White,not Hispanic or Latino,162.56,79.6,0,0.0,0.0,0.0,0.0,0.0,0.0,0.0,0.0,0.0,0.0,0.0,0.0,0.0,0.0,0.0,0.0,0.0,0.0,0,C/T,0,0,*1/*2,0,0,C/T,0,0,0,0,4.0,*1/*2,1,GG,0,1,0,0,0,0,0,0,0,0,0,0,0,0,0,0,0,0,1,0,0,0,0,0,0,0,0,0,0,0,0,0,0,0,0,0,0,0,0,0,0,0,0,0,0,0.0,0,79.6,6336.159999999999,0.0,0,0,49.98,36.94598,13.034019927978512
female,Black or African American,not Hispanic or Latino,162.56,81.8,8,0.0,0.0,0.0,0.0,0.0,0.0,0.0,0.0,0.0,0.0,0.0,0.0,0.0,0.0,0.0,0.0,0.0,0.0,0,C/T,0,0,*1/*1,A/G,T/T,C/T,C/G,G/G,T/T,C/C,3.0,*1/*1,0,GG,0,0,0,0,0,0,0,0,0,0,0,0,0,0,0,0,0,0,0,0,0,0,0,0,0,0,0,0,1,0,0,0,0,0,0,0,0,0,0,0,0,0,0,0,0,0.0,0,0.0,6691.24,0.0,0,0,21.0,38.899994,17.899993896484375
male,Black or African American,not Hispanic or Latino,180.34,102.3,3; 8,1.0,0.0,0.0,0.0,0.0,0.0,0.0,1.0,0.0,0.0,0.0,0.0,0.0,0.0,0.0,0.0,0.0,0.0,0,C/C,0,0,*1/*3,0,0,C/C,0,0,0,0,5.0,*1/*3,2,GG,0,1,0,0,0,0,0,0,0,0,0,0,0,0,0,0,0,0,1,0,0,0,0,0,0,0,0,0,1,1,0,0,0,0,0,0,0,0,0,0,0,0,0,0,0,0.0,0,204.6,10465.289999999999,1.0,1,0,45.01,29.151358,15.858642349243162
female,White,not Hispanic or Latino,162.56,92.7,8,1.0,0.0,0.0,0.0,0.0,0.0,0.0,0.0,0.0,0.0,0.0,0.0,0.0,0.0,0.0,0.0,0.0,1.0,0,C/T,0,0,*1/*1,0,0,C/T,0,0,0,0,4.0,*1/*1,0,GG,0,0,0,0,0,0,0,0,0,0,0,0,0,0,0,0,0,0,0,0,0,0,0,0,0,0,0,0,0,0,0,0,0,0,0,0,0,0,0,0,0,0,0,0,0,0.0,0,0.0,8593.29,0.0,1,0,27.51,45.110104,17.600103607177733
female,White,not Hispanic or Latino,154.94,137.3,8,0.0,0.0,0.0,0.0,0.0,0.0,0.0,0.0,0.0,0.0,0.0,0.0,0.0,0.0,0.0,0.0,0.0,0.0,0,C/C,0,0,*1/*1,0,0,C/C,0,0,0,0,4.0,*1/*1,0,GG,0,0,0,0,0,0,0,0,0,0,0,0,0,0,0,0,0,0,0,0,0,0,0,0,0,0,0,0,0,1,0,0,0,0,0,0,0,0,0,0,0,0,0,0,0,0.0,0,0.0,18851.290000000005,0.0,1,0,37.52,56.492176,18.9721760559082
female,Black or African American,not Hispanic or Latino,165.1,95.5,0,0.0,0.0,0.0,1.0,0.0,0.0,0.0,0.0,0.0,0.0,0.0,0.0,0.0,0.0,0.0,0.0,0.0,0.0,0,C/T,0,0,*1/*3,0,0,C/T,0,0,0,0,4.0,*1/*3,2,GG,0,0,0,0,0,0,0,0,0,0,0,0,0,0,0,0,0,0,0,0,0,0,0,0,0,0,0,0,0,0,0,0,0,0,0,0,0,0,0,0,0,0,0,0,0,0.0,0,191.0,9120.25,1.0,1,0,45.01,29.189898,15.820102462768553
female,White,not Hispanic or Latino,175.26,50.0,0,0.0,0.0,0.0,0.0,0.0,0.0,0.0,0.0,0.0,0.0,0.0,0.0,0.0,0.0,0.0,0.0,0.0,0.0,0,C/T,0,0,*1/*1,A/G,G/T,C/T,C/G,A/G,C/T,C/C,2.0,*1/*1,0,GG,0,0,0,0,0,0,0,0,0,0,0,0,0,0,0,0,0,0,0,0,0,0,0,0,0,0,0,0,0,0,0,0,0,0,0,0,0,0,0,0,0,0,0,0,0,0.0,0,0.0,2500.0,0.0,0,0,27.51,42.03389,14.523889770507811
male,Black or African American,not Hispanic or Latino,177.8,84.1,8,1.0,0.0,0.0,0.0,0.0,0.0,0.0,0.0,0.0,0.0,0.0,0.0,0.0,0.0,0.0,0.0,0.0,0.0,0,C/C,0,0,*1/*1,0,0,C/C,0,0,0,0,2.0,*1/*1,0,GG,0,0,0,0,0,0,0,0,0,0,0,0,0,0,0,0,0,0,0,0,0,0,0,0,0,0,0,0,0,0,0,0,0,0,0,0,0,0,0,0,0,0,0,0,0,0.0,0,0.0,7072.8099999999995,0.0,0,0,82.53,44.6625,37.86750152587891
female,White,not Hispanic or Latino,172.72,84.1,3; 8,1.0,0.0,0.0,0.0,1.0,0.0,0.0,0.0,0.0,0.0,0.0,0.0,0.0,0.0,0.0,0.0,0.0,0.0,0,C/C,0,0,*1/*1,0,0,C/C,0,0,0,0,5.0,*1/*1,0,GG,0,1,0,0,0,0,0,0,0,0,0,0,0,0,0,0,0,0,1,0,0,0,0,0,0,0,0,0,0,0,0,0,0,0,0,0,0,0,0,0,0,0,0,0,0,0.0,0,0.0,7072.8099999999995,1.0,0,0,59.99,42.566994,17.423006286621096
male,White,not Hispanic or Latino,182.88,111.8,3; 8,1.0,0.0,0.0,0.0,0.0,1.0,0.0,0.0,0.0,0.0,0.0,0.0,0.0,0.0,0.0,0.0,0.0,0.0,0,C/C,0,0,*1/*2,0,0,C/C,0,0,0,0,7.0,*1/*2,1,GG,0,1,0,0,0,0,0,0,0,0,0,0,0,0,0,0,0,0,1,0,0,0,0,0,0,0,0,0,0,1,0,0,0,0,0,0,0,0,0,0,0,0,1,0,0,0.0,0,111.8,12499.24,1.0,1,0,49.98,36.00804,13.97195861816406
female,Black or African American,not Hispanic or Latino,177.8,177.3,8,1.0,0.0,0.0,0.0,0.0,0.0,0.0,0.0,0.0,0.0,0.0,0.0,0.0,0.0,0.0,0.0,0.0,1.0,0,C/C,0,0,*1/*1,0,0,C/C,0,0,0,0,5.0,*1/*1,0,GG,0,1,0,0,0,0,0,0,0,0,0,0,0,0,0,0,0,0,1,0,0,0,0,0,0,0,0,0,1,0,0,0,0,0,0,0,0,0,0,0,0,0,0,0,0,0.0,0,0.0,31435.290000000005,0.0,1,0,12.5,67.86014,55.360137939453125
