gender,race,ethnicity,height_cm,weight_kg,indication_for_warfarin_treatment,diabetes,congestive_heart_failure_and_or_cardiomyopathy,valve_replacement,aspirin,acetaminophen_or_paracetamol_tylenol,simvastatin_zocor,atorvastatin_lipitor,fluvastatin_lescol,lovastatin_mevacor,pravastatin_pravachol,rosuvastatin_crestor,cerivastatin_baycol,amiodarone_cordarone,carbamazepine_tegretol,phenytoin_dilantin,rifampin_or_rifampicin,sulfonamide_antibiotics,macrolide_antibiotics,antifungal_azoles,current_smoker,vkorc1_1639,vkorc1_1173,vkorc1_1542,vkorc1_3730,cyp2c9_consensus,vkorc1_-1639_consensus,vkorc1_497_consensus,vkorc1_1173_consensus,vkorc1_1542_consensus,vkorc1_3730_consensus,vkorc1_2255_consensus,vkorc1_-4451_consensus,age_decade,cyp2c9_clean,cyp2c9_score,vkorc1,amiodarone,simvastatin,azole,fluconazole,metronidazole,erythromycin,verapamil,ciprofloxacin,clopidogrel,ibuprofen,heparin,fluoxetine,paroxetin,duloxetine,enoxaparin,alteplase,abciximab,dipyridamole,rifampin,carbamazepine,phenytoin,st.johns_wort,fluvastatin,atorvastatin,lovastatin,rosuvastatin,ezetimibe,hypertension,heart_failure,stroke,atrial_fibrillation,deep_vein_thrombosis,pulmonary_embolism,liver_disease,cirrhosis,hepatitis,chronic_kidney_disease,renal_failure,anemia,bleeding_disorder,cancer,malignancy,y_true,y_pred,abs_error
male,White,not Hispanic or Latino,187.96,111.1,7,0.0,0.0,0.0,0.0,0.0,0.0,0.0,0.0,0.0,0.0,0.0,0.0,0.0,0.0,0.0,0.0,0.0,0.0,0.0,0.0,A/G,0,C/G,G/G,*1/*1,A/G,G/T,0,C/G,G/G,0,0,6.0,*1/*1,0,OTHER,0,0,0,0,0,0,0,0,0,0,0,0,0,0,0,0,0,0,0,0,0,0,0,0,0,0,0,0,0,0,0,0,0,0,0,0,0,0,0,0,1,0,77.0,40.11374,36.886260986328125
male,White,not Hispanic or Latino,180.34,126.1,7,0.0,0.0,0.0,0.0,0.0,0.0,0.0,0.0,0.0,0.0,0.0,0.0,0.0,0.0,0.0,0.0,0.0,0.0,0.0,0.0,G/G,0,G/G,A/G,*1/*1,G/G,T/T,C/C,G/G,A/G,C/C,A/C,6.0,*1/*1,0,OTHER,0,0,0,0,0,0,0,0,0,0,0,0,0,0,0,0,0,0,0,0,0,0,0,0,0,0,0,0,0,0,0,0,0,0,0,0,0,0,0,0,1,0,42.0,60.86504,18.865039825439453
male,White,not Hispanic or Latino,180.34,90.7,7,0.0,0.0,0.0,0.0,0.0,0.0,0.0,0.0,0.0,0.0,0.0,0.0,0.0,0.0,0.0,0.0,0.0,0.0,0.0,0.0,G/G,0,G/G,A/A,*1/*2,G/G,T/T,0,G/G,A/A,0,0,5.0,*1/*2,1,OTHER,0,0,0,0,0,0,0,0,0,0,0,0,0,0,0,0,0,0,0,0,0,0,0,0,0,0,0,0,0,0,0,0,0,0,0,0,0,0,0,0,1,0,56.0,42.97947,13.020530700683594
male,White,not Hispanic or Latino,180.34,120.2,7,0.0,0.0,0.0,0.0,0.0,0.0,0.0,0.0,0.0,0.0,0.0,0.0,0.0,0.0,0.0,0.0,0.0,0.0,0.0,1.0,G/G,0,G/G,A/G,*1/*1,G/G,T/T,0,G/G,A/G,0,0,3.0,*1/*1,0,OTHER,0,0,0,0,0,0,0,0,0,0,0,0,0,0,0,0,0,0,0,0,0,0,0,0,0,0,0,0,0,0,0,0,0,0,0,0,0,0,0,0,1,0,88.0,63.64457,24.355430603027344
female,White,not Hispanic or Latino,152.4,60.3,8,0.0,0.0,0.0,0.0,0.0,0.0,0.0,0.0,0.0,0.0,0.0,0.0,0.0,0.0,0.0,0.0,0.0,0.0,0.0,0.0,A/G,0,C/G,G/G,*1/*1,A/G,G/T,0,C/G,G/G,0,0,7.0,*1/*1,0,OTHER,0,0,0,0,0,0,0,0,0,0,0,0,0,0,0,0,0,0,0,0,0,0,0,0,0,0,0,0,0,0,0,0,0,0,0,0,0,0,0,0,0,0,39.0,25.038786,13.961214065551758
male,White,not Hispanic or Latino,182.88,99.8,3,0.0,0.0,0.0,0.0,0.0,0.0,0.0,0.0,0.0,0.0,0.0,0.0,0.0,0.0,0.0,0.0,0.0,0.0,0.0,0.0,G/G,0,G/G,A/G,*1/*3,G/G,T/T,0,G/G,A/G,0,0,7.0,*1/*3,2,OTHER,0,0,0,0,0,0,0,0,0,0,0,0,0,0,0,0,0,0,0,0,0,0,0,0,0,0,0,0,0,0,0,0,0,0,0,0,0,0,0,0,0,0,17.0,37.896282,20.896282196044922
male,White,not Hispanic or Latino,162.56,88.5,3,0.0,0.0,0.0,0.0,0.0,0.0,0.0,0.0,0.0,0.0,0.0,0.0,0.0,0.0,0.0,0.0,0.0,0.0,0.0,0.0,G/G,0,G/G,G/G,*1/*1,G/G,T/T,0,G/G,G/G,0,0,7.0,*1/*1,0,OTHER,0,0,0,0,0,0,0,0,0,0,0,0,0,0,0,0,0,0,0,0,0,0,0,0,0,0,0,0,0,0,0,0,0,0,0,0,0,0,0,0,0,0,28.0,43.08137,15.081371307373047
male,White,not Hispanic or Latino,161.29,63.5,8,0.0,0.0,0.0,1.0,0.0,0.0,0.0,0.0,0.0,0.0,0.0,0.0,0.0,0.0,0.0,0.0,0.0,0.0,0.0,1.0,G/G,0,G/G,A/A,*1/*2,G/G,T/T,0,G/G,A/A,0,0,6.0,*1/*2,1,OTHER,0,0,0,0,0,0,0,0,0,0,0,0,0,0,0,0,0,0,0,0,0,0,0,0,0,0,0,0,0,0,0,0,0,0,0,0,0,0,0,0,0,0,25.0,44.008423,19.0084228515625
male,White,not Hispanic or Latino,190.5,99.8,3,0.0,0.0,0.0,0.0,0.0,0.0,0.0,0.0,0.0,0.0,0.0,0.0,0.0,0.0,0.0,0.0,0.0,0.0,0.0,1.0,G/G,0,G/G,A/G,*1/*1,G/G,T/T,0,G/G,A/G,0,0,7.0,*1/*1,0,OTHER,0,0,0,0,0,0,0,0,0,0,0,0,0,0,0,0,0,0,0,0,0,0,0,0,0,0,0,0,0,0,0,0,0,0,0,0,0,0,0,0,0,0,70.0,51.131676,18.868324279785156
female,White,not Hispanic or Latino,152.4,44.0,8,0.0,0.0,0.0,1.0,0.0,0.0,0.0,0.0,0.0,0.0,0.0,0.0,0.0,0.0,0.0,0.0,0.0,0.0,0.0,0.0,G/G,0,G/G,A/A,*1/*3,G/G,T/T,0,G/G,A/A,0,0,8.0,*1/*3,2,OTHER,0,0,0,0,0,0,0,0,0,0,0,0,0,0,0,0,0,0,0,0,0,0,0,0,0,0,0,0,0,0,0,0,0,0,0,0,0,0,0,0,0,0,35.0,18.558372,16.441627502441406
male,White,not Hispanic or Latino,172.72,102.5,8,0.0,0.0,0.0,0.0,0.0,0.0,0.0,0.0,0.0,0.0,0.0,0.0,0.0,0.0,0.0,0.0,0.0,0.0,0.0,1.0,G/G,0,G/G,A/A,*1/*1,G/G,T/T,0,G/G,A/A,0,0,4.0,*1/*1,0,OTHER,0,0,0,0,0,0,0,0,0,0,0,0,0,0,0,0,0,0,0,0,0,0,0,0,0,0,0,0,0,0,0,0,0,0,0,0,0,0,0,0,0,0,84.0,60.229908,23.770092010498047
female,White,not Hispanic or Latino,171.45,59.0,3,0.0,0.0,0.0,0.0,0.0,0.0,0.0,0.0,0.0,0.0,0.0,0.0,0.0,0.0,0.0,0.0,0.0,0.0,0.0,0.0,A/G,0,C/G,G/G,*1/*1,A/G,G/T,C/T,C/G,G/G,C/T,A/C,7.0,*1/*1,0,OTHER,0,0,0,0,0,0,0,0,0,0,0,0,0,0,0,0,0,0,0,0,0,0,0,0,0,0,0,0,0,0,0,0,0,0,0,0,0,0,0,0,0,0,9.0,25.443777,16.443777084350586
female,White,not Hispanic or Latino,160.02,86.6,8,0.0,0.0,0.0,0.0,0.0,0.0,0.0,0.0,0.0,0.0,0.0,0.0,0.0,0.0,0.0,0.0,0.0,0.0,0.0,0.0,A/G,0,C/G,G/G,*1/*1,A/G,G/T,0,C/G,G/G,0,0,4.0,*1/*1,0,OTHER,0,0,0,0,0,0,0,0,0,0,0,0,0,0,0,0,0,0,0,0,0,0,0,0,0,0,0,0,0,0,0,0,0,0,0,0,0,0,0,0,1,0,64.0,40.99582,23.004180908203125
male,White,not Hispanic or Latino,170.18,118.4,3,0.0,0.0,0.0,0.0,0.0,0.0,0.0,0.0,0.0,0.0,0.0,0.0,0.0,0.0,0.0,0.0,0.0,0.0,0.0,0.0,A/G,0,C/G,A/G,*1/*1,A/G,G/T,0,C/G,A/G,0,0,7.0,*1/*1,0,OTHER,0,0,0,0,0,0,0,0,0,0,0,0,0,0,0,0,0,0,0,0,0,0,0,0,0,0,0,0,0,0,0,0,0,0,0,0,0,0,0,0,1,0,20.0,36.88034,16.880340576171875
female,White,not Hispanic or Latino,167.64,77.1,8,0.0,0.0,0.0,0.0,0.0,0.0,0.0,0.0,0.0,0.0,0.0,0.0,0.0,0.0,0.0,0.0,0.0,0.0,0.0,1.0,G/G,0,G/G,G/G,*1/*1,G/G,T/T,0,G/G,G/G,0,0,4.0,*1/*1,0,OTHER,0,0,0,0,0,0,0,0,0,0,0,0,0,0,0,0,0,0,0,0,0,0,0,0,0,0,0,0,0,0,0,0,0,0,0,0,0,0,0,0,0,0,90.0,54.371605,35.628395080566406
male,White,not Hispanic or Latino,182.88,77.1,8,0.0,0.0,0.0,0.0,0.0,0.0,0.0,0.0,0.0,0.0,0.0,0.0,0.0,0.0,0.0,0.0,0.0,0.0,0.0,1.0,A/G,0,C/C,G/G,*1/*1,A/G,G/T,0,C/C,G/G,0,0,4.0,*1/*1,0,OTHER,0,0,0,0,0,0,0,0,0,0,0,0,0,0,0,0,0,0,0,0,0,0,0,0,0,0,0,0,0,0,0,0,0,0,0,0,0,0,0,0,0,0,70.0,41.00458,28.995418548583984
female,White,not Hispanic or Latino,163.83,100.7,8,0.0,0.0,0.0,0.0,0.0,0.0,0.0,0.0,0.0,0.0,0.0,0.0,0.0,0.0,0.0,0.0,0.0,0.0,0.0,0.0,G/G,0,G/G,A/G,*1/*1,G/G,T/T,0,G/G,A/G,0,0,5.0,*1/*1,0,OTHER,0,0,0,0,0,0,0,0,0,0,0,0,0,0,0,0,0,0,0,0,0,0,0,0,0,0,0,0,0,0,0,0,0,0,0,0,0,0,0,0,0,0,88.0,51.56084,36.43915939331055
female,Black or African American,not Hispanic or Latino,179.07,86.2,3,0.0,0.0,0.0,0.0,0.0,0.0,0.0,0.0,0.0,0.0,0.0,0.0,0.0,0.0,0.0,0.0,0.0,0.0,0.0,0.0,G/G,0,G/G,A/G,*1/*1,G/G,T/T,0,G/G,A/G,0,0,7.0,*1/*1,0,OTHER,0,0,0,0,0,0,0,0,0,0,0,0,0,0,0,0,0,0,0,0,0,0,0,0,0,0,0,0,0,0,0,0,0,0,0,0,0,0,0,0,0,0,30.0,43.019127,13.019126892089844
female,Black or African American,not Hispanic or Latino,170.18,129.7,8,0.0,0.0,0.0,0.0,0.0,0.0,0.0,0.0,0.0,0.0,0.0,0.0,0.0,0.0,0.0,0.0,0.0,0.0,0.0,0.0,G/G,0,C/G,A/G,*1/*1,G/G,T/T,0,C/G,A/G,0,0,5.0,*1/*1,0,OTHER,0,0,0,0,0,0,0,0,0,0,0,0,0,0,0,0,0,0,0,0,0,0,0,0,0,0,0,0,0,0,0,0,0,0,0,0,0,0,0,0,0,0,115.0,49.29563,65.7043685913086
female,White,not Hispanic or Latino,157.48,65.8,8,0.0,0.0,0.0,0.0,0.0,0.0,0.0,0.0,0.0,0.0,0.0,0.0,0.0,0.0,0.0,0.0,0.0,0.0,0.0,0.0,G/G,0,G/G,A/G,*1/*1,G/G,T/T,0,G/G,A/G,0,0,7.0,*1/*1,0,OTHER,0,0,0,0,0,0,0,0,0,0,0,0,0,0,0,0,0,0,0,0,0,0,0,0,0,0,0,0,0,0,0,0,0,0,0,0,0,0,0,0,0,0,56.0,35.888256,20.111743927001953
male,White,not Hispanic or Latino,167.64,73.0,8,0.0,0.0,0.0,1.0,0.0,0.0,0.0,0.0,0.0,0.0,0.0,0.0,0.0,0.0,0.0,0.0,0.0,0.0,0.0,0.0,G/G,0,0,A/G,*1/*1,G/G,0,0,0,A/G,0,0,3.0,*1/*1,0,OTHER,0,0,0,0,0,0,0,0,0,0,0,0,0,0,0,0,0,0,0,0,0,0,0,0,0,0,0,0,0,0,0,0,0,0,0,0,0,0,0,0,0,0,98.0,47.209568,50.79043197631836
female,White,not Hispanic or Latino,163.55,88.6,1,0.0,0.0,0.0,1.0,1.0,0.0,0.0,0.0,0.0,0.0,0.0,0.0,0.0,0.0,0.0,0.0,0.0,0.0,0.0,0.0,0,0,C/G,0,*1/*2,0,G/T,0,C/G,0,0,0,2.0,*1/*2,1,GG,0,0,1,0,0,0,0,0,0,0,0,0,0,0,1,0,0,0,0,0,0,0,0,0,0,0,0,1,0,0,0,0,0,0,0,0,0,0,0,0,0,0,15.47,40.930763,25.460763244628907
female,White,not Hispanic or Latino,0.0,81.3,1,0.0,0.0,0.0,0.0,0.0,1.0,0.0,0.0,0.0,0.0,0.0,0.0,0.0,0.0,0.0,0.0,0.0,0.0,0.0,0.0,0,0,G/G,0,*1/*1,0,T/T,0,G/G,0,0,0,5.0,*1/*1,0,GG,0,1,0,0,0,0,0,0,0,0,0,0,0,0,1,0,0,0,0,0,0,0,0,0,0,0,0,1,0,0,0,0,0,0,0,0,0,0,0,0,0,0,67.41,49.74172,17.66828170776367
male,White,not Hispanic or Latino,0.0,0.0,1,1.0,0.0,0.0,1.0,0.0,1.0,0.0,0.0,0.0,0.0,0.0,0.0,0.0,0.0,0.0,0.0,0.0,0.0,0.0,0.0,0,0,G/G,0,*1/*3,0,T/T,0,G/G,0,0,0,5.0,*1/*3,2,GG,0,1,1,0,0,0,0,0,0,0,1,0,0,0,1,0,0,0,0,1,0,0,0,0,0,0,0,1,0,0,0,0,0,0,0,0,0,0,0,0,0,0,70.0,27.647684,42.35231590270996
female,White,not Hispanic or Latino,0.0,0.0,2,0.0,0.0,0.0,1.0,0.0,0.0,0.0,0.0,0.0,0.0,0.0,0.0,0.0,0.0,0.0,0.0,0.0,0.0,1.0,0.0,0,0,C/G,0,*1/*1,0,G/T,0,C/G,0,0,0,7.0,*1/*1,0,GG,0,0,1,1,0,0,0,0,0,0,0,0,0,0,0,0,0,0,0,0,0,0,0,0,0,0,0,0,0,0,0,0,0,0,0,0,0,0,0,0,0,0,6.3,29.916563,23.616563034057616
male,White,not Hispanic or Latino,0.0,0.0,3,1.0,1.0,0.0,1.0,0.0,0.0,0.0,0.0,0.0,0.0,0.0,0.0,1.0,0.0,0.0,0.0,0.0,0.0,0.0,0.0,0,0,C/G,0,*1/*1,0,G/T,0,C/G,0,0,0,6.0,*1/*1,0,GG,1,0,1,0,0,0,0,0,0,0,0,0,0,0,1,0,0,0,0,0,0,0,0,0,0,0,0,1,0,0,0,0,0,0,0,0,0,0,0,0,0,0,42.77,28.313421,14.456578750610355
male,White,not Hispanic or Latino,186.18,131.0,3,0.0,0.0,0.0,1.0,0.0,1.0,1.0,0.0,0.0,0.0,0.0,0.0,0.0,0.0,0.0,0.0,0.0,0.0,0.0,0.0,0,0,C/G,0,*1/*1,0,G/T,0,C/G,0,0,0,5.0,*1/*1,0,GG,0,1,1,0,0,0,0,0,0,0,1,0,0,0,1,0,0,0,0,0,0,0,0,1,0,0,0,1,0,0,0,0,0,0,0,0,0,0,0,0,0,0,63.21,44.675488,18.534512481689454
female,White,not Hispanic or Latino,0.0,58.8,3,0.0,0.0,0.0,0.0,0.0,0.0,0.0,0.0,0.0,0.0,0.0,0.0,0.0,0.0,0.0,0.0,0.0,0.0,0.0,0.0,0,0,G/G,0,*1/*3,0,T/T,0,G/G,0,0,0,6.0,*1/*3,2,GG,0,0,0,0,0,0,0,0,0,0,0,0,0,0,0,0,0,0,0,0,0,0,0,0,0,0,0,0,0,0,0,0,0,0,0,0,0,0,0,0,0,0,38.85,22.291279,16.558721160888673
male,White,Hispanic or Latino,0.0,78.7,3,0.0,0.0,0.0,1.0,0.0,0.0,0.0,0.0,0.0,1.0,0.0,0.0,0.0,0.0,0.0,0.0,0.0,0.0,0.0,0.0,0,0,C/C,0,*1/*1,0,G/T,0,C/C,0,0,0,7.0,*1/*1,0,GG,0,0,0,0,0,0,0,0,0,0,0,0,0,0,1,0,0,0,0,0,0,0,0,0,0,0,0,0,0,0,0,0,0,0,0,0,0,0,0,0,0,0,47.18,25.403599,21.77640121459961
female,White,not Hispanic or Latino,0.0,0.0,3,0.0,0.0,0.0,0.0,0.0,0.0,0.0,0.0,0.0,0.0,0.0,0.0,0.0,0.0,0.0,0.0,0.0,0.0,0.0,0.0,0,0,C/G,0,*1/*1,0,G/T,0,C/G,0,0,0,6.0,*1/*1,0,GG,0,0,1,0,0,0,0,0,0,0,0,0,0,0,1,0,0,0,0,0,0,0,0,0,0,0,0,1,0,0,0,0,0,0,0,0,0,0,0,0,0,0,45.01,32.004173,13.005826721191404
male,Black or African American,not Hispanic or Latino,0.0,0.0,3,0.0,0.0,0.0,0.0,0.0,0.0,0.0,0.0,0.0,0.0,0.0,0.0,0.0,0.0,0.0,0.0,0.0,0.0,0.0,0.0,0,0,G/G,0,*1/*1,G/G,T/T,C/C,G/G,A/A,C/C,A/C,8.0,*1/*1,0,GG,0,0,0,0,0,0,0,0,0,0,0,0,0,0,1,0,0,0,0,0,0,0,0,0,0,0,0,1,0,0,0,0,0,0,0,0,0,0,0,0,0,0,52.5,34.36933,18.13066864013672
male,White,not Hispanic or Latino,170.15,92.5,3,0.0,0.0,0.0,0.0,0.0,0.0,0.0,0.0,0.0,0.0,0.0,0.0,0.0,0.0,0.0,0.0,0.0,0.0,0.0,0.0,0,0,G/G,0,*1/*1,0,T/T,0,G/G,0,0,0,8.0,*1/*1,0,GG,0,0,1,0,0,0,0,0,0,0,0,0,0,0,0,0,0,0,0,0,0,0,0,0,0,0,0,1,0,0,0,0,0,0,0,0,0,0,0,0,0,0,26.04,39.523705,13.483704528808595
female,White,not Hispanic or Latino,0.0,89.6,8,0.0,0.0,0.0,1.0,0.0,0.0,1.0,0.0,0.0,0.0,0.0,0.0,0.0,0.0,0.0,0.0,0.0,0.0,0.0,0.0,0,0,C/G,0,*1/*2,0,T/T,0,C/G,0,0,0,7.0,*1/*2,1,GG,0,0,1,0,0,0,0,0,1,0,0,0,0,0,0,0,0,0,0,0,0,0,0,1,0,0,0,1,0,0,0,0,0,0,0,0,0,0,0,0,0,0,42.0,24.351261,17.648738861083984
male,Asian,not Hispanic or Latino,163.07,67.0,8,0.0,0.0,0.0,0.0,0.0,0.0,0.0,0.0,0.0,0.0,0.0,0.0,0.0,0.0,0.0,0.0,0.0,0.0,0.0,0.0,A/A,T/T,C/C,G/G,*1/*1,A/A,0,T/T,C/C,G/G,T/T,0,7.0,*1/*1,0,OTHER,0,0,0,0,0,0,0,0,0,0,0,0,0,0,0,0,0,0,0,0,0,0,0,0,0,0,0,0,0,0,0,0,0,0,0,0,0,0,0,0,0,0,35.0,16.896677,18.103322982788086
male,Asian,not Hispanic or Latino,170.94,0.0,8,0.0,0.0,0.0,0.0,0.0,0.0,0.0,0.0,0.0,0.0,0.0,0.0,0.0,0.0,0.0,0.0,0.0,0.0,0.0,0.0,A/A,T/T,C/C,G/G,*1/*1,A/A,0,T/T,C/C,G/G,T/T,0,6.0,*1/*1,0,OTHER,0,0,0,0,0,0,0,0,0,0,0,0,0,0,0,0,0,0,0,0,0,0,0,0,0,0,0,0,0,0,0,0,0,0,0,0,0,0,0,0,0,0,35.0,18.01957,16.980430603027344
male,Asian,not Hispanic or Latino,168.91,52.5,3; 4,0.0,0.0,1.0,0.0,0.0,0.0,0.0,0.0,0.0,0.0,0.0,0.0,0.0,0.0,0.0,0.0,0.0,0.0,0.0,0.0,A/A,T/T,C/C,G/G,*1/*1,A/A,0,T/T,C/C,G/G,T/T,0,6.0,*1/*1,0,OTHER,0,0,0,0,0,0,0,0,0,0,0,0,0,0,0,0,0,0,0,0,0,0,0,0,0,0,0,0,0,0,0,0,0,0,0,0,0,0,0,0,0,0,45.5,19.602663,25.897336959838867
male,Asian,not Hispanic or Latino,164.08,56.0,4; 8,0.0,0.0,1.0,0.0,0.0,0.0,0.0,0.0,0.0,0.0,0.0,0.0,0.0,0.0,0.0,0.0,0.0,0.0,0.0,0.0,A/A,T/T,C/C,G/G,*1/*1,A/A,0,T/T,C/C,G/G,T/T,0,5.0,*1/*1,0,OTHER,0,0,0,0,0,0,0,0,0,0,0,0,0,0,0,0,0,0,0,0,0,0,0,0,0,0,0,0,0,0,0,0,0,0,0,0,0,0,0,0,0,0,42.0,21.644073,20.355926513671875
male,Asian,not Hispanic or Latino,150.88,57.0,7; 8,0.0,1.0,0.0,0.0,0.0,0.0,0.0,0.0,0.0,0.0,0.0,0.0,0.0,0.0,0.0,0.0,0.0,0.0,0.0,0.0,A/G,C/T,C/G,A/G,*1/*1,A/G,0,C/T,C/G,A/G,C/T,0,7.0,*1/*1,0,OTHER,0,0,0,0,0,0,0,0,0,0,0,0,0,0,0,0,0,0,0,0,0,0,0,0,0,0,0,0,0,0,0,0,0,0,0,0,0,0,0,0,0,0,10.5,24.251099,13.7510986328125
male,Asian,not Hispanic or Latino,163.07,56.0,4,0.0,0.0,1.0,0.0,0.0,0.0,0.0,0.0,0.0,0.0,0.0,0.0,0.0,0.0,0.0,0.0,0.0,0.0,0.0,0.0,A/G,C/T,C/G,A/G,*1/*1,A/G,0,C/T,C/G,A/G,C/T,0,5.0,*1/*1,0,OTHER,0,0,0,0,0,0,0,0,0,0,0,0,0,0,0,0,0,0,0,0,0,0,0,0,0,0,0,0,0,0,0,0,0,0,0,0,0,0,0,0,0,0,49.0,31.710659,17.28934097290039
male,Asian,not Hispanic or Latino,169.93,78.0,4,0.0,0.0,1.0,0.0,0.0,0.0,0.0,0.0,0.0,0.0,0.0,0.0,0.0,0.0,0.0,0.0,0.0,0.0,0.0,0.0,A/A,T/T,C/C,G/G,*1/*1,A/A,0,T/T,C/C,G/G,T/T,0,7.0,*1/*1,0,OTHER,0,0,0,0,0,0,0,0,0,0,0,0,0,0,0,0,0,0,0,0,0,0,0,0,0,0,0,0,0,0,0,0,0,0,0,0,0,0,0,0,0,0,35.0,20.287804,14.712196350097656
male,Asian,not Hispanic or Latino,169.93,65.0,7; 8,0.0,1.0,0.0,0.0,0.0,0.0,0.0,0.0,0.0,0.0,0.0,0.0,0.0,0.0,0.0,0.0,0.0,0.0,0.0,0.0,A/A,T/T,C/C,G/G,*1/*1,A/A,0,T/T,C/C,G/G,T/T,0,3.0,*1/*1,0,OTHER,0,0,0,0,0,0,0,0,0,0,0,0,0,0,0,0,0,0,0,0,0,0,0,0,0,0,0,0,0,0,0,0,0,0,0,0,0,0,0,0,0,0,35.0,20.014797,14.98520278930664
male,Asian,not Hispanic or Latino,170.94,71.0,3; 6,0.0,0.0,0.0,0.0,0.0,0.0,0.0,0.0,0.0,0.0,0.0,0.0,0.0,0.0,0.0,0.0,0.0,0.0,0.0,0.0,A/G,C/T,C/G,A/G,*1/*1,A/G,0,C/T,C/G,A/G,C/T,0,6.0,*1/*1,0,OTHER,0,0,0,0,0,0,0,0,0,0,0,0,0,0,0,0,0,0,0,0,0,0,0,0,0,0,0,0,0,0,0,0,0,0,0,0,0,0,0,0,0,0,10.5,30.294521,19.79452133178711
male,Asian,not Hispanic or Latino,180.09,73.0,3; 6,0.0,0.0,0.0,0.0,0.0,0.0,0.0,0.0,0.0,0.0,0.0,0.0,0.0,0.0,0.0,0.0,0.0,0.0,0.0,0.0,A/A,T/T,C/C,G/G,*1/*1,A/A,0,T/T,C/C,G/G,T/T,0,6.0,*1/*1,0,OTHER,0,0,0,0,0,0,0,0,0,0,0,0,0,0,0,0,0,0,0,0,0,0,0,0,0,0,0,0,0,0,0,0,0,0,0,0,0,0,0,0,0,0,7.0,21.417175,14.41717529296875
male,Asian,not Hispanic or Latino,165.1,70.0,6,0.0,0.0,0.0,0.0,0.0,0.0,0.0,0.0,0.0,0.0,0.0,0.0,0.0,0.0,0.0,0.0,0.0,0.0,0.0,0.0,A/G,C/T,C/G,A/G,*1/*1,A/G,0,C/T,C/G,A/G,C/T,0,7.0,*1/*1,0,OTHER,0,0,0,0,0,0,0,0,0,0,0,0,0,0,0,0,0,0,0,0,0,0,0,0,0,0,0,0,0,0,0,0,0,0,0,0,0,0,0,0,0,0,7.0,25.003918,18.003917694091797
female,Asian,not Hispanic or Latino,149.1,42.0,4; 8,0.0,1.0,1.0,0.0,0.0,0.0,0.0,0.0,0.0,0.0,0.0,0.0,0.0,0.0,0.0,0.0,0.0,0.0,0.0,0.0,A/A,T/T,C/C,G/G,*1/*1,A/A,0,T/T,C/C,G/G,T/T,0,6.0,*1/*1,0,OTHER,0,0,0,0,0,0,0,0,0,0,0,0,0,0,0,0,0,0,0,0,0,0,0,0,0,0,0,0,0,0,0,0,0,0,0,0,0,0,0,0,0,0,35.0,17.667852,17.3321475982666
male,Asian,not Hispanic or Latino,170.94,71.0,3; 8,0.0,0.0,0.0,0.0,0.0,0.0,0.0,0.0,0.0,0.0,0.0,0.0,0.0,0.0,0.0,0.0,0.0,0.0,0.0,0.0,A/G,C/T,C/G,A/G,*1/*1,A/G,0,C/T,C/G,A/G,C/T,0,7.0,*1/*1,0,OTHER,0,0,0,0,0,0,0,0,0,0,0,0,0,0,0,0,0,0,0,0,0,0,0,0,0,0,0,0,0,0,0,0,0,0,0,0,0,0,0,0,0,0,10.5,26.642069,16.14206886291504
male,Asian,not Hispanic or Latino,177.04,68.0,4,0.0,0.0,1.0,0.0,0.0,0.0,0.0,0.0,0.0,0.0,0.0,0.0,0.0,0.0,0.0,0.0,0.0,0.0,0.0,0.0,A/A,T/T,C/C,G/G,*1/*1,A/A,0,T/T,C/C,G/G,T/T,0,4.0,*1/*1,0,OTHER,0,0,0,0,0,0,0,0,0,0,0,0,0,0,0,0,0,0,0,0,0,0,0,0,0,0,0,0,0,0,0,0,0,0,0,0,0,0,0,0,0,0,42.0,24.740803,17.259197235107422
male,Asian,not Hispanic or Latino,168.91,69.0,3,0.0,0.0,0.0,0.0,0.0,0.0,0.0,0.0,0.0,0.0,0.0,0.0,0.0,0.0,0.0,0.0,0.0,0.0,0.0,0.0,A/G,C/T,C/G,A/G,*1/*1,A/G,0,C/T,C/G,A/G,C/T,0,5.0,*1/*1,0,OTHER,0,0,0,0,0,0,0,0,0,0,0,0,0,0,0,0,0,0,0,0,0,0,0,0,0,0,0,0,0,0,0,0,0,0,0,0,0,0,0,0,0,0,7.0,30.66043,23.660430908203125
male,Asian,not Hispanic or Latino,163.32,76.0,3,0.0,0.0,0.0,0.0,0.0,0.0,0.0,0.0,0.0,0.0,0.0,0.0,0.0,0.0,0.0,0.0,0.0,0.0,0.0,0.0,A/A,T/T,C/C,G/G,*1/*1,A/A,0,T/T,C/C,G/G,T/T,0,8.0,*1/*1,0,OTHER,0,0,0,0,0,0,0,0,0,0,0,0,0,0,0,0,0,0,0,0,0,0,0,0,0,0,0,0,0,0,0,0,0,0,0,0,0,0,0,0,0,0,31.5,16.611727,14.888273239135742
female,Asian,not Hispanic or Latino,159.0,61.0,4,0.0,0.0,1.0,0.0,0.0,0.0,0.0,0.0,0.0,0.0,0.0,0.0,0.0,0.0,0.0,0.0,0.0,0.0,0.0,0.0,G/G,C/C,G/G,A/A,*1/*1,G/G,T/T,C/C,G/G,A/A,C/C,C/C,6.0,*1/*1,0,OTHER,0,0,0,0,0,0,0,0,0,0,0,0,0,0,0,0,0,0,0,0,0,0,0,0,0,0,0,0,0,0,0,0,0,0,0,0,0,0,0,0,0,0,70.0,39.16714,30.83285903930664
male,Asian,not Hispanic or Latino,174.5,73.0,4,0.0,0.0,1.0,0.0,0.0,0.0,0.0,0.0,0.0,0.0,0.0,0.0,0.0,0.0,0.0,0.0,0.0,0.0,0.0,0.0,A/A,T/T,C/C,G/G,*1/*1,A/A,T/T,T/T,C/C,G/G,T/T,C/C,6.0,*1/*1,0,OTHER,0,0,0,0,0,0,0,0,0,0,0,0,0,0,0,0,0,0,0,0,0,0,0,0,0,0,0,0,0,0,0,0,0,0,0,0,0,0,0,0,0,0,8.75,22.079634,13.329633712768555
female,Asian,not Hispanic or Latino,153.01,53.0,4,0.0,0.0,1.0,0.0,0.0,0.0,0.0,0.0,0.0,0.0,0.0,0.0,0.0,0.0,0.0,0.0,0.0,0.0,0.0,0.0,A/A,T/T,C/C,G/G,*1/*1,A/A,T/T,T/T,C/C,G/G,T/T,0,5.0,*1/*1,0,OTHER,0,0,0,0,0,0,0,0,0,0,0,0,0,0,0,0,0,0,0,0,0,0,0,0,0,0,0,0,0,0,0,0,0,0,0,0,0,0,0,0,0,0,35.0,20.647858,14.352142333984375
male,Asian,not Hispanic or Latino,169.01,80.0,4,0.0,0.0,1.0,0.0,0.0,0.0,0.0,0.0,0.0,0.0,0.0,0.0,0.0,0.0,0.0,0.0,0.0,0.0,0.0,0.0,G/G,C/C,G/G,A/A,*1/*3,G/G,T/T,C/C,G/G,A/A,C/C,0,5.0,*1/*3,2,OTHER,0,0,0,0,0,0,0,0,0,0,0,0,0,0,0,0,0,0,0,0,0,0,0,0,0,0,0,0,0,0,0,0,0,0,0,0,0,0,0,0,0,0,26.25,40.38984,14.139839172363281
female,Asian,not Hispanic or Latino,150.01,51.0,4,0.0,0.0,1.0,0.0,0.0,0.0,0.0,0.0,0.0,0.0,0.0,0.0,0.0,0.0,0.0,0.0,0.0,0.0,0.0,0.0,A/A,T/T,C/C,G/G,0,A/A,T/T,T/T,C/C,G/G,T/T,0,6.0,unknown,0,OTHER,0,0,0,0,0,0,0,0,0,0,0,0,0,0,0,0,0,0,0,0,0,0,0,0,0,0,0,0,0,0,0,0,0,0,0,0,0,0,0,0,0,0,35.0,17.229637,17.770362854003906
male,White,not Hispanic or Latino,183.64,90.9,3; 6,0.0,1.0,0.0,0.0,0.0,0.0,0.0,0.0,0.0,0.0,0.0,0.0,0.0,0.0,0.0,0.0,0.0,0.0,0.0,1.0,A/G,0,C/G,A/G,*1/*1,A/G,T/T,0,C/G,A/G,0,A/C,6.0,*1/*1,0,OTHER,0,0,0,0,0,0,0,0,0,0,0,0,0,0,0,0,0,0,0,0,0,0,0,0,0,0,0,0,0,1,0,0,0,0,0,0,0,0,0,0,1,0,52.5,36.700924,15.799076080322266
male,White,not Hispanic or Latino,178.56,101.8,8,0.0,1.0,0.0,1.0,0.0,0.0,1.0,0.0,0.0,0.0,0.0,0.0,0.0,0.0,0.0,0.0,0.0,0.0,0.0,0.0,G/G,0,G/G,A/A,*1/*2,G/G,T/T,0,G/G,A/A,0,C/C,6.0,*1/*2,1,OTHER,0,0,0,0,0,0,0,0,0,0,0,0,0,0,0,0,0,0,0,0,0,0,0,1,0,0,0,1,0,0,0,0,0,0,0,0,0,0,0,0,1,0,55.0,40.57798,14.422019958496094
male,White,not Hispanic or Latino,181.36,103.0,1,1.0,0.0,0.0,1.0,0.0,1.0,0.0,0.0,0.0,0.0,0.0,0.0,0.0,0.0,0.0,0.0,0.0,0.0,0.0,0.0,G/G,0,G/G,A/G,*1/*1,G/G,T/T,0,G/G,A/G,0,A/A,6.0,*1/*1,0,OTHER,0,1,0,0,0,0,0,0,0,0,0,0,0,0,0,0,0,0,0,0,0,0,0,0,0,0,0,1,0,0,0,0,0,0,0,0,0,0,0,0,0,0,41.25,54.12091,12.87091064453125
male,White,not Hispanic or Latino,186.18,98.2,3,0.0,1.0,0.0,0.0,0.0,1.0,0.0,0.0,0.0,0.0,0.0,0.0,1.0,0.0,0.0,0.0,0.0,0.0,0.0,0.0,A/G,0,C/G,A/G,*1/*1,A/G,T/T,0,C/G,A/G,0,C/C,6.0,*1/*1,0,OTHER,1,1,0,0,0,0,0,0,0,0,0,0,0,0,0,0,0,0,0,0,0,0,0,0,0,0,0,1,0,0,0,0,0,0,0,0,0,0,0,0,0,0,20.0,33.59429,13.594291687011719
male,White,not Hispanic or Latino,173.74,113.0,8,1.0,0.0,0.0,0.0,0.0,1.0,0.0,0.0,0.0,0.0,0.0,0.0,0.0,0.0,0.0,0.0,0.0,1.0,0.0,1.0,G/G,0,G/G,A/A,*1/*1,G/G,T/T,0,G/G,A/A,0,A/C,5.0,*1/*1,0,OTHER,0,1,1,0,0,1,0,0,0,0,0,0,0,0,0,0,0,0,0,0,0,0,0,0,0,0,0,1,0,0,0,0,0,0,0,0,0,0,0,0,0,0,85.0,58.695057,26.304943084716797
male,Black or African American,not Hispanic or Latino,176.02,108.0,6,1.0,1.0,0.0,1.0,1.0,0.0,1.0,0.0,0.0,0.0,0.0,0.0,0.0,0.0,0.0,0.0,0.0,0.0,0.0,1.0,G/G,0,C/G,G/G,*1/*1,G/G,T/T,C/C,C/G,G/G,C/C,C/C,5.0,*1/*1,0,OTHER,0,0,1,0,0,0,0,0,0,0,0,0,0,0,0,0,0,0,0,0,0,0,0,1,0,0,0,1,0,1,0,0,0,0,0,0,0,0,0,0,0,0,30.0,43.73707,13.737068176269531
male,White,not Hispanic or Latino,171.2,103.0,4,0.0,1.0,1.0,0.0,1.0,1.0,0.0,0.0,0.0,0.0,0.0,0.0,0.0,0.0,0.0,0.0,0.0,0.0,0.0,0.0,A/G,0,C/G,A/G,*1/*1,A/G,G/T,0,C/G,A/G,0,C/C,7.0,*1/*1,0,OTHER,0,1,0,0,0,0,0,0,0,0,0,0,0,0,0,0,0,0,0,0,0,0,0,0,0,0,0,1,0,0,0,0,0,0,0,0,0,0,0,0,0,0,48.75,34.338993,14.411006927490234
male,Black or African American,not Hispanic or Latino,171.2,86.8,3,0.0,0.0,0.0,1.0,0.0,0.0,0.0,0.0,0.0,0.0,0.0,0.0,0.0,0.0,0.0,0.0,0.0,0.0,0.0,0.0,G/G,0,G/G,A/G,*1/*1,G/G,T/T,0,G/G,A/G,0,C/C,6.0,*1/*1,0,OTHER,0,0,1,0,0,0,0,0,0,0,0,0,0,0,0,0,0,0,0,0,0,0,0,0,0,0,0,0,0,0,0,0,0,0,0,0,0,0,0,0,1,0,30.0,43.38676,13.386760711669922
male,Black or African American,not Hispanic or Latino,166.12,89.5,1,0.0,0.0,0.0,0.0,1.0,0.0,1.0,0.0,0.0,0.0,0.0,0.0,0.0,0.0,0.0,0.0,0.0,0.0,0.0,0.0,G/G,0,C/G,G/G,*1/*2,G/G,T/T,0,C/G,G/G,0,C/C,6.0,*1/*2,1,OTHER,0,0,0,0,0,0,0,0,0,0,0,1,0,0,0,0,0,0,0,0,0,0,0,1,0,0,0,0,0,0,0,0,0,0,0,0,0,0,0,0,0,0,50.0,34.034657,15.965343475341797
male,White,not Hispanic or Latino,186.18,125.1,1,0.0,0.0,0.0,0.0,1.0,0.0,0.0,0.0,0.0,0.0,0.0,0.0,0.0,0.0,0.0,0.0,0.0,0.0,0.0,1.0,G/G,0,G/G,G/G,*1/*1,G/G,T/T,0,G/G,G/G,0,A/A,5.0,*1/*1,0,OTHER,0,0,0,0,0,0,1,0,0,0,0,0,0,0,0,0,0,0,0,0,0,0,0,0,0,0,0,1,0,0,0,0,0,0,0,0,0,0,0,0,1,0,85.0,65.78347,19.216529846191406
male,White,not Hispanic or Latino,186.18,110.5,3; 4,0.0,0.0,1.0,1.0,0.0,1.0,0.0,0.0,0.0,0.0,0.0,0.0,0.0,0.0,0.0,0.0,0.0,0.0,0.0,0.0,A/G,0,C/G,A/G,*1/*1,A/G,G/T,0,C/G,A/G,0,C/C,5.0,*1/*1,0,OTHER,0,1,1,0,0,0,0,0,0,0,0,0,0,0,0,0,0,0,0,0,0,0,0,0,0,0,0,0,0,0,0,0,0,0,0,1,0,0,0,0,0,0,25.0,43.776897,18.776897430419922
male,White,not Hispanic or Latino,182.88,61.0,1,0.0,0.0,0.0,1.0,0.0,1.0,0.0,0.0,0.0,0.0,0.0,0.0,0.0,0.0,1.0,0.0,0.0,0.0,0.0,1.0,G/G,0,G/G,A/G,*1/*1,G/G,T/T,0,G/G,A/G,0,A/C,6.0,*1/*1,0,OTHER,0,1,0,0,0,0,0,0,0,0,0,0,0,0,0,0,0,0,0,0,1,0,0,0,0,0,0,1,0,0,0,0,0,0,0,0,0,0,0,0,0,0,82.5,44.94666,37.553340911865234
male,White,not Hispanic or Latino,171.2,77.5,1; 2,1.0,0.0,0.0,0.0,0.0,0.0,0.0,0.0,0.0,0.0,0.0,0.0,0.0,0.0,0.0,0.0,0.0,0.0,0.0,0.0,G/G,0,G/G,A/A,*1/*1,G/G,T/T,0,G/G,A/A,0,A/C,8.0,*1/*1,0,OTHER,0,0,0,0,0,0,0,0,0,0,0,0,0,0,0,0,0,0,0,0,0,0,0,0,0,0,0,1,0,0,0,0,0,0,0,0,0,0,0,0,0,0,65.0,41.467384,23.532615661621094
male,White,not Hispanic or Latino,179.83,74.8,3,0.0,1.0,0.0,0.0,0.0,0.0,0.0,0.0,0.0,0.0,0.0,0.0,0.0,0.0,0.0,0.0,0.0,0.0,0.0,0.0,A/G,0,C/G,A/G,*1/*1,A/G,G/T,0,C/G,A/G,0,C/C,7.0,*1/*1,0,OTHER,0,0,0,0,0,0,0,0,0,0,0,0,0,0,0,0,0,0,0,0,0,0,0,0,0,0,0,0,0,0,0,0,0,0,0,0,0,0,0,0,0,0,16.25,29.684668,13.434667587280273
male,White,not Hispanic or Latino,173.99,76.7,0,0.0,0.0,0.0,0.0,0.0,0.0,0.0,0.0,0.0,0.0,0.0,0.0,0.0,0.0,0.0,0.0,0.0,0.0,0.0,0.0,A/G,0,0,0,*1/*2,A/G,0,0,0,0,0,0,7.0,*1/*2,1,OTHER,0,0,0,0,0,0,0,0,0,0,0,0,0,0,0,0,0,0,0,0,0,0,0,0,0,0,0,0,0,0,0,0,0,0,0,0,0,0,0,0,0,0,59.5,24.98918,34.510820388793945
male,White,not Hispanic or Latino,176.02,71.6,0,0.0,0.0,0.0,0.0,0.0,0.0,0.0,0.0,0.0,0.0,0.0,0.0,0.0,0.0,0.0,0.0,0.0,0.0,0.0,0.0,G/G,0,0,0,*1/*1,G/G,0,0,0,0,0,0,7.0,*1/*1,0,OTHER,0,0,0,0,0,0,0,0,0,0,0,0,0,0,0,0,0,0,0,0,0,0,0,0,0,0,0,0,0,0,0,0,0,0,0,0,0,0,0,0,0,0,17.5,35.89203,18.39202880859375
female,White,not Hispanic or Latino,155.96,87.5,0,0.0,0.0,0.0,0.0,0.0,0.0,0.0,0.0,0.0,0.0,0.0,0.0,0.0,0.0,0.0,0.0,0.0,0.0,0.0,0.0,A/G,0,0,0,*1/*1,A/G,G/T,C/T,C/G,G/G,C/T,A/C,6.0,*1/*1,0,OTHER,0,0,0,0,0,0,0,0,0,0,0,0,0,0,0,0,0,0,0,0,0,0,0,0,0,0,0,0,0,0,0,0,0,0,0,0,0,0,0,0,0,0,51.1,33.899456,17.20054397583008
female,White,not Hispanic or Latino,159.0,66.2,0,0.0,0.0,0.0,0.0,0.0,0.0,0.0,0.0,0.0,0.0,0.0,0.0,0.0,0.0,0.0,0.0,0.0,0.0,0.0,0.0,A/G,0,0,0,*1/*1,A/G,0,0,0,0,0,0,6.0,*1/*1,0,OTHER,0,0,0,0,0,0,0,0,0,0,0,0,0,0,0,0,0,0,0,0,0,0,0,0,0,0,0,0,0,0,0,0,0,0,0,0,0,0,0,0,0,0,49.0,28.521645,20.478355407714844
female,White,not Hispanic or Latino,164.08,69.6,0,0.0,0.0,0.0,0.0,0.0,0.0,0.0,0.0,0.0,0.0,0.0,0.0,0.0,0.0,0.0,0.0,0.0,0.0,0.0,0.0,G/G,0,0,0,*1/*1,G/G,0,0,0,0,0,0,7.0,*1/*1,0,OTHER,0,0,0,0,0,0,0,0,0,0,0,0,0,0,0,0,0,0,0,0,0,0,0,0,0,0,0,0,0,0,0,0,0,0,0,0,0,0,0,0,0,0,14.0,33.523075,19.523075103759766
male,White,not Hispanic or Latino,175.01,98.0,0,0.0,0.0,0.0,0.0,0.0,0.0,0.0,0.0,0.0,0.0,0.0,0.0,0.0,0.0,0.0,0.0,0.0,0.0,0.0,0.0,G/G,0,0,0,*1/*1,G/G,0,0,0,0,0,0,7.0,*1/*1,0,OTHER,0,0,0,0,0,0,0,0,0,0,0,0,0,0,0,0,0,0,0,0,0,0,0,0,0,0,0,0,0,0,0,0,0,0,0,0,0,0,0,0,0,0,26.6,39.636955,13.036955261230467
male,White,not Hispanic or Latino,170.94,82.0,0,0.0,0.0,0.0,0.0,0.0,0.0,0.0,0.0,0.0,0.0,0.0,0.0,0.0,0.0,0.0,0.0,0.0,0.0,0.0,0.0,G/G,0,0,0,*1/*1,G/G,0,0,0,0,0,0,7.0,*1/*1,0,OTHER,0,0,0,0,0,0,0,0,0,0,0,0,0,0,0,0,0,0,0,0,0,0,0,0,0,0,0,0,0,0,0,0,0,0,0,0,0,0,0,0,0,0,54.25,36.491646,17.75835418701172
female,White,not Hispanic or Latino,150.88,82.0,0,0.0,0.0,0.0,0.0,0.0,0.0,0.0,0.0,0.0,0.0,0.0,0.0,0.0,0.0,0.0,0.0,0.0,0.0,0.0,0.0,A/A,0,0,0,*1/*1,A/A,0,0,0,0,0,0,3.0,*1/*1,0,OTHER,0,0,0,0,0,0,0,0,0,0,0,0,0,0,0,0,0,0,0,0,0,0,0,0,0,0,0,0,0,0,0,0,0,0,0,0,0,0,0,0,0,0,14.0,30.477953,16.47795295715332
female,White,not Hispanic or Latino,168.91,41.0,0,0.0,0.0,0.0,0.0,0.0,0.0,0.0,0.0,0.0,0.0,0.0,0.0,0.0,0.0,0.0,0.0,0.0,0.0,0.0,0.0,A/A,0,0,0,*1/*1,A/A,0,0,0,0,0,0,8.0,*1/*1,0,OTHER,0,0,0,0,0,0,0,0,0,0,0,0,0,0,0,0,0,0,0,0,0,0,0,0,0,0,0,0,0,0,0,0,0,0,0,0,0,0,0,0,0,0,7.7,20.884562,13.18456153869629
male,White,not Hispanic or Latino,154.94,76.2,0,0.0,0.0,0.0,0.0,0.0,0.0,0.0,0.0,0.0,0.0,0.0,0.0,0.0,0.0,0.0,0.0,0.0,0.0,0.0,0.0,A/G,0,0,0,*1/*1,0,G/T,T/T,C/C,G/G,T/T,C/C,5.0,*1/*1,0,OTHER,0,0,0,0,0,0,0,0,0,0,0,0,0,0,0,0,0,0,0,0,0,0,0,0,0,0,0,0,0,0,0,0,0,0,0,0,0,0,0,0,0,0,16.03,31.086939,15.056938858032225
female,White,not Hispanic or Latino,154.94,78.0,0,0.0,0.0,0.0,0.0,0.0,0.0,0.0,0.0,0.0,0.0,0.0,0.0,0.0,0.0,0.0,0.0,0.0,0.0,0.0,0.0,A/G,0,0,0,*1/*1,A/G,0,0,0,0,0,0,8.0,*1/*1,0,OTHER,0,0,0,0,0,0,0,0,0,0,0,0,0,0,0,0,0,0,0,0,0,0,0,0,0,0,0,0,0,0,0,0,0,0,0,0,0,0,0,0,0,0,14.0,26.807478,12.807477951049805
male,White,not Hispanic or Latino,175.01,79.8,0,0.0,0.0,0.0,0.0,0.0,0.0,0.0,0.0,0.0,0.0,0.0,0.0,0.0,0.0,0.0,0.0,0.0,0.0,0.0,0.0,A/G,0,0,0,*1/*1,A/G,0,0,0,0,0,0,7.0,*1/*1,0,OTHER,0,0,0,0,0,0,0,0,0,0,0,0,0,0,0,0,0,0,0,0,0,0,0,0,0,0,0,0,0,0,0,0,0,0,0,0,0,0,0,0,0,0,46.97,29.140121,17.82987854003906
female,White,not Hispanic or Latino,160.02,68.9,0,0.0,0.0,0.0,0.0,0.0,0.0,0.0,0.0,0.0,0.0,0.0,0.0,0.0,0.0,0.0,0.0,0.0,0.0,0.0,0.0,A/G,0,0,0,*1/*2,A/G,0,0,0,0,0,0,6.0,*1/*2,1,OTHER,0,0,0,0,0,0,0,0,0,0,0,0,0,0,0,0,0,0,0,0,0,0,0,0,0,0,0,0,0,0,0,0,0,0,0,0,0,0,0,0,0,0,10.5,26.673252,16.17325210571289
male,White,not Hispanic or Latino,161.04,0.0,0,0.0,0.0,0.0,0.0,0.0,0.0,0.0,0.0,0.0,0.0,0.0,0.0,0.0,0.0,0.0,0.0,0.0,0.0,0.0,0.0,A/A,0,0,0,*1/*1,A/A,0,0,0,0,0,0,5.0,*1/*1,0,OTHER,0,0,0,0,0,0,0,0,0,0,0,0,0,0,0,0,0,0,0,0,0,0,0,0,0,0,0,0,0,0,0,0,0,0,0,0,0,0,0,0,0,0,10.5,25.941275,15.441274642944336
male,White,not Hispanic or Latino,180.09,114.3,0,0.0,0.0,0.0,0.0,0.0,0.0,0.0,0.0,0.0,0.0,0.0,0.0,0.0,0.0,0.0,0.0,0.0,0.0,0.0,0.0,A/G,0,0,0,*1/*1,A/G,0,0,0,0,0,0,5.0,*1/*1,0,OTHER,0,0,0,0,0,0,0,0,0,0,0,0,0,0,0,0,0,0,0,0,0,0,0,0,0,0,0,0,0,0,0,0,0,0,0,0,0,0,0,0,0,0,29.75,42.8987,13.148700714111328
male,White,not Hispanic or Latino,161.04,54.0,0,0.0,0.0,0.0,0.0,0.0,0.0,0.0,0.0,0.0,0.0,0.0,0.0,0.0,0.0,0.0,0.0,0.0,0.0,0.0,0.0,A/G,0,0,0,*1/*1,A/G,G/T,C/T,C/G,A/G,C/T,C/C,6.0,*1/*1,0,OTHER,0,0,0,0,0,0,0,0,0,0,0,0,0,0,0,0,0,0,0,0,0,0,0,0,0,0,0,0,0,0,0,0,0,0,0,0,0,0,0,0,0,0,14.0,28.81502,14.815019607543945
male,White,not Hispanic or Latino,165.1,55.0,0,0.0,0.0,0.0,0.0,0.0,0.0,0.0,0.0,0.0,0.0,0.0,0.0,0.0,0.0,0.0,0.0,0.0,0.0,0.0,0.0,A/A,0,0,0,*1/*2,A/A,0,0,0,0,0,0,6.0,*1/*2,1,OTHER,0,0,0,0,0,0,0,0,0,0,0,0,0,0,0,0,0,0,0,0,0,0,0,0,0,0,0,0,0,0,0,0,0,0,0,0,0,0,0,0,0,0,7.0,21.767696,14.767696380615234
male,White,not Hispanic or Latino,177.8,84.4,4,0.0,0.0,1.0,0.0,0.0,0.0,0.0,0.0,0.0,0.0,0.0,0.0,0.0,0.0,0.0,0.0,0.0,0.0,0.0,0.0,0,0,G/G,0,*1/*1,0,0,0,G/G,0,0,0,6.0,*1/*1,0,GG,0,0,0,0,0,0,0,0,0,0,0,0,0,0,0,0,0,0,0,0,0,0,1,0,0,0,0,0,0,0,0,0,0,0,0,0,0,0,0,0,0,0,32.5,57.395443,24.895442962646484
female,White,Unknown,158.75,87.5,2,1.0,0.0,0.0,0.0,0.0,0.0,0.0,0.0,0.0,0.0,0.0,0.0,0.0,0.0,0.0,0.0,0.0,0.0,0.0,0.0,0,0,C/G,0,*1/*2,0,0,0,C/G,0,0,0,6.0,*1/*2,1,GG,0,0,0,0,0,0,0,0,0,0,0,0,0,0,0,0,0,0,0,0,0,0,0,0,0,0,0,0,0,0,0,0,0,0,0,0,0,0,0,0,0,0,45.0,28.819489,16.180511474609375
male,White,Unknown,167.64,70.3,8,0.0,0.0,0.0,0.0,0.0,0.0,0.0,0.0,0.0,0.0,0.0,0.0,0.0,0.0,0.0,0.0,0.0,0.0,0.0,0.0,0,0,C/G,0,*1/*1,0,0,0,C/G,0,0,0,4.0,*1/*1,0,GG,0,0,0,0,0,0,0,0,0,0,0,0,0,0,0,0,0,0,0,0,0,0,0,1,0,0,0,0,0,0,0,0,0,0,0,0,0,0,0,0,0,0,20.0,38.99317,18.99317169189453
male,White,Unknown,171.45,85.0,4,0.0,0.0,1.0,0.0,0.0,0.0,0.0,0.0,0.0,0.0,0.0,0.0,0.0,0.0,0.0,0.0,0.0,0.0,0.0,0.0,0,0,G/G,0,*1/*1,G/G,T/T,C/C,G/G,A/A,C/C,C/C,6.0,*1/*1,0,GG,0,0,1,0,0,0,0,0,0,0,0,0,0,0,0,0,0,0,0,0,0,0,0,0,0,0,0,0,0,0,0,0,0,0,0,0,0,0,0,0,0,0,65.0,45.66467,19.335330963134766
male,White,not Hispanic or Latino,170.18,77.1,2,0.0,0.0,0.0,0.0,0.0,0.0,0.0,0.0,0.0,0.0,0.0,0.0,0.0,0.0,0.0,0.0,0.0,0.0,0.0,0.0,0,0,G/G,0,*1/*1,G/G,T/T,C/C,G/G,A/G,C/C,A/C,7.0,*1/*1,0,GG,0,0,0,0,0,0,0,0,0,0,0,0,0,0,0,0,0,0,0,0,0,0,0,0,0,0,0,0,0,0,0,0,0,0,0,0,0,0,0,0,0,0,55.0,39.578537,15.421463012695312
male,White,Unknown,177.8,135.2,3,0.0,0.0,0.0,0.0,0.0,0.0,0.0,0.0,0.0,0.0,0.0,0.0,0.0,0.0,0.0,0.0,0.0,0.0,0.0,0.0,0,0,C/G,0,*1/*1,0,0,0,C/G,0,0,0,7.0,*1/*1,0,GG,0,0,0,0,0,0,0,0,0,0,0,0,0,0,0,0,0,0,0,0,0,0,0,0,0,0,0,0,0,0,0,0,0,0,0,0,0,0,0,0,0,0,22.5,45.115032,22.615032196044922
male,White,Unknown,175.26,101.2,3,0.0,0.0,0.0,0.0,0.0,0.0,0.0,0.0,0.0,0.0,0.0,0.0,0.0,0.0,0.0,0.0,0.0,0.0,0.0,0.0,0,0,G/G,0,*1/*1,0,0,0,G/G,0,0,0,6.0,*1/*1,0,GG,0,0,0,0,0,0,0,0,0,0,0,0,0,0,0,0,0,0,0,0,0,0,0,0,0,0,0,0,0,0,0,0,0,0,0,0,0,0,0,0,0,0,27.5,44.7842,17.284198760986328
male,White,Unknown,179.83,92.5,3,0.0,0.0,0.0,0.0,0.0,0.0,0.0,0.0,0.0,0.0,0.0,0.0,0.0,0.0,0.0,0.0,0.0,0.0,0.0,0.0,0,0,C/G,0,*1/*1,0,0,0,C/G,0,0,0,5.0,*1/*1,0,GG,0,0,0,0,0,0,0,0,0,0,0,0,0,0,0,0,0,0,0,0,0,0,0,0,0,0,0,0,0,0,0,0,0,0,0,0,0,0,0,0,0,0,65.0,39.659847,25.340152740478516
female,Unknown,Unknown,157.48,62.1,3,0.0,0.0,0.0,1.0,0.0,0.0,0.0,0.0,0.0,0.0,0.0,0.0,0.0,0.0,0.0,0.0,0.0,0.0,0.0,0.0,0,0,G/G,0,*1/*2,0,0,0,G/G,0,0,0,7.0,*1/*2,1,GG,0,0,0,0,0,0,0,0,0,0,0,0,0,0,0,0,0,0,0,0,0,0,0,0,0,0,0,0,0,0,0,0,0,0,0,0,0,0,0,0,0,0,43.0,23.765781,19.23421859741211
female,Asian,not Hispanic or Latino,158.0,48.0,4,0.0,0.0,1.0,0.0,0.0,0.0,0.0,0.0,0.0,0.0,0.0,0.0,0.0,0.0,0.0,0.0,0.0,0.0,0.0,0.0,A/A,T/T,0,G/G,*1/*1,A/A,0,T/T,0,G/G,0,0,5.0,*1/*1,0,OTHER,0,0,0,0,0,0,0,0,0,0,0,0,0,0,0,0,0,0,0,0,0,0,0,0,0,0,0,0,0,0,0,0,0,0,0,0,0,0,0,0,0,0,38.5,24.199041,14.300958633422852
female,Asian,not Hispanic or Latino,159.0,49.0,4,0.0,0.0,1.0,0.0,0.0,0.0,0.0,0.0,0.0,0.0,0.0,0.0,0.0,0.0,0.0,1.0,0.0,0.0,0.0,0.0,A/A,T/T,0,G/G,*1/*1,A/A,0,T/T,0,G/G,0,0,6.0,*1/*1,0,OTHER,0,0,0,0,0,0,0,0,0,0,0,0,0,0,0,0,0,0,1,0,0,0,0,0,0,0,0,0,0,0,0,0,0,0,0,0,0,0,0,0,0,0,24.5,70.963326,46.46332550048828
female,Asian,not Hispanic or Latino,164.0,62.0,4,0.0,0.0,1.0,0.0,0.0,0.0,0.0,0.0,0.0,0.0,0.0,0.0,0.0,0.0,0.0,0.0,0.0,0.0,0.0,0.0,A/G,C/T,0,A/G,*1/*1,A/G,0,C/T,0,A/G,0,0,4.0,*1/*1,0,OTHER,0,0,0,0,0,0,0,0,0,0,0,0,0,0,0,0,0,0,0,0,0,0,0,0,0,0,0,0,0,0,0,0,0,0,0,0,0,0,0,0,0,0,56.0,36.161846,19.838153839111328
female,Asian,not Hispanic or Latino,156.0,47.0,4,0.0,0.0,1.0,0.0,0.0,0.0,0.0,0.0,0.0,0.0,0.0,0.0,0.0,0.0,0.0,0.0,0.0,0.0,0.0,0.0,A/G,C/T,0,A/G,*1/*1,A/G,0,C/T,0,A/G,0,0,4.0,*1/*1,0,OTHER,0,0,0,0,0,0,0,0,0,0,0,0,0,0,0,0,0,0,0,0,0,0,0,0,0,0,0,0,0,0,0,0,0,0,0,0,0,0,0,0,0,0,49.0,35.119045,13.88095474243164
female,Asian,not Hispanic or Latino,160.0,70.0,4,0.0,0.0,1.0,0.0,0.0,0.0,0.0,0.0,0.0,0.0,0.0,0.0,0.0,0.0,0.0,0.0,0.0,0.0,0.0,0.0,0,T/T,0,G/G,*1/*1,0,0,T/T,0,G/G,0,0,6.0,*1/*1,0,GG,0,0,0,0,0,0,0,0,0,0,0,0,0,0,0,0,0,0,0,0,0,0,0,0,0,0,0,0,0,0,0,0,0,0,0,0,0,0,0,0,0,0,15.75,28.573933,12.823932647705078
female,Asian,not Hispanic or Latino,164.0,74.0,4,0.0,1.0,1.0,0.0,0.0,0.0,0.0,0.0,0.0,0.0,0.0,0.0,0.0,0.0,0.0,0.0,0.0,0.0,0.0,0.0,A/A,T/T,0,G/G,*1/*1,A/A,0,T/T,0,G/G,0,0,5.0,*1/*1,0,OTHER,0,0,0,0,0,0,0,0,0,0,0,0,0,0,0,0,0,0,0,0,0,0,0,0,0,0,0,0,0,0,0,0,0,0,0,0,0,0,0,0,0,0,45.5,25.027266,20.472734451293945
male,Unknown,Unknown,0.0,65.0,0,0.0,0.0,0.0,0.0,0.0,0.0,0.0,0.0,0.0,0.0,0.0,0.0,0.0,0.0,0.0,0.0,0.0,0.0,0.0,0.0,0,C/C,0,0,*1/*1,0,0,C/C,0,0,0,0,6.0,*1/*1,0,GG,0,0,0,0,0,0,0,0,0,0,0,0,0,0,0,0,0,0,0,0,0,0,0,0,0,0,0,0,0,0,0,0,0,0,0,0,0,0,0,0,0,0,52.5,35.278316,17.221683502197266
female,Unknown,Unknown,0.0,118.0,0,0.0,0.0,0.0,0.0,0.0,0.0,0.0,0.0,0.0,0.0,0.0,0.0,0.0,0.0,0.0,0.0,0.0,0.0,0.0,0.0,0,C/T,0,0,*1/*1,0,0,C/T,0,0,0,0,6.0,*1/*1,0,GG,0,0,0,0,0,0,0,0,0,0,0,0,0,0,0,0,0,0,0,0,0,0,0,0,0,0,0,0,0,0,0,0,0,0,0,0,0,0,0,0,0,0,55.0,37.416,17.583999633789062
male,Unknown,Unknown,0.0,120.5,0,0.0,0.0,0.0,0.0,0.0,0.0,0.0,0.0,0.0,0.0,0.0,0.0,0.0,0.0,0.0,0.0,0.0,0.0,0.0,0.0,0,C/T,0,0,*1/*1,0,0,C/T,0,0,0,0,5.0,*1/*1,0,GG,0,0,0,0,0,0,0,0,0,0,0,0,0,0,0,0,0,0,0,0,0,0,0,0,0,0,0,0,0,0,0,0,0,0,0,0,0,0,0,0,0,0,70.0,39.306942,30.693058013916016
male,Unknown,Unknown,0.0,107.0,0,0.0,0.0,0.0,0.0,0.0,0.0,0.0,0.0,0.0,0.0,0.0,0.0,0.0,0.0,0.0,0.0,0.0,0.0,0.0,0.0,0,C/C,0,0,*1/*1,0,0,C/C,0,0,0,0,7.0,*1/*1,0,GG,0,0,0,0,0,0,0,0,0,0,0,0,0,0,0,0,0,0,0,0,0,0,0,0,0,0,0,0,0,0,0,0,0,0,0,0,0,0,0,0,0,0,70.0,38.445087,31.554912567138672
female,Unknown,Unknown,0.0,66.4,0,0.0,0.0,0.0,0.0,0.0,0.0,0.0,0.0,0.0,0.0,0.0,0.0,0.0,0.0,0.0,0.0,0.0,0.0,0.0,0.0,0,C/C,0,0,*1/*1,0,0,C/C,0,0,0,0,6.0,*1/*1,0,GG,0,0,0,0,0,0,0,0,0,0,0,0,0,0,0,0,0,0,0,0,0,0,0,0,0,0,0,0,0,0,0,0,0,0,0,0,0,0,0,0,0,0,17.5,35.278316,17.778316497802734
female,Unknown,Unknown,0.0,150.9,0,0.0,0.0,0.0,0.0,0.0,0.0,0.0,0.0,0.0,0.0,0.0,0.0,0.0,0.0,0.0,0.0,0.0,0.0,0.0,0.0,0,C/T,0,0,*1/*2,0,0,C/T,0,0,0,0,5.0,*1/*2,1,GG,0,0,0,0,0,0,0,0,0,0,0,0,0,0,0,0,0,0,0,0,0,0,0,0,0,0,0,0,0,0,0,0,0,0,0,0,0,0,0,0,0,0,22.5,38.23725,15.737251281738281
male,Unknown,Unknown,0.0,85.0,0,0.0,0.0,0.0,0.0,0.0,0.0,0.0,0.0,0.0,0.0,0.0,0.0,0.0,0.0,0.0,0.0,0.0,0.0,0.0,0.0,0,T/T,0,0,*1/*1,0,0,T/T,0,0,0,0,5.0,*1/*1,0,GG,0,0,0,0,0,0,0,0,0,0,0,0,0,0,0,0,0,0,0,0,0,0,0,0,0,0,0,0,0,0,0,0,0,0,0,0,0,0,0,0,0,0,17.5,31.643578,14.143577575683594
male,Unknown,Unknown,0.0,97.3,0,0.0,0.0,0.0,0.0,0.0,0.0,0.0,0.0,0.0,0.0,0.0,0.0,0.0,0.0,0.0,0.0,0.0,0.0,0.0,0.0,0,C/C,0,0,*1/*1,0,0,C/C,0,0,0,0,7.0,*1/*1,0,GG,0,0,0,0,0,0,0,0,0,0,0,0,0,0,0,0,0,0,0,0,0,0,0,0,0,0,0,0,0,0,0,0,0,0,0,0,0,0,0,0,0,0,70.0,37.701015,32.29898452758789
female,Unknown,Unknown,0.0,71.0,0,0.0,0.0,0.0,0.0,0.0,0.0,0.0,0.0,0.0,0.0,0.0,0.0,0.0,0.0,0.0,0.0,0.0,0.0,0.0,0.0,0,C/C,0,0,*1/*1,0,0,C/C,0,0,0,0,6.0,*1/*1,0,GG,0,0,0,0,0,0,0,0,0,0,0,0,0,0,0,0,0,0,0,0,0,0,0,0,0,0,0,0,0,0,0,0,0,0,0,0,0,0,0,0,0,0,15.0,36.951588,21.951587677001953
female,Unknown,Unknown,0.0,73.6,0,0.0,0.0,0.0,0.0,0.0,0.0,0.0,0.0,0.0,0.0,0.0,0.0,0.0,0.0,0.0,0.0,0.0,0.0,0.0,0.0,0,C/T,0,0,*1/*1,0,0,C/T,0,0,0,0,8.0,*1/*1,0,GG,0,0,0,0,0,0,0,0,0,0,0,0,0,0,0,0,0,0,0,0,0,0,0,0,0,0,0,0,0,0,0,0,0,0,0,0,0,0,0,0,0,0,40.0,27.005072,12.994928359985352
male,White,not Hispanic or Latino,0.0,88.0,3,1.0,1.0,0.0,0.0,0.0,0.0,0.0,0.0,0.0,0.0,0.0,0.0,0.0,0.0,0.0,0.0,0.0,0.0,0.0,0.0,A/G,C/T,0,0,*1/*1,A/G,0,C/T,0,0,0,0,5.0,*1/*1,0,OTHER,0,0,0,0,0,0,0,0,0,0,0,0,0,0,0,0,0,0,0,0,0,0,0,0,0,0,0,1,0,0,0,0,0,0,0,0,0,0,0,0,0,1,65.03,37.679893,27.350106506347657
male,White,not Hispanic or Latino,0.0,93.0,5,0.0,1.0,0.0,0.0,0.0,0.0,0.0,0.0,0.0,0.0,0.0,0.0,0.0,0.0,0.0,0.0,0.0,0.0,0.0,0.0,A/G,C/T,C/G,0,*1/*1,A/G,0,C/T,C/G,0,C/T,0,5.0,*1/*1,0,OTHER,0,0,0,0,0,0,0,0,0,0,0,0,0,0,0,0,0,0,0,0,0,0,0,0,0,0,0,0,0,0,0,0,0,0,0,0,0,0,0,0,0,0,57.47,38.615032,18.854967803955077
female,White,not Hispanic or Latino,0.0,128.0,3,0.0,0.0,0.0,0.0,0.0,0.0,0.0,0.0,0.0,0.0,0.0,0.0,0.0,0.0,0.0,0.0,0.0,0.0,0.0,0.0,G/G,C/C,G/G,0,*1/*1,G/G,0,C/C,G/G,0,C/C,0,6.0,*1/*1,0,OTHER,0,0,0,0,0,0,0,0,0,0,0,0,0,0,0,0,0,0,0,0,0,0,0,0,0,0,0,1,0,0,0,0,0,0,0,0,0,0,0,0,0,0,35.0,60.388157,25.38815689086914
female,White,not Hispanic or Latino,0.0,73.0,1 or 2,0.0,0.0,0.0,0.0,0.0,0.0,0.0,0.0,0.0,0.0,0.0,0.0,0.0,0.0,0.0,0.0,0.0,0.0,0.0,0.0,0,0,C/C,0,*2/*3,0,0,0,C/C,0,T/T,0,1.0,*2/*3,3,GG,0,0,0,0,0,0,0,0,0,0,0,0,0,0,0,0,0,0,0,0,0,0,0,0,0,0,0,0,0,0,0,0,0,0,0,0,0,0,0,0,0,0,14.0,37.831787,23.831787109375
female,Black or African American,not Hispanic or Latino,170.18,128.6,6,1.0,0.0,0.0,1.0,1.0,1.0,0.0,0.0,0.0,0.0,0.0,0.0,0.0,0.0,0.0,0.0,0.0,0.0,0.0,0.0,G/G,C/C,C/G,A/G,*1/*1,G/G,T/T,C/C,C/G,A/G,C/C,C/C,6.0,*1/*1,0,OTHER,0,1,0,0,0,0,0,0,0,0,0,0,0,0,0,0,0,0,0,0,0,0,0,0,0,0,0,1,0,1,0,0,0,0,0,0,0,0,0,0,0,0,70.0,48.47986,21.5201416015625
male,Black or African American,not Hispanic or Latino,185.42,134.1,1,0.0,0.0,0.0,0.0,0.0,0.0,0.0,0.0,0.0,0.0,0.0,0.0,0.0,0.0,0.0,0.0,0.0,0.0,0.0,0.0,G/G,C/C,G/G,A/A,*1/*1,G/G,T/T,C/C,G/G,A/A,C/C,C/C,7.0,*1/*1,0,OTHER,0,0,0,0,0,0,0,0,0,0,0,0,0,0,0,0,0,0,0,0,0,0,0,0,0,0,0,1,0,0,0,0,0,0,0,0,0,0,0,0,0,0,55.0,71.3524,16.352401733398438
female,Black or African American,not Hispanic or Latino,160.02,79.1,1,0.0,0.0,0.0,0.0,1.0,0.0,0.0,0.0,1.0,0.0,0.0,0.0,0.0,0.0,0.0,0.0,0.0,0.0,0.0,0.0,G/G,C/C,G/G,G/G,*1/*5,G/G,T/T,C/C,G/G,G/G,0,C/C,4.0,*1/*5,0,OTHER,0,0,0,0,0,0,0,0,0,0,0,0,0,0,0,0,0,0,0,0,0,0,0,0,1,0,0,1,0,0,0,0,0,0,0,0,0,0,0,0,0,0,25.0,42.47562,17.47562026977539
female,Black or African American,not Hispanic or Latino,162.56,175.0,2,0.0,0.0,0.0,0.0,0.0,0.0,0.0,0.0,0.0,0.0,0.0,0.0,0.0,0.0,0.0,0.0,0.0,0.0,0.0,1.0,0,0,C/G,G/G,*1/*1,0,T/T,0,C/G,G/G,0,C/C,6.0,*1/*1,0,GG,0,0,0,0,0,0,0,0,0,0,0,0,0,0,0,0,0,0,0,0,0,0,0,0,0,0,0,1,0,0,0,0,0,0,0,0,0,0,0,0,0,0,30.0,56.308083,26.308082580566406
female,Black or African American,not Hispanic or Latino,160.02,80.0,1; 2,0.0,0.0,0.0,1.0,1.0,0.0,0.0,0.0,0.0,0.0,0.0,0.0,0.0,0.0,0.0,0.0,0.0,0.0,0.0,0.0,G/G,C/C,G/G,A/G,*1/*1,G/G,T/T,C/C,G/G,A/G,0,C/C,6.0,*1/*1,0,OTHER,0,0,0,0,0,0,0,0,0,0,0,0,0,0,0,0,0,0,0,0,0,0,0,0,0,0,1,1,0,1,0,0,0,0,0,0,0,0,0,0,0,0,25.0,39.299595,14.29959487915039
male,Black or African American,not Hispanic or Latino,182.88,100.0,1,0.0,0.0,0.0,1.0,0.0,0.0,1.0,0.0,0.0,0.0,0.0,0.0,0.0,0.0,0.0,0.0,0.0,0.0,0.0,0.0,G/G,C/C,G/G,A/A,*1/*1,G/G,T/T,C/C,G/G,0,C/C,C/C,6.0,*1/*1,0,OTHER,0,0,0,0,0,0,0,0,0,0,0,0,0,0,0,0,0,0,0,0,0,0,0,1,0,0,0,1,0,1,0,0,0,0,0,0,0,0,0,0,0,0,32.5,50.024055,17.52405548095703
male,White,not Hispanic or Latino,183.0,91.0,3,0.0,0.0,0.0,0.0,0.0,0.0,0.0,0.0,0.0,0.0,0.0,0.0,0.0,1.0,0.0,0.0,0.0,0.0,0.0,0.0,A/G,0,C/G,A/G,*1/*1,A/G,G/T,0,C/G,A/G,C/T,0,7.0,*1/*1,0,OTHER,0,0,0,0,0,0,0,0,0,0,0,0,0,0,0,0,0,0,0,1,0,0,0,0,0,0,0,1,0,0,0,0,0,0,0,0,0,0,0,0,0,0,62.5,48.486633,14.01336669921875
male,White,not Hispanic or Latino,181.0,88.0,8,0.0,0.0,0.0,0.0,0.0,1.0,0.0,0.0,0.0,0.0,0.0,0.0,0.0,0.0,0.0,0.0,0.0,0.0,0.0,0.0,G/G,C/C,G/G,0,*1/*2,G/G,T/T,C/C,G/G,0,C/C,0,6.0,*1/*2,1,OTHER,0,1,0,0,0,0,0,0,0,0,0,0,0,0,0,0,0,0,0,0,0,0,0,0,0,0,0,1,0,0,0,0,0,0,0,0,0,0,0,0,0,0,25.0,44.102776,19.10277557373047
male,White,not Hispanic or Latino,178.0,60.0,4,0.0,0.0,1.0,0.0,0.0,0.0,0.0,0.0,0.0,0.0,0.0,0.0,0.0,0.0,0.0,0.0,0.0,0.0,0.0,0.0,G/G,C/C,G/G,A/G,*1/*1,G/G,T/T,C/C,G/G,A/G,C/C,0,2.0,*1/*1,0,OTHER,0,0,0,0,0,0,0,0,0,0,0,0,0,0,0,0,0,0,0,0,0,0,0,0,0,0,0,0,0,0,0,0,0,0,0,0,0,0,0,0,0,0,73.5,56.194084,17.30591583251953
male,White,not Hispanic or Latino,177.0,93.0,3; 5,0.0,1.0,0.0,0.0,0.0,0.0,0.0,0.0,0.0,0.0,0.0,0.0,1.0,0.0,0.0,0.0,0.0,0.0,0.0,0.0,G/G,C/C,G/G,A/G,*1/*2,G/G,T/T,C/C,G/G,A/G,C/C,0,5.0,*1/*2,1,OTHER,1,0,0,0,0,0,0,0,0,0,0,0,0,0,0,0,0,0,0,0,0,0,0,0,0,0,0,1,0,0,0,0,0,0,0,0,0,0,0,0,0,0,76.5,41.505302,34.99469757080078
male,White,not Hispanic or Latino,190.0,85.0,3,0.0,0.0,0.0,0.0,0.0,0.0,0.0,0.0,0.0,0.0,0.0,0.0,0.0,0.0,0.0,0.0,0.0,0.0,0.0,0.0,G/G,C/C,G/G,A/G,*1/*2,G/G,T/T,C/C,G/G,A/G,C/C,0,6.0,*1/*2,1,OTHER,0,0,0,0,0,0,0,0,0,0,0,0,0,0,0,0,0,0,0,0,0,0,0,0,0,0,0,1,0,0,0,0,0,0,0,0,0,0,0,0,0,0,26.75,45.456577,18.70657730102539
male,White,not Hispanic or Latino,178.0,71.0,3,0.0,0.0,0.0,0.0,0.0,0.0,0.0,0.0,0.0,0.0,0.0,0.0,0.0,0.0,0.0,0.0,0.0,0.0,0.0,0.0,0,0,G/G,A/G,*1/*1,0,T/T,0,G/G,A/G,C/C,0,6.0,*1/*1,0,GG,0,0,0,0,0,0,0,0,0,0,0,0,0,0,0,0,0,0,0,0,0,0,0,0,0,0,0,0,0,0,0,0,0,0,0,0,0,0,0,0,0,0,57.5,39.77108,17.728919982910156
female,White,not Hispanic or Latino,0.0,0.0,0,0.0,0.0,0.0,0.0,0.0,0.0,0.0,0.0,0.0,0.0,0.0,0.0,0.0,0.0,0.0,0.0,0.0,0.0,0.0,0.0,G/G,C/C,0,0,*1/*1,G/G,0,C/C,0,0,0,0,7.0,*1/*1,0,OTHER,0,0,0,0,0,0,0,0,0,0,0,0,0,0,0,0,0,0,0,0,0,0,0,0,0,0,0,0,0,0,0,0,0,0,0,0,0,0,0,0,0,0,49.0,35.204933,13.795066833496094
female,White,not Hispanic or Latino,0.0,0.0,0,0.0,0.0,0.0,0.0,0.0,0.0,0.0,0.0,0.0,0.0,0.0,0.0,0.0,0.0,0.0,0.0,0.0,0.0,0.0,0.0,A/G,C/T,0,0,*1/*1,A/G,0,C/T,0,0,0,0,7.0,*1/*1,0,OTHER,0,0,0,0,0,0,0,0,0,0,0,0,0,0,0,0,0,0,0,0,0,0,0,0,0,0,0,0,0,0,0,0,0,0,0,0,0,0,0,0,0,0,38.5,25.685535,12.814464569091797
male,White,not Hispanic or Latino,0.0,0.0,0,0.0,0.0,0.0,0.0,0.0,0.0,0.0,0.0,0.0,0.0,0.0,0.0,0.0,0.0,0.0,0.0,0.0,0.0,0.0,0.0,G/G,C/C,0,0,*1/*1,G/G,T/T,C/C,G/G,G/G,C/C,A/A,7.0,*1/*1,0,OTHER,0,0,0,0,0,0,0,0,0,0,0,0,0,0,0,0,0,0,0,0,0,0,0,0,0,0,0,0,0,0,0,0,0,0,0,0,0,0,0,0,0,0,56.0,36.400074,19.599925994873047
female,White,not Hispanic or Latino,0.0,0.0,0,0.0,0.0,0.0,0.0,0.0,0.0,0.0,0.0,0.0,0.0,0.0,0.0,0.0,0.0,0.0,0.0,0.0,0.0,0.0,0.0,A/G,C/T,0,0,*1/*1,A/G,0,C/T,0,0,0,0,5.0,*1/*1,0,OTHER,0,0,0,0,0,0,0,0,0,0,0,0,0,0,0,0,0,0,0,0,0,0,0,0,0,0,0,0,0,0,0,0,0,0,0,0,0,0,0,0,0,0,59.5,33.15067,26.34933090209961
female,White,not Hispanic or Latino,0.0,0.0,0,0.0,0.0,0.0,0.0,0.0,0.0,0.0,0.0,0.0,0.0,0.0,0.0,0.0,0.0,0.0,0.0,0.0,0.0,0.0,0.0,A/A,T/T,0,0,*1/*1,A/A,0,T/T,0,0,0,0,7.0,*1/*1,0,OTHER,0,0,0,0,0,0,0,0,0,0,0,0,0,0,0,0,0,0,0,0,0,0,0,0,0,0,0,0,0,0,0,0,0,0,0,0,0,0,0,0,0,0,5.25,19.890348,14.640348434448242
male,White,not Hispanic or Latino,0.0,0.0,0,0.0,0.0,0.0,0.0,0.0,0.0,0.0,0.0,0.0,0.0,0.0,0.0,0.0,0.0,0.0,0.0,0.0,0.0,0.0,0.0,A/G,C/T,0,0,*1/*2,A/G,0,C/T,0,0,0,0,7.0,*1/*2,1,OTHER,0,0,0,0,0,0,0,0,0,0,0,0,0,0,0,0,0,0,0,0,0,0,0,0,0,0,0,0,0,0,0,0,0,0,0,0,0,0,0,0,0,0,7.0,21.956177,14.9561767578125
male,Black or African American,not Hispanic or Latino,172.72,75.0,1,0.0,0.0,0.0,0.0,1.0,0.0,1.0,0.0,0.0,0.0,0.0,0.0,0.0,0.0,0.0,0.0,0.0,0.0,0.0,0.0,G/G,C/C,0,0,*1/*1,G/G,0,C/C,0,0,0,0,5.0,*1/*1,0,OTHER,0,0,0,0,0,0,0,0,0,0,0,0,0,0,0,0,0,0,0,0,0,0,0,0,0,0,0,0,0,0,0,0,0,0,0,0,0,0,0,0,0,0,17.5,46.804947,29.304946899414062
female,Black or African American,not Hispanic or Latino,182.88,152.3,1,0.0,0.0,0.0,0.0,1.0,0.0,0.0,0.0,0.0,0.0,0.0,0.0,0.0,0.0,0.0,0.0,0.0,0.0,0.0,0.0,G/G,C/C,0,0,*1/*1,G/G,0,C/C,0,0,0,0,4.0,*1/*1,0,OTHER,0,0,0,0,0,0,0,0,0,0,0,0,0,0,0,0,0,0,0,0,0,0,0,0,0,0,0,1,0,0,0,0,0,0,0,0,0,0,0,0,0,0,52.5,71.560715,19.060714721679688
female,Black or African American,Unknown,175.26,207.7,2,1.0,1.0,0.0,0.0,1.0,0.0,0.0,0.0,0.0,0.0,0.0,0.0,0.0,0.0,0.0,0.0,0.0,0.0,0.0,0.0,G/G,C/C,0,0,*1/*1,G/G,0,C/C,0,0,0,0,3.0,*1/*1,0,OTHER,0,0,0,0,0,0,0,0,0,0,0,0,0,0,0,0,0,0,0,0,0,0,0,0,0,0,0,1,0,0,0,0,0,0,0,0,0,0,0,0,0,0,115.0,68.47633,46.52366638183594
male,Black or African American,not Hispanic or Latino,170.18,132.7,2,1.0,0.0,0.0,1.0,0.0,1.0,0.0,0.0,0.0,0.0,0.0,0.0,0.0,0.0,0.0,0.0,0.0,0.0,0.0,0.0,G/G,C/C,0,0,*1/*1,G/G,0,C/C,0,0,0,0,5.0,*1/*1,0,OTHER,0,1,1,0,0,0,0,0,0,0,0,0,0,0,0,0,0,0,0,0,0,0,0,0,0,0,0,0,0,0,0,0,0,0,0,0,0,0,0,0,1,0,78.0,59.893654,18.106346130371094
male,White,not Hispanic or Latino,180.34,86.4,5,1.0,1.0,0.0,1.0,0.0,0.0,0.0,0.0,0.0,1.0,0.0,0.0,0.0,0.0,0.0,0.0,0.0,0.0,0.0,0.0,G/G,C/C,0,0,*1/*1,G/G,0,C/C,0,0,0,0,5.0,*1/*1,0,OTHER,0,0,0,0,0,0,0,0,0,0,0,0,0,0,0,0,0,0,0,0,0,0,0,0,0,0,0,1,0,1,0,0,0,0,0,0,0,0,0,0,0,0,82.5,47.615246,34.8847541809082
female,Black or African American,not Hispanic or Latino,167.64,55.5,1,0.0,0.0,0.0,0.0,1.0,0.0,0.0,0.0,0.0,0.0,0.0,0.0,0.0,0.0,0.0,0.0,1.0,0.0,0.0,0.0,G/G,C/C,0,0,*1/*1,G/G,0,C/C,0,0,0,0,3.0,*1/*1,0,OTHER,0,0,1,0,0,0,0,0,0,0,0,0,0,0,0,0,0,0,0,0,0,0,0,0,0,0,0,0,0,0,0,0,0,0,0,0,0,0,0,0,0,0,67.5,47.71594,19.784061431884766
female,White,not Hispanic or Latino,162.56,119.5,3,0.0,0.0,0.0,0.0,0.0,0.0,1.0,0.0,0.0,0.0,0.0,0.0,0.0,0.0,0.0,0.0,0.0,0.0,0.0,0.0,G/G,C/C,0,0,*1/*2,G/G,0,C/C,0,0,0,0,5.0,*1/*2,1,OTHER,0,0,0,0,0,0,0,0,0,0,0,0,0,0,0,0,0,0,0,0,0,0,0,0,0,0,0,1,0,0,0,0,0,0,0,0,0,0,0,0,0,0,30.0,46.641132,16.641132354736328
female,Black or African American,not Hispanic or Latino,162.56,68.2,2,0.0,0.0,0.0,0.0,1.0,0.0,0.0,0.0,0.0,0.0,0.0,0.0,0.0,0.0,0.0,0.0,0.0,0.0,0.0,0.0,G/G,C/C,0,0,*1/*1,G/G,0,C/C,0,0,0,0,3.0,*1/*1,0,OTHER,0,0,0,0,0,0,0,0,0,0,0,0,0,0,0,0,0,0,0,0,0,0,0,0,0,0,0,0,0,0,0,0,0,0,0,0,0,0,0,0,0,0,17.5,50.89151,33.391510009765625
male,White,not Hispanic or Latino,170.18,65.9,3,0.0,1.0,0.0,0.0,1.0,0.0,0.0,0.0,0.0,0.0,0.0,0.0,0.0,0.0,0.0,0.0,0.0,0.0,0.0,0.0,A/G,0,0,0,0,A/G,0,0,0,0,0,0,9.0,unknown,0,OTHER,0,0,0,0,0,0,0,0,0,0,0,0,0,0,0,0,0,0,0,0,0,0,0,0,0,0,0,0,0,0,0,0,0,0,0,0,0,0,0,0,1,0,8.0,21.730515,13.730514526367188
male,White,not Hispanic or Latino,180.34,104.5,3,0.0,1.0,0.0,1.0,0.0,0.0,0.0,0.0,0.0,0.0,0.0,0.0,0.0,0.0,0.0,0.0,0.0,0.0,0.0,1.0,G/G,C/C,0,0,*1/*1,G/G,0,C/C,0,0,0,0,6.0,*1/*1,0,OTHER,0,0,1,0,0,0,0,0,0,0,0,0,0,0,0,0,0,0,0,0,0,0,0,0,0,0,0,0,0,0,0,0,0,0,0,0,0,0,0,0,0,0,90.0,44.00057,45.99943161010742
male,White,not Hispanic or Latino,175.26,82.3,1,0.0,0.0,0.0,0.0,1.0,1.0,0.0,0.0,0.0,0.0,0.0,0.0,0.0,0.0,0.0,0.0,0.0,0.0,0.0,0.0,A/G,C/T,0,0,*1/*1,A/G,0,C/T,0,0,0,0,4.0,*1/*1,0,OTHER,0,0,0,0,0,0,0,0,0,0,0,0,0,0,0,0,0,0,0,0,0,0,0,0,0,0,0,1,0,0,0,0,0,0,0,0,0,0,0,0,0,0,25.0,44.004963,19.004962921142578
male,White,not Hispanic or Latino,182.88,78.6,8,0.0,0.0,1.0,1.0,0.0,0.0,1.0,0.0,0.0,0.0,0.0,0.0,0.0,0.0,0.0,0.0,0.0,0.0,0.0,0.0,G/G,C/C,0,0,*1/*1,G/G,0,C/C,0,0,0,0,5.0,*1/*1,0,OTHER,0,0,0,0,0,0,0,0,0,0,0,0,0,0,0,0,0,0,0,0,0,0,0,0,0,0,0,0,0,0,0,0,0,0,0,0,0,0,0,0,0,0,38.5,52.464706,13.964706420898438
male,White,not Hispanic or Latino,177.8,96.4,3,0.0,1.0,0.0,1.0,0.0,1.0,0.0,0.0,0.0,0.0,0.0,0.0,0.0,0.0,0.0,0.0,0.0,0.0,0.0,0.0,A/A,T/T,0,0,*1/*1,A/A,0,T/T,0,0,0,0,8.0,*1/*1,0,OTHER,0,1,0,0,0,0,0,0,0,0,0,0,0,0,0,0,0,0,0,0,0,0,0,0,0,0,0,1,0,0,0,0,0,0,0,0,0,0,0,0,1,0,13.0,25.836332,12.836332321166992
male,Black or African American,not Hispanic or Latino,175.26,106.8,8,0.0,0.0,1.0,0.0,0.0,0.0,0.0,0.0,0.0,0.0,0.0,0.0,0.0,0.0,0.0,0.0,0.0,0.0,0.0,1.0,A/G,C/C,0,0,*1/*2,A/G,0,C/C,0,0,0,0,4.0,*1/*2,1,OTHER,0,0,0,0,0,0,0,0,0,0,0,0,0,0,0,0,0,0,0,0,0,0,0,0,0,0,0,0,0,0,0,0,0,0,0,0,0,0,0,0,0,0,62.5,46.102306,16.397693634033203
male,White,not Hispanic or Latino,177.8,80.9,3,0.0,0.0,0.0,0.0,1.0,0.0,1.0,0.0,0.0,0.0,0.0,0.0,0.0,0.0,0.0,0.0,0.0,0.0,0.0,0.0,A/G,C/C,0,0,*1/*1,A/G,0,C/C,0,0,0,0,6.0,*1/*1,0,OTHER,0,0,0,0,0,0,0,0,0,0,0,0,0,0,0,0,0,0,0,0,0,0,0,0,0,0,0,1,0,0,0,0,0,0,0,0,0,0,0,0,0,0,15.0,41.559334,26.55933380126953
male,White,not Hispanic or Latino,187.96,86.4,1,0.0,0.0,0.0,0.0,0.0,0.0,0.0,0.0,0.0,0.0,0.0,0.0,0.0,0.0,0.0,0.0,0.0,0.0,0.0,0.0,A/G,C/T,0,0,*1/*3,A/G,0,C/T,0,0,0,0,5.0,*1/*3,2,OTHER,0,0,0,0,0,0,0,0,0,0,0,0,0,0,0,0,0,0,0,0,0,0,0,0,0,0,0,1,0,0,0,0,0,0,0,0,0,0,0,0,0,0,45.5,31.1404,14.359600067138672
female,Black or African American,not Hispanic or Latino,167.64,79.5,3,0.0,1.0,0.0,0.0,1.0,0.0,1.0,0.0,0.0,0.0,0.0,0.0,0.0,0.0,0.0,0.0,0.0,0.0,0.0,0.0,G/G,C/C,0,0,*1/*1,G/G,0,C/C,0,0,0,0,8.0,*1/*1,0,OTHER,0,0,0,0,0,0,0,0,0,0,0,0,0,0,0,0,0,0,0,0,0,0,0,0,0,0,0,0,0,0,0,0,0,0,0,0,0,0,0,0,1,0,50.0,32.285378,17.714622497558594
female,Black or African American,not Hispanic or Latino,162.56,75.5,3,0.0,0.0,0.0,0.0,1.0,0.0,0.0,0.0,0.0,0.0,0.0,0.0,0.0,0.0,0.0,0.0,0.0,0.0,0.0,0.0,G/G,C/C,0,0,*1/*1,G/G,0,C/C,0,0,0,0,5.0,*1/*1,0,OTHER,0,0,0,0,0,0,0,0,0,0,0,0,0,0,0,0,0,0,0,0,0,0,0,0,0,0,0,1,0,0,0,0,0,0,0,0,0,0,0,0,0,0,25.0,43.710682,18.710681915283203
male,White,not Hispanic or Latino,180.34,76.8,3,1.0,0.0,0.0,1.0,0.0,0.0,0.0,0.0,1.0,0.0,0.0,0.0,1.0,0.0,0.0,0.0,0.0,0.0,0.0,0.0,G/G,C/C,0,0,*1/*3,G/G,0,C/C,0,0,0,0,6.0,*1/*3,2,OTHER,1,0,0,0,0,0,0,0,0,0,0,0,0,0,0,0,0,0,0,0,0,0,0,0,1,0,0,1,0,0,0,0,0,0,0,0,0,0,0,0,0,0,42.5,28.418123,14.081876754760742
female,White,not Hispanic or Latino,175.26,120.5,3,1.0,1.0,0.0,1.0,0.0,1.0,0.0,0.0,0.0,0.0,0.0,0.0,0.0,0.0,0.0,0.0,0.0,0.0,0.0,0.0,G/G,C/T,0,0,*1/*1,G/G,0,C/T,0,0,0,0,7.0,*1/*1,0,OTHER,0,0,0,0,0,0,0,0,0,0,0,0,0,0,0,0,0,0,0,0,0,0,0,0,0,0,0,0,0,0,0,0,0,0,0,0,0,0,0,0,0,0,17.5,44.277817,26.777816772460938
male,White,not Hispanic or Latino,177.8,95.5,3,1.0,1.0,0.0,1.0,0.0,1.0,0.0,0.0,0.0,0.0,0.0,0.0,0.0,0.0,0.0,0.0,0.0,0.0,0.0,1.0,A/G,C/T,0,0,*1/*1,A/G,0,C/T,0,0,0,0,5.0,*1/*1,0,OTHER,0,1,0,0,0,0,0,0,0,0,0,0,0,0,0,0,0,0,0,0,0,0,0,0,0,0,0,0,0,0,0,0,0,0,0,0,0,0,0,0,0,0,60.0,39.67968,20.32032012939453
male,White,not Hispanic or Latino,170.18,83.6,3,0.0,0.0,0.0,1.0,1.0,0.0,0.0,0.0,1.0,0.0,0.0,0.0,1.0,0.0,0.0,0.0,0.0,0.0,0.0,0.0,A/G,C/T,0,0,*1/*1,A/G,0,C/T,0,0,0,0,6.0,*1/*1,0,OTHER,1,0,0,0,0,0,0,0,0,0,0,0,0,0,0,0,0,0,0,0,0,0,0,0,1,0,0,1,0,0,0,0,0,0,0,0,0,0,0,0,0,0,17.5,31.54378,14.043779373168945
male,White,not Hispanic or Latino,167.64,82.7,3,0.0,0.0,0.0,1.0,0.0,0.0,0.0,0.0,0.0,0.0,0.0,0.0,0.0,0.0,0.0,0.0,0.0,0.0,0.0,0.0,A/G,C/T,0,0,*1/*1,A/G,0,C/T,0,0,0,0,8.0,*1/*1,0,OTHER,0,0,0,0,0,0,0,0,0,0,0,0,0,0,0,0,0,0,0,0,0,0,0,0,0,0,0,1,0,0,0,0,0,0,0,0,0,0,0,0,0,0,16.5,29.696844,13.196844100952148
male,Black or African American,not Hispanic or Latino,182.88,71.8,3,1.0,0.0,0.0,1.0,1.0,1.0,0.0,0.0,0.0,0.0,0.0,0.0,0.0,0.0,0.0,0.0,0.0,0.0,0.0,1.0,A/G,C/C,0,0,*1/*1,A/G,0,C/C,0,0,0,0,6.0,*1/*1,0,OTHER,0,1,0,0,0,0,0,0,0,0,0,0,0,0,0,0,0,0,0,0,0,0,0,0,0,0,0,1,0,0,0,0,0,0,0,0,0,0,0,0,0,0,60.0,35.95854,24.041458129882812
female,White,not Hispanic or Latino,165.1,47.3,3,0.0,0.0,0.0,0.0,0.0,0.0,0.0,0.0,0.0,0.0,0.0,0.0,0.0,0.0,0.0,0.0,0.0,0.0,0.0,0.0,G/G,C/C,0,0,*1/*2,G/G,0,C/C,0,0,0,0,5.0,*1/*2,1,OTHER,0,0,0,0,0,0,0,0,0,0,0,0,0,0,0,0,0,0,0,0,0,0,0,0,0,0,0,0,0,0,0,0,0,0,0,0,0,0,0,0,0,0,63.75,34.639954,29.11004638671875
male,White,not Hispanic or Latino,187.96,113.6,1,0.0,0.0,0.0,0.0,0.0,0.0,1.0,0.0,0.0,0.0,0.0,0.0,0.0,0.0,0.0,0.0,0.0,0.0,0.0,0.0,G/G,C/C,0,0,*1/*1,G/G,0,C/C,0,0,0,0,5.0,*1/*1,0,OTHER,0,0,0,0,0,0,0,0,0,0,0,0,0,0,0,0,0,0,0,0,0,0,0,0,0,0,0,0,0,0,0,0,0,0,0,0,0,0,0,0,0,0,80.0,62.506508,17.493492126464844
female,White,not Hispanic or Latino,162.56,81.8,1,0.0,0.0,0.0,0.0,0.0,0.0,0.0,0.0,0.0,0.0,0.0,0.0,0.0,0.0,0.0,0.0,0.0,0.0,0.0,0.0,0,0,0,0,0,0,0,0,0,0,0,0,8.0,unknown,0,GG,0,0,0,0,0,0,1,0,0,0,0,0,0,0,0,0,0,0,0,0,0,0,0,0,0,0,0,1,0,0,0,0,0,0,0,0,0,0,0,0,0,0,9.0,31.442245,22.442245483398438
male,White,not Hispanic or Latino,190.5,80.0,1,0.0,1.0,0.0,0.0,0.0,0.0,0.0,1.0,0.0,0.0,0.0,0.0,0.0,0.0,0.0,0.0,0.0,0.0,0.0,1.0,A/G,C/C,0,0,*1/*1,A/G,0,C/C,0,0,0,0,6.0,*1/*1,0,OTHER,0,0,0,0,0,0,0,0,0,0,0,0,0,0,0,0,0,0,0,0,0,0,0,0,0,0,0,0,0,0,0,0,0,0,0,0,0,0,0,0,1,0,62.5,43.461166,19.038833618164062
male,White,not Hispanic or Latino,170.0,90.0,3,0.0,0.0,0.0,1.0,0.0,0.0,0.0,0.0,0.0,0.0,0.0,0.0,0.0,0.0,0.0,0.0,0.0,0.0,0.0,0.0,A/G,C/T,0,0,*1/*1,A/G,G/T,C/T,C/G,G/G,C/T,A/C,8.0,*1/*1,0,OTHER,0,0,0,0,0,0,0,0,0,0,0,0,0,0,0,0,0,0,0,0,0,0,0,0,0,0,0,0,0,0,0,0,0,0,0,0,0,0,0,0,0,0,49.0,30.27925,18.72075080871582
male,White,not Hispanic or Latino,189.99,65.0,1,0.0,0.0,0.0,0.0,0.0,0.0,0.0,0.0,0.0,0.0,0.0,0.0,0.0,0.0,0.0,0.0,0.0,0.0,0.0,1.0,A/G,C/T,0,0,*1/*1,A/G,0,C/T,0,0,0,0,5.0,*1/*1,0,OTHER,0,0,0,0,0,0,0,0,0,0,0,0,0,0,0,0,0,0,0,0,0,0,0,0,0,0,0,0,0,0,0,0,0,0,0,0,0,0,0,0,0,0,52.5,37.549187,14.950813293457031
female,White,not Hispanic or Latino,165.0,103.5,1; 2,0.0,0.0,0.0,0.0,0.0,0.0,1.0,0.0,0.0,0.0,0.0,0.0,0.0,0.0,0.0,0.0,0.0,0.0,0.0,0.0,G/G,C/C,0,0,*1/*2,G/G,0,C/C,0,0,0,0,7.0,*1/*2,1,OTHER,0,0,0,0,0,0,0,0,0,0,0,0,0,0,0,0,0,0,0,0,0,0,0,0,0,0,0,1,0,0,0,0,0,0,0,0,0,0,0,0,0,0,87.5,33.44528,54.05472183227539
female,White,not Hispanic or Latino,165.99,92.5,2,0.0,0.0,0.0,0.0,1.0,0.0,0.0,0.0,0.0,0.0,0.0,0.0,0.0,0.0,0.0,0.0,0.0,0.0,0.0,0.0,A/G,C/T,0,0,*1/*1,A/G,0,C/T,0,0,0,0,3.0,*1/*1,0,OTHER,0,0,0,0,0,0,0,0,0,0,0,0,0,0,0,0,0,0,0,0,0,0,0,0,0,0,0,0,0,0,0,0,0,0,0,0,0,0,0,0,0,0,63.0,43.94697,19.053028106689453
female,White,not Hispanic or Latino,162.0,70.0,1; 2,0.0,1.0,0.0,1.0,0.0,1.0,0.0,0.0,0.0,0.0,0.0,0.0,0.0,0.0,0.0,0.0,0.0,0.0,0.0,0.0,A/G,C/T,0,0,*1/*1,A/G,0,C/T,0,0,0,0,7.0,*1/*1,0,OTHER,0,1,0,0,0,0,0,0,0,0,0,0,0,0,0,0,0,0,0,0,0,0,0,0,0,0,0,1,0,0,0,0,0,0,0,0,0,0,0,0,0,0,24.5,48.0987,23.59870147705078
male,White,not Hispanic or Latino,165.0,52.0,1; 2,0.0,1.0,0.0,0.0,0.0,0.0,0.0,0.0,0.0,0.0,0.0,0.0,0.0,0.0,0.0,0.0,0.0,0.0,0.0,0.0,G/G,C/C,0,0,*1/*1,G/G,0,C/C,0,0,0,0,8.0,*1/*1,0,OTHER,0,0,0,0,0,0,0,0,0,0,0,0,0,0,0,0,0,0,0,0,0,0,0,0,0,0,0,1,0,0,0,0,0,0,0,0,0,0,0,0,1,0,17.5,38.25866,20.75865936279297
female,White,not Hispanic or Latino,159.99,80.0,3,1.0,0.0,0.0,0.0,0.0,0.0,0.0,0.0,0.0,1.0,0.0,0.0,1.0,0.0,1.0,0.0,0.0,0.0,0.0,1.0,0,0,0,0,*1/*1,0,0,0,0,0,0,0,5.0,*1/*1,0,GG,1,0,0,0,0,0,0,0,0,0,0,0,0,0,0,0,0,0,0,0,0,0,0,0,0,0,0,1,0,0,0,0,0,0,0,0,0,0,0,0,0,0,70.0,33.79693,36.20307159423828
male,White,not Hispanic or Latino,176.99,86.0,1,0.0,1.0,0.0,1.0,0.0,1.0,0.0,0.0,0.0,0.0,0.0,0.0,0.0,0.0,0.0,0.0,0.0,0.0,0.0,0.0,A/G,C/T,0,0,*1/*1,A/G,0,C/T,0,0,0,0,6.0,*1/*1,0,OTHER,0,1,0,0,0,0,0,0,0,0,0,0,0,0,0,0,0,0,0,0,0,0,0,0,0,0,0,1,0,0,0,0,0,0,0,0,0,0,0,0,0,0,22.5,36.385406,13.885406494140625
male,White,not Hispanic or Latino,184.0,57.0,8,0.0,0.0,0.0,0.0,0.0,0.0,0.0,0.0,0.0,0.0,0.0,0.0,0.0,0.0,0.0,0.0,0.0,0.0,0.0,1.0,A/G,C/T,0,0,*1/*2,A/G,0,C/T,0,0,0,0,2.0,*1/*2,1,OTHER,0,0,0,0,0,0,0,0,0,0,0,0,0,0,0,0,0,0,0,0,0,0,0,0,0,0,0,0,0,0,0,0,0,0,0,0,0,0,0,0,0,0,24.5,38.296772,13.796772003173828
female,White,not Hispanic or Latino,157.99,70.0,2,1.0,1.0,0.0,0.0,0.0,0.0,0.0,0.0,0.0,0.0,0.0,0.0,0.0,0.0,0.0,0.0,0.0,0.0,0.0,0.0,A/G,C/T,0,0,*1/*2,A/G,0,C/T,0,0,0,0,8.0,*1/*2,1,OTHER,0,0,0,0,0,0,0,0,0,0,0,0,0,0,0,0,0,0,0,0,0,0,0,0,0,0,0,0,0,0,0,0,0,0,0,0,0,0,0,0,0,0,49.0,24.201319,24.798681259155273
female,White,not Hispanic or Latino,160.02,83.0,2,0.0,0.0,0.0,0.0,0.0,0.0,0.0,0.0,0.0,0.0,0.0,0.0,0.0,0.0,0.0,0.0,0.0,0.0,0.0,0.0,0,0,0,0,*1/*2,0,0,0,0,0,0,0,3.0,*1/*2,1,GG,0,0,0,0,0,0,0,0,0,0,0,0,0,0,0,0,0,0,0,0,0,0,0,0,0,0,0,0,0,0,0,0,0,0,0,0,0,0,0,0,0,0,77.0,36.81562,40.18437957763672
male,White,not Hispanic or Latino,0.0,66.5,0,0.0,0.0,0.0,0.0,0.0,0.0,0.0,0.0,0.0,0.0,0.0,0.0,0.0,0.0,0.0,0.0,0.0,0.0,0.0,0.0,0,C/C,0,0,*1/*1,0,0,C/C,0,0,0,0,8.0,*1/*1,0,GG,0,0,0,0,0,0,0,0,0,0,0,0,0,0,0,0,0,0,0,0,0,0,0,0,0,0,0,0,0,0,0,0,0,0,0,0,0,0,0,0,0,0,10.5,33.921253,23.421253204345703
male,White,not Hispanic or Latino,0.0,54.0,0,0.0,0.0,0.0,0.0,0.0,0.0,0.0,0.0,0.0,0.0,0.0,0.0,0.0,0.0,0.0,0.0,0.0,0.0,0.0,0.0,0,C/C,0,0,*1/*2,0,0,C/C,0,0,0,0,5.0,*1/*2,1,GG,0,0,0,0,0,0,0,0,0,0,0,0,0,0,0,0,0,0,0,0,0,0,0,0,0,0,0,0,0,0,0,0,0,0,0,0,0,0,0,0,0,0,17.5,37.58482,20.084819793701172
male,White,not Hispanic or Latino,0.0,78.0,0,0.0,0.0,0.0,0.0,0.0,0.0,0.0,0.0,0.0,0.0,0.0,0.0,0.0,0.0,0.0,0.0,0.0,0.0,0.0,0.0,0,C/T,0,0,*1/*1,0,0,C/T,0,0,0,0,4.0,*1/*1,0,GG,0,0,0,0,0,0,0,0,0,0,0,0,0,0,0,0,0,0,0,0,0,0,0,0,0,0,0,0,0,0,0,0,0,0,0,0,0,0,0,0,0,0,77.0,41.684116,35.31588363647461
male,White,not Hispanic or Latino,0.0,71.0,0,0.0,0.0,0.0,0.0,0.0,0.0,0.0,0.0,0.0,0.0,0.0,0.0,0.0,0.0,0.0,0.0,0.0,0.0,0.0,1.0,0,C/T,0,0,*1/*1,0,0,C/T,0,0,0,0,6.0,*1/*1,0,GG,0,0,0,0,0,0,0,0,0,0,0,0,0,0,0,0,0,0,0,0,0,0,0,0,0,0,0,0,0,0,0,0,0,0,0,0,0,0,0,0,0,0,67.5,34.92949,32.57051086425781
female,White,not Hispanic or Latino,0.0,79.0,0,0.0,0.0,0.0,0.0,0.0,0.0,0.0,0.0,0.0,0.0,0.0,0.0,0.0,0.0,0.0,0.0,0.0,0.0,0.0,0.0,0,T/T,0,0,*1/*1,0,0,T/T,0,0,0,0,5.0,*1/*1,0,GG,0,0,0,0,0,0,0,0,0,0,0,0,0,0,0,0,0,0,0,0,0,0,0,0,0,0,0,0,0,0,0,0,0,0,0,0,0,0,0,0,0,0,17.5,32.87454,15.37453842163086
male,White,not Hispanic or Latino,0.0,63.0,0,0.0,0.0,0.0,0.0,0.0,0.0,0.0,0.0,0.0,0.0,0.0,0.0,0.0,0.0,0.0,0.0,0.0,0.0,0.0,1.0,0,0,0,0,*1/*2,0,0,0,0,0,0,0,4.0,*1/*2,1,GG,0,0,0,0,0,0,0,0,0,0,0,0,0,0,0,0,0,0,0,0,0,0,0,0,0,0,0,0,0,0,0,0,0,0,0,0,0,0,0,0,0,0,17.5,36.184566,18.684566497802734
female,Black or African American,not Hispanic or Latino,162.56,74.5,1; 2,0.0,0.0,0.0,0.0,1.0,1.0,0.0,0.0,0.0,0.0,0.0,0.0,0.0,0.0,0.0,0.0,0.0,0.0,0.0,0.0,G/G,C/C,G/G,A/G,*1/*1,G/G,T/T,C/C,G/G,A/G,C/C,C/C,4.0,*1/*1,0,OTHER,0,0,0,0,0,0,0,0,0,0,0,0,0,0,0,0,0,0,0,0,1,0,0,0,0,0,0,0,0,0,0,0,0,0,0,0,0,0,0,0,0,0,21.0,59.63605,38.636051177978516
male,White,not Hispanic or Latino,182.88,65.7,1,0.0,0.0,0.0,0.0,0.0,0.0,0.0,0.0,0.0,0.0,0.0,0.0,0.0,1.0,0.0,0.0,0.0,0.0,0.0,1.0,G/G,C/C,G/G,A/G,*1/*1,G/G,T/T,C/C,G/G,A/G,C/C,A/A,2.0,*1/*1,0,OTHER,0,0,0,0,0,0,0,0,0,0,0,0,0,0,0,0,0,0,0,0,0,0,0,0,0,0,0,0,0,0,0,0,0,0,0,1,0,0,0,0,0,0,52.5,72.62657,20.126571655273438
male,Black or African American,not Hispanic or Latino,172.72,81.0,1,0.0,0.0,0.0,1.0,0.0,1.0,0.0,0.0,0.0,0.0,0.0,0.0,0.0,0.0,0.0,0.0,0.0,0.0,0.0,1.0,G/G,C/C,G/G,A/G,*1/*1,G/G,T/T,C/C,G/G,A/G,C/C,0,4.0,*1/*1,0,OTHER,0,0,0,0,0,0,0,0,0,0,0,0,0,0,0,0,0,0,0,0,1,0,0,0,0,0,0,1,0,0,0,0,0,0,0,0,0,0,0,0,0,0,42.0,57.668285,15.668285369873047
male,White,not Hispanic or Latino,170.18,95.7,2,0.0,0.0,0.0,1.0,0.0,1.0,0.0,0.0,0.0,0.0,0.0,0.0,1.0,0.0,0.0,0.0,0.0,0.0,0.0,1.0,G/G,C/C,G/G,A/A,*1/*1,G/G,T/T,C/C,G/G,A/A,C/C,A/A,5.0,*1/*1,0,OTHER,1,0,1,0,0,0,0,0,0,1,0,0,0,0,0,0,0,0,0,0,1,0,0,0,0,0,0,1,0,0,0,0,0,0,0,0,0,0,0,0,0,0,28.0,57.751427,29.751426696777344
male,White,not Hispanic or Latino,185.42,158.0,3,1.0,0.0,0.0,1.0,0.0,0.0,0.0,0.0,0.0,0.0,0.0,0.0,0.0,0.0,0.0,0.0,0.0,0.0,0.0,0.0,A/G,C/T,C/G,A/G,*1/*2,A/G,G/T,C/T,C/G,A/G,C/T,C/C,5.0,*1/*2,1,OTHER,0,0,0,0,0,0,0,0,0,0,0,0,0,0,0,0,0,0,0,0,0,0,0,0,0,0,0,1,0,0,0,0,0,0,0,0,0,0,0,0,0,0,28.0,44.141384,16.14138412475586
male,White,not Hispanic or Latino,177.8,122.0,3,1.0,0.0,0.0,0.0,0.0,0.0,0.0,0.0,0.0,0.0,0.0,0.0,0.0,0.0,0.0,0.0,0.0,0.0,0.0,1.0,A/A,T/T,C/C,G/G,*1/*2,A/A,G/G,T/T,C/C,G/G,T/T,C/C,6.0,*1/*2,1,OTHER,0,0,0,0,0,0,0,0,0,0,0,0,0,0,0,0,0,0,0,0,0,0,0,0,0,0,0,1,0,0,0,0,0,0,0,0,0,0,0,0,0,0,14.0,30.5592,16.559200286865234
female,White,not Hispanic or Latino,177.8,63.1,1,0.0,0.0,0.0,0.0,0.0,0.0,0.0,0.0,0.0,0.0,0.0,0.0,0.0,0.0,0.0,0.0,0.0,0.0,1.0,1.0,A/G,C/T,C/G,A/G,*1/*2,A/G,T/T,C/T,C/G,A/G,C/T,C/C,2.0,*1/*2,1,OTHER,0,0,1,1,0,0,0,0,0,0,0,0,0,0,0,0,0,0,0,0,0,0,0,0,0,0,0,0,0,0,0,0,0,0,0,1,0,0,0,0,0,0,21.0,43.22623,22.22623062133789
female,White,not Hispanic or Latino,167.64,109.0,3,0.0,0.0,0.0,0.0,0.0,0.0,0.0,0.0,1.0,0.0,0.0,0.0,1.0,0.0,0.0,0.0,0.0,0.0,0.0,1.0,A/G,C/T,C/G,G/G,*1/*1,A/G,G/T,C/T,C/G,G/G,C/T,A/C,5.0,*1/*1,0,OTHER,1,0,0,0,0,0,0,0,0,0,0,0,0,0,0,0,0,0,0,0,0,0,0,0,1,0,0,0,0,0,0,0,0,0,0,0,0,0,0,0,0,0,18.2,35.2157,17.0156982421875
male,Unknown,Unknown,184.91,74.0,3,0.0,0.0,0.0,0.0,0.0,0.0,0.0,0.0,0.0,0.0,0.0,0.0,0.0,0.0,0.0,0.0,0.0,0.0,0.0,0.0,G/G,0,0,0,*1/*2,G/G,0,0,0,0,0,0,4.0,*1/*2,1,OTHER,0,0,0,0,0,0,0,0,0,0,0,0,0,0,0,0,0,0,0,0,0,0,0,0,0,0,0,0,0,0,0,0,0,0,0,0,0,0,0,0,0,0,72.5,38.765335,33.73466491699219
female,Unknown,Unknown,165.1,56.0,4,0.0,0.0,1.0,0.0,0.0,0.0,0.0,0.0,0.0,0.0,0.0,0.0,0.0,0.0,0.0,0.0,0.0,0.0,0.0,0.0,A/G,0,0,0,*1/*1,A/G,0,0,0,0,0,0,6.0,*1/*1,0,OTHER,0,0,0,0,0,0,0,0,0,0,0,0,0,0,0,0,0,0,0,0,0,0,0,0,0,0,0,0,0,0,0,0,0,0,0,0,0,0,0,0,0,0,45.0,27.92241,17.077590942382812
female,Asian,not Hispanic or Latino,0.0,48.0,4,0.0,0.0,0.0,0.0,0.0,0.0,0.0,0.0,0.0,0.0,0.0,0.0,0.0,0.0,0.0,0.0,0.0,0.0,0.0,0.0,0,C/T,C/G,A/G,*1/*3,0,0,C/T,C/G,A/G,C/T,0,6.0,*1/*3,2,GG,0,0,0,0,0,0,0,0,0,0,0,0,0,0,0,0,0,0,0,0,0,0,0,0,0,0,0,0,0,0,0,0,0,0,0,0,0,0,0,0,0,0,38.5,20.268967,18.231033325195312
female,Asian,not Hispanic or Latino,0.0,45.0,4,0.0,0.0,0.0,0.0,0.0,0.0,0.0,0.0,0.0,0.0,0.0,0.0,0.0,0.0,0.0,0.0,0.0,0.0,0.0,0.0,0,T/T,C/G,A/G,*1/*1,0,0,T/T,C/G,A/G,C/T,0,3.0,*1/*1,0,GG,0,0,0,0,0,0,0,0,0,0,0,0,0,0,0,0,0,0,0,0,0,0,0,0,0,0,0,0,0,0,0,0,0,0,0,0,0,0,0,0,0,0,49.0,31.58752,17.412479400634766
male,Asian,not Hispanic or Latino,0.0,63.0,1 or 2,0.0,0.0,0.0,0.0,0.0,0.0,0.0,0.0,0.0,0.0,0.0,0.0,0.0,0.0,0.0,0.0,0.0,0.0,0.0,0.0,0,C/T,C/G,A/G,*1/*1,0,0,C/T,C/G,A/G,C/T,0,5.0,*1/*1,0,GG,0,0,0,0,0,0,0,0,0,0,0,0,0,0,0,0,0,0,0,0,0,0,0,0,0,0,0,0,0,0,0,0,0,0,0,0,0,0,0,0,0,0,17.5,31.406641,13.906641006469727
male,Asian,not Hispanic or Latino,0.0,60.4,1 or 2,0.0,0.0,0.0,0.0,0.0,0.0,0.0,0.0,0.0,0.0,0.0,0.0,0.0,0.0,0.0,0.0,0.0,0.0,0.0,0.0,0,T/T,C/C,G/G,*1/*1,A/A,T/T,T/T,C/C,G/G,T/T,C/C,5.0,*1/*1,0,GG,0,0,0,0,0,0,0,0,0,0,0,0,0,0,0,0,0,0,0,0,0,0,0,0,0,0,0,0,0,0,0,0,0,0,0,0,0,0,0,0,0,0,42.0,19.928158,22.071842193603516
male,Asian,not Hispanic or Latino,0.0,76.2,1 or 2,0.0,0.0,0.0,0.0,0.0,0.0,0.0,0.0,0.0,0.0,0.0,0.0,0.0,0.0,0.0,0.0,0.0,0.0,0.0,0.0,0,C/T,C/G,A/G,*1/*1,0,0,C/T,C/G,A/G,C/T,0,8.0,*1/*1,0,GG,0,0,0,0,0,0,0,0,0,0,0,0,0,0,0,0,0,0,0,0,0,0,0,0,0,0,0,0,0,0,0,0,0,0,0,0,0,0,0,0,0,0,14.0,27.571869,13.571868896484375
male,Asian,not Hispanic or Latino,0.0,46.8,8,0.0,0.0,0.0,0.0,0.0,0.0,0.0,0.0,0.0,0.0,0.0,0.0,0.0,0.0,0.0,0.0,0.0,0.0,0.0,0.0,0,C/C,G/G,A/A,*1/*1,0,0,C/C,G/G,A/A,C/C,0,7.0,*1/*1,0,GG,0,0,0,0,0,0,0,0,0,0,0,0,0,0,0,0,0,0,0,0,0,0,0,0,0,0,0,0,0,0,0,0,0,0,0,0,0,0,0,0,0,0,17.5,31.630625,14.130624771118164
male,Asian,not Hispanic or Latino,0.0,81.2,1 or 2,0.0,0.0,0.0,0.0,0.0,0.0,0.0,0.0,0.0,0.0,0.0,0.0,0.0,0.0,0.0,0.0,0.0,0.0,0.0,0.0,0,T/T,C/C,G/G,*1/*1,0,0,T/T,C/C,G/G,T/T,0,7.0,*1/*1,0,GG,0,0,0,0,0,0,0,0,0,0,0,0,0,0,0,0,0,0,0,0,0,0,0,0,0,0,0,0,0,0,0,0,0,0,0,0,0,0,0,0,0,0,10.5,23.529848,13.029848098754883
female,Asian,not Hispanic or Latino,0.0,56.4,1 or 2,0.0,0.0,0.0,0.0,0.0,0.0,0.0,0.0,0.0,0.0,0.0,0.0,0.0,0.0,0.0,0.0,0.0,0.0,0.0,0.0,0,C/T,C/G,A/G,0,0,0,C/T,C/G,A/G,C/T,0,3.0,unknown,0,GG,0,0,0,0,0,0,0,0,0,0,0,0,0,0,0,0,0,0,0,0,0,0,0,0,0,0,0,0,0,0,0,0,0,0,0,0,0,0,0,0,0,0,34.02,51.47638,17.456379394531247
male,Asian,not Hispanic or Latino,0.0,78.0,3,0.0,0.0,0.0,0.0,0.0,0.0,0.0,0.0,0.0,0.0,0.0,0.0,0.0,0.0,0.0,0.0,0.0,0.0,0.0,0.0,0,C/C,G/G,A/A,0,0,0,C/C,G/G,A/A,C/C,0,4.0,unknown,0,GG,0,0,0,0,0,0,0,0,0,0,0,0,0,0,0,0,0,0,0,0,0,0,0,0,0,0,0,0,0,0,0,0,0,0,0,0,0,0,0,0,0,0,35.0,49.37704,14.37704086303711
female,Asian,not Hispanic or Latino,0.0,55.8,3,0.0,0.0,0.0,0.0,0.0,0.0,0.0,0.0,0.0,0.0,0.0,0.0,0.0,0.0,0.0,0.0,0.0,0.0,0.0,0.0,0,T/T,C/C,G/G,0,0,0,T/T,C/C,G/G,T/T,0,4.0,unknown,0,GG,0,0,0,0,0,0,0,0,0,0,0,0,0,0,0,0,0,0,0,0,0,0,0,0,0,0,0,0,0,0,0,0,0,0,0,0,0,0,0,0,0,0,45.5,23.814936,21.6850643157959
male,White,Unknown,0.0,0.0,3,0.0,0.0,0.0,0.0,0.0,0.0,0.0,0.0,0.0,0.0,0.0,0.0,0.0,0.0,0.0,0.0,0.0,0.0,0.0,0.0,A/G,0,0,A/G,*1/*1,A/G,0,0,0,A/G,C/T,0,7.0,*1/*1,0,OTHER,1,1,0,0,0,0,0,0,0,0,0,0,0,0,0,0,0,0,0,0,0,0,0,0,0,0,0,0,0,0,0,0,0,0,0,0,0,0,0,0,0,0,7.0,22.863514,15.863513946533203
female,White,Unknown,172.01,127.0,2,1.0,0.0,0.0,0.0,0.0,0.0,0.0,0.0,0.0,0.0,0.0,0.0,0.0,0.0,0.0,0.0,0.0,0.0,0.0,0.0,A/G,0,0,G/G,*1/*1,A/G,0,0,0,G/G,C/T,0,5.0,*1/*1,0,OTHER,1,1,0,0,0,0,0,0,0,0,0,0,0,0,0,0,0,0,0,0,0,0,0,0,0,0,0,0,0,0,0,0,0,0,0,0,0,0,0,0,0,0,21.0,39.68241,18.682411193847656
male,White,Unknown,180.01,91.0,2,0.0,0.0,0.0,0.0,0.0,0.0,0.0,0.0,0.0,0.0,0.0,0.0,0.0,0.0,0.0,0.0,0.0,0.0,0.0,0.0,G/G,0,0,A/A,*1/*1,G/G,T/T,C/C,G/G,A/A,C/C,A/C,4.0,*1/*1,0,OTHER,1,1,0,0,0,0,0,0,0,0,0,0,0,0,0,0,0,0,0,0,0,0,0,0,0,0,0,0,0,0,0,0,0,0,0,0,0,0,0,0,0,0,87.5,51.17665,36.32334899902344
male,White,Unknown,167.0,87.0,3,0.0,0.0,0.0,0.0,0.0,0.0,0.0,0.0,0.0,0.0,0.0,0.0,0.0,0.0,0.0,0.0,0.0,0.0,0.0,0.0,G/G,0,0,A/A,*1/*1,G/G,0,0,0,A/A,C/C,0,5.0,*1/*1,0,OTHER,1,1,0,0,0,0,0,0,0,0,0,0,0,0,0,0,0,0,0,0,0,0,0,0,0,0,0,0,0,0,0,0,0,0,0,0,0,0,0,0,0,0,21.0,40.12272,19.122718811035156
female,White,Unknown,162.0,96.0,2,0.0,0.0,0.0,0.0,0.0,0.0,0.0,0.0,0.0,0.0,0.0,0.0,0.0,0.0,0.0,0.0,0.0,0.0,0.0,0.0,G/G,0,0,A/G,0,G/G,0,0,0,A/G,C/C,0,5.0,unknown,0,OTHER,1,1,0,0,0,0,0,0,0,0,0,0,0,0,0,0,0,0,0,0,0,0,0,0,0,0,0,0,0,0,0,0,0,0,0,0,0,0,0,0,0,0,49.0,35.87222,13.12778091430664
male,Black or African American,not Hispanic or Latino,187.96,145.0,3,0.0,0.0,0.0,1.0,0.0,0.0,1.0,0.0,0.0,0.0,0.0,0.0,0.0,0.0,0.0,0.0,0.0,0.0,0.0,0.0,0,C/C,G/G,G/G,*1/*1,0,T/T,C/C,G/G,G/G,C/C,0,4.0,*1/*1,0,GG,0,0,0,0,0,0,0,0,0,0,0,0,0,0,0,0,0,0,0,0,0,0,0,0,0,0,0,0,0,0,0,0,0,0,0,0,0,0,0,0,0,0,44.63,66.23118,21.601178283691404
female,White,Unknown,162.56,90.6,3,0.0,0.0,0.0,0.0,0.0,0.0,0.0,0.0,0.0,0.0,0.0,0.0,0.0,0.0,0.0,0.0,0.0,0.0,0.0,0.0,G/G,C/C,G/G,A/A,*1/*2,G/G,T/T,C/C,G/G,A/A,C/C,0,7.0,*1/*2,1,OTHER,0,0,0,0,0,0,0,0,0,0,0,1,0,0,0,0,0,0,0,0,0,0,0,0,0,0,0,0,0,0,0,0,0,0,0,0,0,0,0,0,0,0,55.65,32.9391,22.7109016418457
female,White,Unknown,157.48,71.0,4,0.0,0.0,1.0,0.0,0.0,0.0,0.0,0.0,0.0,0.0,0.0,0.0,0.0,0.0,0.0,0.0,0.0,0.0,0.0,0.0,0,C/C,G/G,A/G,*1/*2,0,T/T,C/C,G/G,A/G,C/C,0,8.0,*1/*2,1,GG,0,0,0,0,0,0,0,0,0,0,0,0,0,0,0,0,0,0,0,0,0,0,0,0,0,0,0,0,0,0,0,0,0,0,0,0,0,0,0,0,0,0,47.68,31.67298,16.0070206451416
female,White,Unknown,165.1,63.3,1,0.0,0.0,0.0,1.0,0.0,0.0,0.0,0.0,0.0,0.0,0.0,0.0,0.0,0.0,0.0,0.0,0.0,0.0,0.0,0.0,0,C/T,C/G,A/G,*1/*1,0,G/T,C/T,C/G,A/G,C/T,0,5.0,*1/*1,0,GG,0,0,0,0,0,0,0,0,0,0,0,0,0,0,0,0,0,0,0,0,0,0,0,0,0,0,0,0,0,0,0,0,0,0,0,0,0,0,0,0,0,0,63.17,36.212814,26.957185668945314
male,White,Unknown,182.88,107.5,5,0.0,1.0,0.0,0.0,0.0,0.0,0.0,0.0,0.0,0.0,1.0,0.0,0.0,0.0,0.0,0.0,0.0,0.0,0.0,0.0,0,C/C,G/G,A/A,*1/*1,0,T/T,C/C,G/G,A/A,C/C,0,4.0,*1/*1,0,GG,0,0,0,0,0,0,0,0,0,0,0,0,0,0,0,0,0,0,0,0,0,0,0,0,0,0,0,0,0,0,0,0,0,0,0,0,0,0,0,0,0,0,65.96,52.13131,13.82869049072265
male,White,not Hispanic or Latino,162.56,79.6,0,0.0,0.0,0.0,1.0,0.0,0.0,0.0,0.0,0.0,0.0,0.0,0.0,0.0,0.0,0.0,0.0,0.0,0.0,0.0,0.0,0,C/T,0,0,*1/*2,0,0,C/T,0,0,0,0,4.0,*1/*2,1,GG,0,0,0,0,0,0,0,0,0,0,0,0,0,0,0,0,0,1,0,0,0,0,0,0,0,0,0,0,0,0,0,0,0,0,0,0,0,0,0,0,0,0,49.98,35.713455,14.266544799804684
male,White,not Hispanic or Latino,182.88,83.2,3; 8,1.0,0.0,0.0,1.0,0.0,1.0,0.0,0.0,0.0,0.0,0.0,0.0,1.0,0.0,0.0,0.0,0.0,0.0,0.0,0.0,0,C/T,0,0,*1/*1,0,0,C/T,0,0,0,0,7.0,*1/*1,0,GG,1,0,0,0,0,0,0,0,0,0,0,0,0,0,0,0,0,1,0,0,0,0,0,0,0,0,0,1,0,0,0,0,0,0,0,0,0,0,0,0,0,0,17.5,31.32967,13.829669952392578
female,Black or African American,not Hispanic or Latino,162.56,81.8,8,0.0,0.0,0.0,0.0,0.0,0.0,0.0,0.0,0.0,0.0,0.0,0.0,0.0,0.0,0.0,0.0,0.0,0.0,0.0,0.0,0,C/T,0,0,*1/*1,A/G,T/T,C/T,C/G,G/G,T/T,C/C,3.0,*1/*1,0,GG,0,0,0,0,0,0,0,0,0,0,0,0,0,0,0,0,0,0,0,0,0,0,0,0,0,0,0,1,0,0,0,0,0,0,0,0,0,0,0,0,0,0,21.0,38.850174,17.850173950195312
male,Black or African American,not Hispanic or Latino,180.34,102.3,3; 8,1.0,1.0,0.0,1.0,0.0,0.0,0.0,0.0,0.0,1.0,0.0,0.0,0.0,0.0,0.0,0.0,0.0,0.0,0.0,0.0,0,C/C,0,0,*1/*3,0,0,C/C,0,0,0,0,5.0,*1/*3,2,GG,0,0,0,0,0,0,0,0,0,0,0,0,0,0,0,0,0,1,0,0,0,0,0,0,0,0,0,1,0,0,0,0,0,0,0,0,0,0,0,0,0,0,45.01,30.264214,14.74578643798828
female,White,not Hispanic or Latino,162.56,92.7,8,0.0,1.0,0.0,0.0,0.0,0.0,0.0,0.0,0.0,0.0,0.0,0.0,0.0,0.0,0.0,0.0,0.0,0.0,0.0,1.0,0,C/T,0,0,*1/*1,0,0,C/T,0,0,0,0,4.0,*1/*1,0,GG,0,0,0,0,0,0,0,0,0,0,0,0,0,0,0,0,0,0,0,0,0,0,0,0,0,0,0,0,0,0,0,0,0,0,0,0,0,0,0,0,0,0,27.51,42.863346,15.353346099853514
female,White,not Hispanic or Latino,154.94,137.3,8,1.0,0.0,0.0,0.0,0.0,0.0,0.0,0.0,0.0,0.0,0.0,0.0,0.0,0.0,0.0,0.0,0.0,0.0,0.0,0.0,0,C/C,0,0,*1/*1,0,0,C/C,0,0,0,0,4.0,*1/*1,0,GG,0,0,0,0,0,0,0,0,0,0,0,0,0,0,0,0,0,0,0,0,0,0,0,0,0,0,0,0,0,0,0,0,0,0,0,0,0,0,0,0,0,0,37.52,55.876663,18.35666320800781
female,Black or African American,not Hispanic or Latino,165.1,95.5,0,0.0,0.0,0.0,0.0,0.0,1.0,0.0,0.0,0.0,0.0,0.0,0.0,0.0,0.0,0.0,0.0,0.0,0.0,0.0,0.0,0,C/T,0,0,*1/*3,0,0,C/T,0,0,0,0,4.0,*1/*3,2,GG,0,0,0,0,0,0,0,0,0,0,0,0,0,0,0,0,0,0,0,0,0,0,0,0,0,0,0,0,0,0,0,0,0,0,0,0,0,0,0,0,0,0,45.01,28.64965,16.36034942626953
female,White,not Hispanic or Latino,175.26,50.0,0,0.0,0.0,0.0,0.0,0.0,0.0,0.0,0.0,0.0,0.0,0.0,0.0,0.0,0.0,0.0,0.0,0.0,0.0,0.0,0.0,0,C/T,0,0,*1/*1,A/G,G/T,C/T,C/G,A/G,C/T,C/C,2.0,*1/*1,0,GG,0,0,0,0,0,0,0,0,0,0,0,0,0,0,0,0,0,0,0,0,0,0,0,0,0,0,0,0,0,0,0,0,0,0,0,0,0,0,0,0,0,0,27.51,41.369007,13.859007110595702
male,Black or African American,not Hispanic or Latino,177.8,84.1,8,0.0,1.0,0.0,0.0,0.0,0.0,0.0,0.0,0.0,0.0,0.0,0.0,0.0,0.0,0.0,0.0,0.0,0.0,0.0,0.0,0,C/C,0,0,*1/*1,0,0,C/C,0,0,0,0,2.0,*1/*1,0,GG,0,0,0,0,0,0,0,0,0,0,0,0,0,0,0,0,0,0,0,0,0,0,0,0,0,0,0,0,0,0,0,0,0,0,0,0,0,0,0,0,0,0,82.53,43.233162,39.29683807373047
female,Black or African American,not Hispanic or Latino,162.56,69.6,8,1.0,0.0,0.0,0.0,0.0,0.0,0.0,0.0,0.0,0.0,0.0,0.0,0.0,0.0,1.0,0.0,0.0,0.0,0.0,0.0,0,C/C,0,0,*1/*1,0,0,C/C,0,0,0,0,8.0,*1/*1,0,GG,0,0,0,0,0,0,0,0,0,0,0,0,0,0,0,0,0,0,0,0,0,0,0,0,0,0,0,1,0,0,0,0,0,0,0,0,0,0,0,0,0,0,45.01,30.978994,14.031005630493162
female,White,not Hispanic or Latino,172.72,84.1,3; 8,0.0,1.0,0.0,1.0,0.0,0.0,1.0,0.0,0.0,0.0,0.0,0.0,0.0,0.0,0.0,0.0,0.0,0.0,0.0,0.0,0,C/C,0,0,*1/*1,0,0,C/C,0,0,0,0,5.0,*1/*1,0,GG,0,0,0,0,0,0,0,0,0,0,0,0,0,0,0,0,0,1,0,0,0,0,0,0,0,0,0,0,0,0,0,0,0,0,0,0,0,0,0,0,0,0,59.99,43.10835,16.881651153564455
male,White,not Hispanic or Latino,182.88,111.8,3; 8,1.0,1.0,0.0,1.0,0.0,0.0,0.0,1.0,0.0,0.0,0.0,0.0,0.0,0.0,0.0,0.0,0.0,0.0,0.0,0.0,0,C/C,0,0,*1/*2,0,0,C/C,0,0,0,0,7.0,*1/*2,1,GG,0,0,0,0,0,0,0,0,0,0,0,0,0,0,0,0,0,1,0,0,0,0,0,0,0,0,0,0,0,0,0,0,0,0,0,0,0,0,0,0,1,0,49.98,36.361755,13.618244628906247
male,White,not Hispanic or Latino,180.34,75.0,8,0.0,1.0,0.0,1.0,0.0,1.0,0.0,0.0,0.0,0.0,0.0,0.0,0.0,1.0,0.0,0.0,0.0,0.0,0.0,0.0,0,T/T,0,0,*1/*1,0,0,T/T,0,0,0,0,5.0,*1/*1,0,GG,0,0,0,0,0,0,0,0,0,0,0,0,0,0,0,0,0,1,0,0,0,0,0,0,0,0,0,1,0,0,0,0,0,0,0,0,0,0,0,0,0,0,27.51,40.552822,13.042822113037108
female,Black or African American,not Hispanic or Latino,177.8,177.3,8,0.0,1.0,0.0,1.0,0.0,0.0,0.0,0.0,0.0,0.0,0.0,0.0,0.0,0.0,0.0,0.0,0.0,0.0,0.0,1.0,0,C/C,0,0,*1/*1,0,0,C/C,0,0,0,0,5.0,*1/*1,0,GG,0,0,0,0,0,0,0,0,0,0,0,0,0,0,0,0,0,1,0,0,0,0,0,0,0,0,0,1,0,0,0,0,0,0,0,0,0,0,0,0,0,0,12.5,65.59449,53.09449005126953
male,White,not Hispanic or Latino,187.96,125.0,3; 8,1.0,0.0,0.0,1.0,0.0,0.0,1.0,0.0,0.0,0.0,0.0,0.0,1.0,0.0,0.0,0.0,0.0,0.0,0.0,0.0,0,C/T,0,0,*1/*1,A/G,G/T,C/T,C/G,G/G,C/T,0,5.0,*1/*1,0,GG,1,0,0,0,0,0,0,0,0,0,0,0,0,0,0,0,0,1,0,0,0,0,0,0,0,0,0,0,0,0,0,0,0,0,0,0,0,0,0,0,0,0,52.5,38.873585,13.626415252685547
