gender,race,ethnicity,height_cm,weight_kg,indication_for_warfarin_treatment,congestive_heart_failure_and_or_cardiomyopathy,valve_replacement,acetaminophen_or_paracetamol_tylenol,simvastatin_zocor,atorvastatin_lipitor,fluvastatin_lescol,lovastatin_mevacor,pravastatin_pravachol,rosuvastatin_crestor,cerivastatin_baycol,amiodarone_cordarone,carbamazepine_tegretol,phenytoin_dilantin,rifampin_or_rifampicin,sulfonamide_antibiotics,macrolide_antibiotics,antifungal_azoles,current_smoker,vkorc1_1639,cyp2c9_consensus,vkorc1_-1639_consensus,vkorc1_1173_consensus,vkorc1_1542_consensus,age_decade,cyp2c9_score,cyp2c9_consensus_score,vkorc1,vkorc1_1173,vkorc1_1542,amiodarone,aspirin,simvastatin,azole,fluconazole,metronidazole,erythromycin,verapamil,ciprofloxacin,clopidogrel,ibuprofen,heparin,fluoxetine,paroxetin,duloxetine,enoxaparin,alteplase,abciximab,dipyridamole,rifampin,carbamazepine,phenytoin,st.johns_wort,fluvastatin,atorvastatin,lovastatin,rosuvastatin,ezetimibe,hypertension,diabetes,heart_failure,stroke,atrial_fibrillation,deep_vein_thrombosis,pulmonary_embolism,liver_disease,cirrhosis,hepatitis,chronic_kidney_disease,renal_failure,anemia,bleeding_disorder,cancer,malignancy,weight_amiodarone,cyp_amiodarone,vkorc1_missing,amiodarone_missing_vkorc1,weight_cyp,weight_squared,high_weight_flag,num_drugs,y_true,y_pred,abs_error
male,White,not Hispanic or Latino,187.96,111.1,7,0.0,0.0,0.0,0.0,0.0,0.0,0.0,0.0,0.0,0.0,0.0,0.0,0.0,0.0,0.0,0.0,0.0,0.0,AG,*1/*1,A/G,0,C/G,6.0,0,0,AG,GG,OTHER,0,0,0,0,0,0,0,0,0,0,0,0,0,0,0,0,0,0,0,0,0,0,0,0,0,0,0,0,0,0,0,0,0,0,0,0,0,0,0,0,0,0,1,0,0.0,0,0,0,0.0,12343.21,1,0.0,77.0,40.70427,36.29573059082031
male,White,not Hispanic or Latino,180.34,126.1,7,0.0,0.0,0.0,0.0,0.0,0.0,0.0,0.0,0.0,0.0,0.0,0.0,0.0,0.0,0.0,0.0,0.0,0.0,GG,*1/*1,G/G,C/C,G/G,6.0,0,0,GG,GG,GG,0,0,0,0,0,0,0,0,0,0,0,0,0,0,0,0,0,0,0,0,0,0,0,0,0,0,0,0,0,0,0,0,0,0,0,0,0,0,0,0,0,0,1,0,0.0,0,0,0,0.0,15901.21,1,0.0,42.0,66.38857,24.388572692871094
male,White,not Hispanic or Latino,180.34,120.2,7,0.0,0.0,0.0,0.0,0.0,0.0,0.0,0.0,0.0,0.0,0.0,0.0,0.0,0.0,0.0,0.0,0.0,1.0,GG,*1/*1,G/G,0,G/G,3.0,0,0,GG,GG,GG,0,0,0,0,0,0,0,0,0,0,0,0,0,0,0,0,0,0,0,0,0,0,0,0,0,0,0,0,0,0,0,0,0,0,0,0,0,0,0,0,0,0,1,0,0.0,0,0,0,0.0,14448.04,1,0.0,88.0,66.427025,21.572975158691406
female,White,not Hispanic or Latino,152.4,60.3,8,0.0,0.0,0.0,0.0,0.0,0.0,0.0,0.0,0.0,0.0,0.0,0.0,0.0,0.0,0.0,0.0,0.0,0.0,AG,*1/*1,A/G,0,C/G,7.0,0,0,AG,GG,OTHER,0,0,0,0,0,0,0,0,0,0,0,0,0,0,0,0,0,0,0,0,0,0,0,0,0,0,0,0,0,0,0,0,0,0,0,0,0,0,0,0,0,0,0,0,0.0,0,0,0,0.0,3636.0899999999997,0,0.0,39.0,24.7823,14.21769905090332
male,White,not Hispanic or Latino,182.88,99.8,3,0.0,0.0,0.0,0.0,0.0,0.0,0.0,0.0,0.0,0.0,0.0,0.0,0.0,0.0,0.0,0.0,0.0,0.0,GG,*1/*3,G/G,0,G/G,7.0,2,2,GG,GG,GG,0,0,0,0,0,0,0,0,0,0,0,0,0,0,0,0,0,0,0,0,0,0,0,0,0,0,0,0,0,0,0,0,0,0,0,0,0,0,0,0,0,0,0,0,0.0,0,0,0,199.6,9960.039999999999,1,0.0,17.0,36.209118,19.209117889404297
male,White,not Hispanic or Latino,162.56,88.5,3,0.0,0.0,0.0,0.0,0.0,0.0,0.0,0.0,0.0,0.0,0.0,0.0,0.0,0.0,0.0,0.0,0.0,0.0,GG,*1/*1,G/G,0,G/G,7.0,0,0,GG,GG,GG,0,0,0,0,0,0,0,0,0,0,0,0,0,0,0,0,0,0,0,0,0,0,0,0,0,0,0,0,0,0,0,0,0,0,0,0,0,0,0,0,0,0,0,0,0.0,0,0,0,0.0,7832.25,0,0.0,28.0,42.09652,14.096519470214844
male,White,not Hispanic or Latino,161.29,63.5,8,0.0,0.0,0.0,0.0,0.0,0.0,0.0,0.0,0.0,0.0,0.0,0.0,0.0,0.0,0.0,0.0,0.0,1.0,GG,*1/*2,G/G,0,G/G,6.0,1,1,GG,GG,GG,0,1,0,0,0,0,0,0,0,0,0,0,0,0,0,0,0,0,0,0,0,0,0,0,0,0,0,0,0,0,0,0,0,0,0,0,0,0,0,0,0,0,0,0,0.0,0,0,0,63.5,4032.25,0,0.0,25.0,38.50522,13.505218505859375
male,White,not Hispanic or Latino,190.5,99.8,3,0.0,0.0,0.0,0.0,0.0,0.0,0.0,0.0,0.0,0.0,0.0,0.0,0.0,0.0,0.0,0.0,0.0,1.0,GG,*1/*1,G/G,0,G/G,7.0,0,0,GG,GG,GG,0,0,0,0,0,0,0,0,0,0,0,0,0,0,0,0,0,0,0,0,0,0,0,0,0,0,0,0,0,0,0,0,0,0,0,0,0,0,0,0,0,0,0,0,0.0,0,0,0,0.0,9960.039999999999,1,0.0,70.0,50.63219,19.367809295654297
female,White,not Hispanic or Latino,152.4,44.0,8,0.0,0.0,0.0,0.0,0.0,0.0,0.0,0.0,0.0,0.0,0.0,0.0,0.0,0.0,0.0,0.0,0.0,0.0,GG,*1/*3,G/G,0,G/G,8.0,2,2,GG,GG,GG,0,1,0,0,0,0,0,0,0,0,0,0,0,0,0,0,0,0,0,0,0,0,0,0,0,0,0,0,0,0,0,0,0,0,0,0,0,0,0,0,0,0,0,0,0.0,0,0,0,88.0,1936.0,0,0.0,35.0,18.452892,16.547107696533203
male,White,not Hispanic or Latino,172.72,102.5,8,0.0,0.0,0.0,0.0,0.0,0.0,0.0,0.0,0.0,0.0,0.0,0.0,0.0,0.0,0.0,0.0,0.0,1.0,GG,*1/*1,G/G,0,G/G,4.0,0,0,GG,GG,GG,0,0,0,0,0,0,0,0,0,0,0,0,0,0,0,0,0,0,0,0,0,0,0,0,0,0,0,0,0,0,0,0,0,0,0,0,0,0,0,0,0,0,0,0,0.0,0,0,0,0.0,10506.25,1,0.0,84.0,57.317295,26.68270492553711
female,White,not Hispanic or Latino,171.45,59.0,3,0.0,0.0,0.0,0.0,0.0,0.0,0.0,0.0,0.0,0.0,0.0,0.0,0.0,0.0,0.0,0.0,0.0,0.0,AG,*1/*1,A/G,C/T,C/G,7.0,0,0,AG,AG,OTHER,0,0,0,0,0,0,0,0,0,0,0,0,0,0,0,0,0,0,0,0,0,0,0,0,0,0,0,0,0,0,0,0,0,0,0,0,0,0,0,0,0,0,0,0,0.0,0,0,0,0.0,3481.0,0,0.0,9.0,25.354248,16.354248046875
female,White,not Hispanic or Latino,160.02,86.6,8,0.0,0.0,0.0,0.0,0.0,0.0,0.0,0.0,0.0,0.0,0.0,0.0,0.0,0.0,0.0,0.0,0.0,0.0,AG,*1/*1,A/G,0,C/G,4.0,0,0,AG,GG,OTHER,0,0,0,0,0,0,0,0,0,0,0,0,0,0,0,0,0,0,0,0,0,0,0,0,0,0,0,0,0,0,0,0,0,0,0,0,0,0,0,0,0,0,1,0,0.0,0,0,0,0.0,7499.559999999999,0,0.0,64.0,40.09606,23.90393829345703
male,White,not Hispanic or Latino,170.18,118.4,3,0.0,0.0,0.0,0.0,0.0,0.0,0.0,0.0,0.0,0.0,0.0,0.0,0.0,0.0,0.0,0.0,0.0,0.0,AG,*1/*1,A/G,0,C/G,7.0,0,0,AG,GG,OTHER,0,0,0,0,0,0,0,0,0,0,0,0,0,0,0,0,0,0,0,0,0,0,0,0,0,0,0,0,0,0,0,0,0,0,0,0,0,0,0,0,0,0,1,0,0.0,0,0,0,0.0,14018.560000000001,1,0.0,20.0,37.385338,17.385337829589844
female,White,not Hispanic or Latino,167.64,77.1,8,0.0,0.0,0.0,0.0,0.0,0.0,0.0,0.0,0.0,0.0,0.0,0.0,0.0,0.0,0.0,0.0,0.0,1.0,GG,*1/*1,G/G,0,G/G,4.0,0,0,GG,GG,GG,0,0,0,0,0,0,0,0,0,0,0,0,0,0,0,0,0,0,0,0,0,0,0,0,0,0,0,0,0,0,0,0,0,0,0,0,0,0,0,0,0,0,0,0,0.0,0,0,0,0.0,5944.409999999999,0,0.0,90.0,54.799793,35.2002067565918
male,White,not Hispanic or Latino,182.88,77.1,8,0.0,0.0,0.0,0.0,0.0,0.0,0.0,0.0,0.0,0.0,0.0,0.0,0.0,0.0,0.0,0.0,0.0,1.0,AG,*1/*1,A/G,0,C/C,4.0,0,0,AG,GG,AA,0,0,0,0,0,0,0,0,0,0,0,0,0,0,0,0,0,0,0,0,0,0,0,0,0,0,0,0,0,0,0,0,0,0,0,0,0,0,0,0,0,0,0,0,0.0,0,0,0,0.0,5944.409999999999,0,0.0,70.0,42.69286,27.307140350341797
female,White,not Hispanic or Latino,163.83,100.7,8,0.0,0.0,0.0,0.0,0.0,0.0,0.0,0.0,0.0,0.0,0.0,0.0,0.0,0.0,0.0,0.0,0.0,0.0,GG,*1/*1,G/G,0,G/G,5.0,0,0,GG,GG,GG,0,0,0,0,0,0,0,0,0,0,0,0,0,0,0,0,0,0,0,0,0,0,0,0,0,0,0,0,0,0,0,0,0,0,0,0,0,0,0,0,0,0,0,0,0.0,0,0,0,0.0,10140.49,1,0.0,88.0,51.83952,36.16048049926758
female,Black or African American,not Hispanic or Latino,170.18,129.7,8,0.0,0.0,0.0,0.0,0.0,0.0,0.0,0.0,0.0,0.0,0.0,0.0,0.0,0.0,0.0,0.0,0.0,0.0,GG,*1/*1,G/G,0,C/G,5.0,0,0,GG,GG,OTHER,0,0,0,0,0,0,0,0,0,0,0,0,0,0,0,0,0,0,0,0,0,0,0,0,0,0,0,0,0,0,0,0,0,0,0,0,0,0,0,0,0,0,0,0,0.0,0,0,0,0.0,16822.089999999997,1,0.0,115.0,50.169773,64.83022689819336
female,White,not Hispanic or Latino,157.48,65.8,8,0.0,0.0,0.0,0.0,0.0,0.0,0.0,0.0,0.0,0.0,0.0,0.0,0.0,0.0,0.0,0.0,0.0,0.0,GG,*1/*1,G/G,0,G/G,7.0,0,0,GG,GG,GG,0,0,0,0,0,0,0,0,0,0,0,0,0,0,0,0,0,0,0,0,0,0,0,0,0,0,0,0,0,0,0,0,0,0,0,0,0,0,0,0,0,0,0,0,0.0,0,0,0,0.0,4329.639999999999,0,0.0,56.0,36.186653,19.81334686279297
male,White,not Hispanic or Latino,167.64,73.0,8,0.0,0.0,0.0,0.0,0.0,0.0,0.0,0.0,0.0,0.0,0.0,0.0,0.0,0.0,0.0,0.0,0.0,0.0,GG,*1/*1,G/G,0,0,3.0,0,0,GG,GG,GG,0,1,0,0,0,0,0,0,0,0,0,0,0,0,0,0,0,0,0,0,0,0,0,0,0,0,0,0,0,0,0,0,0,0,0,0,0,0,0,0,0,0,0,0,0.0,0,0,0,0.0,5329.0,0,0.0,98.0,47.77218,50.227821350097656
female,White,not Hispanic or Latino,0.0,78.7,8,0.0,0.0,0.0,0.0,0.0,0.0,0.0,0.0,0.0,0.0,0.0,0.0,0.0,0.0,0.0,0.0,0.0,0.0,AA,*1/*1,A/A,T/T,C/C,5.0,0,0,GG,AA,AA,0,0,0,1,0,0,0,0,0,0,0,0,0,0,0,0,0,0,0,0,0,0,0,0,0,0,0,0,1,1,0,0,0,0,0,0,0,0,0,0,0,0,0,0,0.0,0,0,0,0.0,6193.6900000000005,0,0.0,9.1,22.652344,13.55234375
female,White,not Hispanic or Latino,163.55,88.6,1,0.0,0.0,1.0,0.0,0.0,0.0,0.0,0.0,0.0,0.0,0.0,0.0,0.0,0.0,0.0,0.0,0.0,0.0,GG,*1/*2,0,0,C/G,2.0,1,1,GG,GG,OTHER,0,1,0,1,0,0,0,0,0,0,0,0,0,0,0,1,0,0,0,0,0,0,0,0,0,0,0,0,1,1,0,0,0,0,0,0,0,0,0,0,0,0,0,0,0.0,0,0,0,88.6,7849.959999999999,0,0.0,15.47,44.198982,28.728982238769532
female,White,not Hispanic or Latino,0.0,81.3,1,0.0,0.0,0.0,1.0,0.0,0.0,0.0,0.0,0.0,0.0,0.0,0.0,0.0,0.0,0.0,0.0,0.0,0.0,GG,*1/*1,0,0,G/G,5.0,0,0,GG,GG,GG,0,0,1,0,0,0,0,0,0,0,0,0,0,0,0,1,0,0,0,0,0,0,0,0,0,0,0,0,1,1,0,0,0,0,0,0,0,0,0,0,0,0,0,0,0.0,0,0,0,0.0,6609.69,0,2.0,67.41,52.318043,15.091957244873043
male,White,not Hispanic or Latino,0.0,0.0,1,0.0,0.0,0.0,1.0,0.0,0.0,0.0,0.0,0.0,0.0,0.0,0.0,0.0,0.0,0.0,0.0,0.0,0.0,GG,*1/*3,0,0,G/G,5.0,2,2,GG,GG,GG,0,1,1,1,0,0,0,0,0,0,0,1,0,0,0,1,0,0,0,0,1,0,0,0,0,0,0,0,1,1,0,0,0,0,0,0,0,0,0,0,0,0,0,0,0.0,0,0,0,0.0,0.0,0,2.0,70.0,26.728392,43.27160835266113
female,White,not Hispanic or Latino,0.0,0.0,2,0.0,0.0,0.0,0.0,0.0,0.0,0.0,0.0,0.0,0.0,0.0,0.0,0.0,0.0,0.0,0.0,1.0,0.0,GG,*1/*1,0,0,C/G,7.0,0,0,GG,GG,OTHER,0,1,0,1,1,0,0,0,0,0,0,0,0,0,0,0,0,0,0,0,0,0,0,0,0,0,0,0,0,0,0,0,0,0,0,0,0,0,0,0,0,0,0,0,0.0,0,0,0,0.0,0.0,0,0.0,6.3,30.37852,24.07851905822754
male,White,not Hispanic or Latino,186.18,131.0,3,0.0,0.0,0.0,1.0,1.0,0.0,0.0,0.0,0.0,0.0,0.0,0.0,0.0,0.0,0.0,0.0,0.0,0.0,GG,*1/*1,0,0,C/G,5.0,0,0,GG,GG,OTHER,0,1,1,1,0,0,0,0,0,0,0,1,0,0,0,1,0,0,0,0,0,0,0,0,1,0,0,0,1,1,0,0,0,0,0,0,0,0,0,0,0,0,0,0,0.0,0,0,0,0.0,17161.0,1,4.0,63.21,44.070866,19.139134368896485
female,White,not Hispanic or Latino,0.0,58.8,3,0.0,0.0,0.0,0.0,0.0,0.0,0.0,0.0,0.0,0.0,0.0,0.0,0.0,0.0,0.0,0.0,0.0,0.0,GG,*1/*3,0,0,G/G,6.0,2,2,GG,GG,GG,0,0,0,0,0,0,0,0,0,0,0,0,0,0,0,0,0,0,0,0,0,0,0,0,0,0,0,0,0,0,0,0,0,0,0,0,0,0,0,0,0,0,0,0,0.0,0,0,0,117.6,3457.4399999999996,0,0.0,38.85,21.758884,17.09111557006836
male,White,Hispanic or Latino,0.0,78.7,3,0.0,0.0,0.0,0.0,0.0,0.0,0.0,1.0,0.0,0.0,0.0,0.0,0.0,0.0,0.0,0.0,0.0,0.0,GG,*1/*1,0,0,C/C,7.0,0,0,GG,GG,AA,0,1,0,0,0,0,0,0,0,0,0,0,0,0,0,1,0,0,0,0,0,0,0,0,0,0,0,0,0,0,0,0,0,0,0,0,0,0,0,0,0,0,0,0,0.0,0,0,0,0.0,6193.6900000000005,0,1.0,47.18,26.8449,20.335099868774414
female,White,not Hispanic or Latino,0.0,0.0,3,0.0,0.0,0.0,0.0,0.0,0.0,0.0,0.0,0.0,0.0,0.0,0.0,0.0,0.0,0.0,0.0,0.0,0.0,GG,*1/*1,0,0,C/G,6.0,0,0,GG,GG,OTHER,0,0,0,1,0,0,0,0,0,0,0,0,0,0,0,1,0,0,0,0,0,0,0,0,0,0,0,0,1,1,0,0,0,0,0,0,0,0,0,0,0,0,0,0,0.0,0,0,0,0.0,0.0,0,0.0,45.01,31.820444,13.189555892944334
male,Black or African American,not Hispanic or Latino,0.0,0.0,3,0.0,0.0,0.0,0.0,0.0,0.0,0.0,0.0,0.0,0.0,0.0,0.0,0.0,0.0,0.0,0.0,0.0,0.0,GG,*1/*1,G/G,C/C,G/G,8.0,0,0,GG,GG,GG,0,0,0,0,0,0,0,0,0,0,0,0,0,0,0,1,0,0,0,0,0,0,0,0,0,0,0,0,1,1,0,0,0,0,0,0,0,0,0,0,0,0,0,0,0.0,0,0,0,0.0,0.0,0,0.0,52.5,35.43782,17.062179565429688
male,White,not Hispanic or Latino,170.15,92.5,3,0.0,0.0,0.0,0.0,0.0,0.0,0.0,0.0,0.0,0.0,0.0,0.0,0.0,0.0,0.0,0.0,0.0,0.0,GG,*1/*1,0,0,G/G,8.0,0,0,GG,GG,GG,0,0,0,1,0,0,0,0,0,0,0,0,0,0,0,0,0,0,0,0,0,0,0,0,0,0,0,0,1,1,0,0,0,0,0,0,0,0,0,0,0,0,0,0,0.0,0,0,0,0.0,8556.25,1,0.0,26.04,41.06962,15.029618225097657
female,White,not Hispanic or Latino,0.0,89.6,8,0.0,0.0,0.0,0.0,1.0,0.0,0.0,0.0,0.0,0.0,0.0,0.0,0.0,0.0,0.0,0.0,0.0,0.0,GG,*1/*2,0,0,C/G,7.0,1,1,GG,GG,OTHER,0,1,0,1,0,0,0,0,0,1,0,0,0,0,0,0,0,0,0,0,0,0,0,0,1,0,0,0,1,1,0,0,0,0,0,0,0,0,0,0,0,0,0,0,0.0,0,0,0,89.6,8028.159999999999,0,2.0,42.0,25.394678,16.605321884155273
male,Asian,not Hispanic or Latino,163.07,67.0,8,0.0,0.0,0.0,0.0,0.0,0.0,0.0,0.0,0.0,0.0,0.0,0.0,0.0,0.0,0.0,0.0,0.0,0.0,AA,*1/*1,A/A,T/T,C/C,7.0,0,0,AA,AA,AA,0,0,0,0,0,0,0,0,0,0,0,0,0,0,0,0,0,0,0,0,0,0,0,0,0,0,0,0,0,0,0,0,0,0,0,0,0,0,0,0,0,0,0,0,0.0,0,0,0,0.0,4489.0,0,0.0,35.0,16.986933,18.0130672454834
male,Asian,not Hispanic or Latino,170.94,0.0,8,0.0,0.0,0.0,0.0,0.0,0.0,0.0,0.0,0.0,0.0,0.0,0.0,0.0,0.0,0.0,0.0,0.0,0.0,AA,*1/*1,A/A,T/T,C/C,6.0,0,0,AA,AA,AA,0,0,0,0,0,0,0,0,0,0,0,0,0,0,0,0,0,0,0,0,0,0,0,0,0,0,0,0,0,0,0,0,0,0,0,0,0,0,0,0,0,0,0,0,0.0,0,0,0,0.0,0.0,0,0.0,35.0,17.307003,17.692996978759766
male,Asian,not Hispanic or Latino,168.91,52.5,3; 4,0.0,1.0,0.0,0.0,0.0,0.0,0.0,0.0,0.0,0.0,0.0,0.0,0.0,0.0,0.0,0.0,0.0,0.0,AA,*1/*1,A/A,T/T,C/C,6.0,0,0,AA,AA,AA,0,0,0,0,0,0,0,0,0,0,0,0,0,0,0,0,0,0,0,0,0,0,0,0,0,0,0,0,0,0,0,0,0,0,0,0,0,0,0,0,0,0,0,0,0.0,0,0,0,0.0,2756.25,0,0.0,45.5,20.226517,25.273483276367188
male,Asian,not Hispanic or Latino,164.08,56.0,4; 8,0.0,1.0,0.0,0.0,0.0,0.0,0.0,0.0,0.0,0.0,0.0,0.0,0.0,0.0,0.0,0.0,0.0,0.0,AA,*1/*1,A/A,T/T,C/C,5.0,0,0,AA,AA,AA,0,0,0,0,0,0,0,0,0,0,0,0,0,0,0,0,0,0,0,0,0,0,0,0,0,0,0,0,0,0,0,0,0,0,0,0,0,0,0,0,0,0,0,0,0.0,0,0,0,0.0,3136.0,0,0.0,42.0,21.976818,20.023181915283203
male,Asian,not Hispanic or Latino,150.88,57.0,7; 8,1.0,0.0,0.0,0.0,0.0,0.0,0.0,0.0,0.0,0.0,0.0,0.0,0.0,0.0,0.0,0.0,0.0,0.0,AG,*1/*1,A/G,C/T,C/G,7.0,0,0,AG,AG,OTHER,0,0,0,0,0,0,0,0,0,0,0,0,0,0,0,0,0,0,0,0,0,0,0,0,0,0,0,0,0,0,0,0,0,0,0,0,0,0,0,0,0,0,0,0,0.0,0,0,0,0.0,3249.0,0,0.0,10.5,23.506298,13.006298065185547
male,Asian,not Hispanic or Latino,163.07,56.0,4,0.0,1.0,0.0,0.0,0.0,0.0,0.0,0.0,0.0,0.0,0.0,0.0,0.0,0.0,0.0,0.0,0.0,0.0,AG,*1/*1,A/G,C/T,C/G,5.0,0,0,AG,AG,OTHER,0,0,0,0,0,0,0,0,0,0,0,0,0,0,0,0,0,0,0,0,0,0,0,0,0,0,0,0,0,0,0,0,0,0,0,0,0,0,0,0,0,0,0,0,0.0,0,0,0,0.0,3136.0,0,0.0,49.0,31.983185,17.016815185546875
male,Asian,not Hispanic or Latino,169.93,78.0,4,0.0,1.0,0.0,0.0,0.0,0.0,0.0,0.0,0.0,0.0,0.0,0.0,0.0,0.0,0.0,0.0,0.0,0.0,AA,*1/*1,A/A,T/T,C/C,7.0,0,0,AA,AA,AA,0,0,0,0,0,0,0,0,0,0,0,0,0,0,0,0,0,0,0,0,0,0,0,0,0,0,0,0,0,0,0,0,0,0,0,0,0,0,0,0,0,0,0,0,0.0,0,0,0,0.0,6084.0,0,0.0,35.0,20.35563,14.644369125366211
male,Asian,not Hispanic or Latino,169.93,65.0,7; 8,1.0,0.0,0.0,0.0,0.0,0.0,0.0,0.0,0.0,0.0,0.0,0.0,0.0,0.0,0.0,0.0,0.0,0.0,AA,*1/*1,A/A,T/T,C/C,3.0,0,0,AA,AA,AA,0,0,0,0,0,0,0,0,0,0,0,0,0,0,0,0,0,0,0,0,0,0,0,0,0,0,0,0,0,0,0,0,0,0,0,0,0,0,0,0,0,0,0,0,0.0,0,0,0,0.0,4225.0,0,0.0,35.0,20.288828,14.711172103881836
male,Asian,not Hispanic or Latino,170.94,71.0,3; 6,0.0,0.0,0.0,0.0,0.0,0.0,0.0,0.0,0.0,0.0,0.0,0.0,0.0,0.0,0.0,0.0,0.0,0.0,AG,*1/*1,A/G,C/T,C/G,6.0,0,0,AG,AG,OTHER,0,0,0,0,0,0,0,0,0,0,0,0,0,0,0,0,0,0,0,0,0,0,0,0,0,0,0,0,0,0,0,0,0,0,0,0,0,0,0,0,0,0,0,0,0.0,0,0,0,0.0,5041.0,0,0.0,10.5,30.351667,19.851667404174805
male,Asian,not Hispanic or Latino,180.09,73.0,3; 6,0.0,0.0,0.0,0.0,0.0,0.0,0.0,0.0,0.0,0.0,0.0,0.0,0.0,0.0,0.0,0.0,0.0,0.0,AA,*1/*1,A/A,T/T,C/C,6.0,0,0,AA,AA,AA,0,0,0,0,0,0,0,0,0,0,0,0,0,0,0,0,0,0,0,0,0,0,0,0,0,0,0,0,0,0,0,0,0,0,0,0,0,0,0,0,0,0,0,0,0.0,0,0,0,0.0,5329.0,0,0.0,7.0,21.840698,14.8406982421875
male,Asian,not Hispanic or Latino,165.1,70.0,6,0.0,0.0,0.0,0.0,0.0,0.0,0.0,0.0,0.0,0.0,0.0,0.0,0.0,0.0,0.0,0.0,0.0,0.0,AG,*1/*1,A/G,C/T,C/G,7.0,0,0,AG,AG,OTHER,0,0,0,0,0,0,0,0,0,0,0,0,0,0,0,0,0,0,0,0,0,0,0,0,0,0,0,0,0,0,0,0,0,0,0,0,0,0,0,0,0,0,0,0,0.0,0,0,0,0.0,4900.0,0,0.0,7.0,25.306204,18.306203842163086
female,Asian,not Hispanic or Latino,149.1,42.0,4; 8,1.0,1.0,0.0,0.0,0.0,0.0,0.0,0.0,0.0,0.0,0.0,0.0,0.0,0.0,0.0,0.0,0.0,0.0,AA,*1/*1,A/A,T/T,C/C,6.0,0,0,AA,AA,AA,0,0,0,0,0,0,0,0,0,0,0,0,0,0,0,0,0,0,0,0,0,0,0,0,0,0,0,0,0,0,0,0,0,0,0,0,0,0,0,0,0,0,0,0,0.0,0,0,0,0.0,1764.0,0,0.0,35.0,17.339605,17.6603946685791
male,Asian,not Hispanic or Latino,170.94,71.0,3; 8,0.0,0.0,0.0,0.0,0.0,0.0,0.0,0.0,0.0,0.0,0.0,0.0,0.0,0.0,0.0,0.0,0.0,0.0,AG,*1/*1,A/G,C/T,C/G,7.0,0,0,AG,AG,OTHER,0,0,0,0,0,0,0,0,0,0,0,0,0,0,0,0,0,0,0,0,0,0,0,0,0,0,0,0,0,0,0,0,0,0,0,0,0,0,0,0,0,0,0,0,0.0,0,0,0,0.0,5041.0,0,0.0,10.5,26.605824,16.105823516845703
male,Asian,not Hispanic or Latino,177.04,68.0,4,0.0,1.0,0.0,0.0,0.0,0.0,0.0,0.0,0.0,0.0,0.0,0.0,0.0,0.0,0.0,0.0,0.0,0.0,AA,*1/*1,A/A,T/T,C/C,4.0,0,0,AA,AA,AA,0,0,0,0,0,0,0,0,0,0,0,0,0,0,0,0,0,0,0,0,0,0,0,0,0,0,0,0,0,0,0,0,0,0,0,0,0,0,0,0,0,0,0,0,0.0,0,0,0,0.0,4624.0,0,0.0,42.0,23.772799,18.227201461791992
female,Asian,not Hispanic or Latino,0.0,56.5,4,0.0,1.0,0.0,0.0,0.0,0.0,0.0,0.0,0.0,0.0,0.0,0.0,0.0,0.0,0.0,0.0,0.0,0.0,AA,*1/*1,A/A,T/T,C/C,0.0,0,0,AA,AA,AA,0,0,0,0,0,0,0,0,0,0,0,0,0,0,0,0,0,0,0,0,0,0,0,0,0,0,0,0,0,0,0,0,0,0,0,0,0,0,0,0,0,0,0,0,0.0,0,0,0,0.0,3192.25,0,0.0,10.5,23.424547,12.92454719543457
male,Asian,not Hispanic or Latino,168.91,69.0,3,0.0,0.0,0.0,0.0,0.0,0.0,0.0,0.0,0.0,0.0,0.0,0.0,0.0,0.0,0.0,0.0,0.0,0.0,AG,*1/*1,A/G,C/T,C/G,5.0,0,0,AG,AG,OTHER,0,0,0,0,0,0,0,0,0,0,0,0,0,0,0,0,0,0,0,0,0,0,0,0,0,0,0,0,0,0,0,0,0,0,0,0,0,0,0,0,0,0,0,0,0.0,0,0,0,0.0,4761.0,0,0.0,7.0,30.615528,23.615528106689453
female,Asian,not Hispanic or Latino,165.1,56.0,7; 8,1.0,0.0,0.0,0.0,0.0,0.0,0.0,0.0,0.0,0.0,0.0,0.0,0.0,0.0,0.0,0.0,0.0,0.0,AA,*1/*1,A/A,T/T,C/C,2.0,0,0,AA,AA,AA,0,0,0,0,0,0,0,0,0,0,0,0,0,0,0,0,0,0,0,0,0,0,0,0,0,0,0,0,0,0,0,0,0,0,0,0,0,0,0,0,0,0,0,0,0.0,0,0,0,0.0,3136.0,0,0.0,7.0,20.294197,13.294197082519531
male,Asian,not Hispanic or Latino,163.32,76.0,3,0.0,0.0,0.0,0.0,0.0,0.0,0.0,0.0,0.0,0.0,0.0,0.0,0.0,0.0,0.0,0.0,0.0,0.0,AA,*1/*1,A/A,T/T,C/C,8.0,0,0,AA,AA,AA,0,0,0,0,0,0,0,0,0,0,0,0,0,0,0,0,0,0,0,0,0,0,0,0,0,0,0,0,0,0,0,0,0,0,0,0,0,0,0,0,0,0,0,0,0.0,0,0,0,0.0,5776.0,0,0.0,31.5,15.987575,15.512425422668457
female,Asian,not Hispanic or Latino,159.0,61.0,4,0.0,1.0,0.0,0.0,0.0,0.0,0.0,0.0,0.0,0.0,0.0,0.0,0.0,0.0,0.0,0.0,0.0,0.0,GG,*1/*1,G/G,C/C,G/G,6.0,0,0,GG,GG,GG,0,0,0,0,0,0,0,0,0,0,0,0,0,0,0,0,0,0,0,0,0,0,0,0,0,0,0,0,0,0,0,0,0,0,0,0,0,0,0,0,0,0,0,0,0.0,0,0,0,0.0,3721.0,0,0.0,70.0,38.57835,31.421649932861328
male,Asian,not Hispanic or Latino,174.5,73.0,4,0.0,1.0,0.0,0.0,0.0,0.0,0.0,0.0,0.0,0.0,0.0,0.0,0.0,0.0,0.0,0.0,0.0,0.0,AA,*1/*1,A/A,T/T,C/C,6.0,0,0,AA,AA,AA,0,0,0,0,0,0,0,0,0,0,0,0,0,0,0,0,0,0,0,0,0,0,0,0,0,0,0,0,0,0,0,0,0,0,0,0,0,0,0,0,0,0,0,0,0.0,0,0,0,0.0,5329.0,0,0.0,8.75,22.395758,13.645757675170898
female,Asian,not Hispanic or Latino,153.01,53.0,4,0.0,1.0,0.0,0.0,0.0,0.0,0.0,0.0,0.0,0.0,0.0,0.0,0.0,0.0,0.0,0.0,0.0,0.0,AA,*1/*1,A/A,T/T,C/C,5.0,0,0,AA,AA,AA,0,0,0,0,0,0,0,0,0,0,0,0,0,0,0,0,0,0,0,0,0,0,0,0,0,0,0,0,0,0,0,0,0,0,0,0,0,0,0,0,0,0,0,0,0.0,0,0,0,0.0,2809.0,0,0.0,35.0,20.96922,14.030780792236328
male,Asian,not Hispanic or Latino,169.01,80.0,4,0.0,1.0,0.0,0.0,0.0,0.0,0.0,0.0,0.0,0.0,0.0,0.0,0.0,0.0,0.0,0.0,0.0,0.0,GG,*1/*3,G/G,C/C,G/G,5.0,2,2,GG,GG,GG,0,0,0,0,0,0,0,0,0,0,0,0,0,0,0,0,0,0,0,0,0,0,0,0,0,0,0,0,0,0,0,0,0,0,0,0,0,0,0,0,0,0,0,0,0.0,0,0,0,160.0,6400.0,0,0.0,26.25,39.945816,13.695816040039062
female,Asian,not Hispanic or Latino,150.01,51.0,4,0.0,1.0,0.0,0.0,0.0,0.0,0.0,0.0,0.0,0.0,0.0,0.0,0.0,0.0,0.0,0.0,0.0,0.0,AA,0,A/A,T/T,C/C,6.0,0,0,AA,AA,AA,0,0,0,0,0,0,0,0,0,0,0,0,0,0,0,0,0,0,0,0,0,0,0,0,0,0,0,0,0,0,0,0,0,0,0,0,0,0,0,0,0,0,0,0,0.0,0,0,0,0.0,2601.0,0,0.0,35.0,17.637186,17.36281394958496
female,Black or African American,not Hispanic or Latino,0.0,100.0,2,0.0,0.0,0.0,0.0,0.0,0.0,0.0,0.0,0.0,0.0,0.0,0.0,0.0,0.0,0.0,0.0,0.0,0.0,GG,*1/*1,G/G,0,G/G,4.0,0,0,GG,GG,GG,0,0,0,1,0,0,0,0,0,0,0,0,0,0,0,0,0,0,0,0,0,0,0,0,0,0,0,0,0,0,0,0,0,0,0,0,0,0,0,0,0,0,0,0,0.0,0,0,0,0.0,10000.0,1,0.0,40.0,52.931286,12.931285858154297
male,White,not Hispanic or Latino,183.64,90.9,3; 6,1.0,0.0,0.0,0.0,0.0,0.0,0.0,0.0,0.0,0.0,0.0,0.0,0.0,0.0,0.0,0.0,0.0,1.0,AG,*1/*1,A/G,0,C/G,6.0,0,0,AG,GG,OTHER,0,0,0,0,0,0,0,0,0,0,0,0,0,0,0,0,0,0,0,0,0,0,0,0,0,0,0,0,0,0,0,1,0,0,0,0,0,0,0,0,0,0,1,0,0.0,0,0,0,0.0,8262.810000000001,1,0.0,52.5,37.479057,15.020942687988281
male,White,not Hispanic or Latino,178.56,101.8,8,1.0,0.0,0.0,0.0,1.0,0.0,0.0,0.0,0.0,0.0,0.0,0.0,0.0,0.0,0.0,0.0,0.0,0.0,GG,*1/*2,G/G,0,G/G,6.0,1,1,GG,GG,GG,0,1,0,0,0,0,0,0,0,0,0,0,0,0,0,0,0,0,0,0,0,0,0,0,1,0,0,0,1,0,0,0,0,0,0,0,0,0,0,0,0,0,1,0,0.0,0,0,0,101.8,10363.24,1,2.0,55.0,39.054066,15.945934295654297
male,White,not Hispanic or Latino,193.04,125.0,8,0.0,0.0,1.0,0.0,1.0,0.0,0.0,0.0,0.0,0.0,0.0,0.0,0.0,0.0,0.0,0.0,0.0,0.0,GG,*1/*1,G/G,C/C,G/G,5.0,0,0,GG,GG,GG,0,0,0,0,0,0,0,1,0,0,0,0,0,0,0,0,0,0,0,0,0,0,0,0,1,0,0,0,1,0,0,1,0,0,0,0,0,0,0,0,0,0,0,0,0.0,0,0,0,0.0,15625.0,1,2.0,52.5,66.55519,14.055191040039062
male,White,not Hispanic or Latino,181.36,103.0,1,0.0,0.0,0.0,1.0,0.0,0.0,0.0,0.0,0.0,0.0,0.0,0.0,0.0,0.0,0.0,0.0,0.0,0.0,GG,*1/*1,G/G,0,G/G,6.0,0,0,GG,GG,GG,0,1,1,0,0,0,0,0,0,0,0,0,0,0,0,0,0,0,0,0,0,0,0,0,0,0,0,0,1,1,0,0,0,0,0,0,0,0,0,0,0,0,0,0,0.0,0,0,0,0.0,10609.0,1,2.0,41.25,54.367992,13.117992401123047
male,White,not Hispanic or Latino,173.74,113.0,8,0.0,0.0,0.0,1.0,0.0,0.0,0.0,0.0,0.0,0.0,0.0,0.0,0.0,0.0,0.0,1.0,0.0,1.0,GG,*1/*1,G/G,0,G/G,5.0,0,0,GG,GG,GG,0,0,1,1,0,0,1,0,0,0,0,0,0,0,0,0,0,0,0,0,0,0,0,0,0,0,0,0,1,1,0,0,0,0,0,0,0,0,0,0,0,0,0,0,0.0,0,0,0,0.0,12769.0,1,2.0,85.0,57.368965,27.63103485107422
male,Black or African American,not Hispanic or Latino,176.02,108.0,6,1.0,0.0,1.0,0.0,1.0,0.0,0.0,0.0,0.0,0.0,0.0,0.0,0.0,0.0,0.0,0.0,0.0,1.0,GG,*1/*1,G/G,C/C,C/G,5.0,0,0,GG,GG,OTHER,0,1,0,1,0,0,0,0,0,0,0,0,0,0,0,0,0,0,0,0,0,0,0,0,1,0,0,0,1,1,0,1,0,0,0,0,0,0,0,0,0,0,0,0,0.0,0,0,0,0.0,11664.0,1,2.0,30.0,45.954075,15.95407485961914
male,White,not Hispanic or Latino,171.2,103.0,4,1.0,1.0,1.0,1.0,0.0,0.0,0.0,0.0,0.0,0.0,0.0,0.0,0.0,0.0,0.0,0.0,0.0,0.0,AG,*1/*1,A/G,0,C/G,7.0,0,0,AG,GG,OTHER,0,0,1,0,0,0,0,0,0,0,0,0,0,0,0,0,0,0,0,0,0,0,0,0,0,0,0,0,1,0,0,0,0,0,0,0,0,0,0,0,0,0,0,0,0.0,0,0,0,0.0,10609.0,1,2.0,48.75,35.16252,13.587478637695312
male,Black or African American,not Hispanic or Latino,171.2,86.8,3,0.0,0.0,0.0,0.0,0.0,0.0,0.0,0.0,0.0,0.0,0.0,0.0,0.0,0.0,0.0,0.0,0.0,0.0,GG,*1/*1,G/G,0,G/G,6.0,0,0,GG,GG,GG,0,1,0,1,0,0,0,0,0,0,0,0,0,0,0,0,0,0,0,0,0,0,0,0,0,0,0,0,0,0,0,0,0,0,0,0,0,0,0,0,0,0,1,0,0.0,0,0,0,0.0,7534.24,0,0.0,30.0,42.979744,12.979743957519531
male,Black or African American,not Hispanic or Latino,166.12,89.5,1,0.0,0.0,1.0,0.0,1.0,0.0,0.0,0.0,0.0,0.0,0.0,0.0,0.0,0.0,0.0,0.0,0.0,0.0,GG,*1/*2,G/G,0,C/G,6.0,1,1,GG,GG,OTHER,0,0,0,0,0,0,0,0,0,0,0,0,1,0,0,0,0,0,0,0,0,0,0,0,1,0,0,0,0,0,0,0,0,0,0,0,0,0,0,0,0,0,0,0,0.0,0,0,0,89.5,8010.25,0,2.0,50.0,31.839306,18.160694122314453
male,White,not Hispanic or Latino,186.18,125.1,1,0.0,0.0,1.0,0.0,0.0,0.0,0.0,0.0,0.0,0.0,0.0,0.0,0.0,0.0,0.0,0.0,0.0,1.0,GG,*1/*1,G/G,0,G/G,5.0,0,0,GG,GG,GG,0,0,0,0,0,0,0,1,0,0,0,0,0,0,0,0,0,0,0,0,0,0,0,0,0,0,0,0,1,0,0,0,0,0,0,0,0,0,0,0,0,0,1,0,0.0,0,0,0,0.0,15650.009999999998,1,0.0,85.0,67.378975,17.62102508544922
male,White,not Hispanic or Latino,186.18,110.5,3; 4,0.0,1.0,0.0,1.0,0.0,0.0,0.0,0.0,0.0,0.0,0.0,0.0,0.0,0.0,0.0,0.0,0.0,0.0,AG,*1/*1,A/G,0,C/G,5.0,0,0,AG,GG,OTHER,0,1,1,1,0,0,0,0,0,0,0,0,0,0,0,0,0,0,0,0,0,0,0,0,0,0,0,0,0,0,0,0,0,0,0,0,0,1,0,0,0,0,0,0,0.0,0,0,0,0.0,12210.25,1,2.0,25.0,44.262955,19.262954711914062
male,White,not Hispanic or Latino,182.88,61.0,1,0.0,0.0,0.0,1.0,0.0,0.0,0.0,0.0,0.0,0.0,0.0,0.0,1.0,0.0,0.0,0.0,0.0,1.0,GG,*1/*1,G/G,0,G/G,6.0,0,0,GG,GG,GG,0,1,1,0,0,0,0,0,0,0,0,0,0,0,0,0,0,0,0,0,0,1,0,0,0,0,0,0,1,0,0,0,0,0,0,0,0,0,0,0,0,0,0,0,0.0,0,0,0,0.0,3721.0,0,2.0,82.5,43.307335,39.192665100097656
male,White,not Hispanic or Latino,171.2,77.5,1; 2,0.0,0.0,0.0,0.0,0.0,0.0,0.0,0.0,0.0,0.0,0.0,0.0,0.0,0.0,0.0,0.0,0.0,0.0,GG,*1/*1,G/G,0,G/G,8.0,0,0,GG,GG,GG,0,0,0,0,0,0,0,0,0,0,0,0,0,0,0,0,0,0,0,0,0,0,0,0,0,0,0,0,1,1,0,0,0,0,0,0,0,0,0,0,0,0,0,0,0.0,0,0,0,0.0,6006.25,0,0.0,65.0,43.226303,21.773696899414062
male,White,not Hispanic or Latino,173.99,76.7,0,0.0,0.0,0.0,0.0,0.0,0.0,0.0,0.0,0.0,0.0,0.0,0.0,0.0,0.0,0.0,0.0,0.0,0.0,AG,*1/*2,A/G,0,0,7.0,1,1,AG,GG,GG,0,0,0,0,0,0,0,0,0,0,0,0,0,0,0,0,0,0,0,0,0,0,0,0,0,0,0,0,0,0,0,0,0,0,0,0,0,0,0,0,0,0,0,0,0.0,0,0,0,76.7,5882.89,0,0.0,59.5,26.092949,33.40705108642578
male,White,not Hispanic or Latino,176.02,71.6,0,0.0,0.0,0.0,0.0,0.0,0.0,0.0,0.0,0.0,0.0,0.0,0.0,0.0,0.0,0.0,0.0,0.0,0.0,GG,*1/*1,G/G,0,0,7.0,0,0,GG,GG,GG,0,0,0,0,0,0,0,0,0,0,0,0,0,0,0,0,0,0,0,0,0,0,0,0,0,0,0,0,0,0,0,0,0,0,0,0,0,0,0,0,0,0,0,0,0.0,0,0,0,0.0,5126.5599999999995,0,0.0,17.5,36.773357,19.273357391357422
female,White,not Hispanic or Latino,155.96,87.5,0,0.0,0.0,0.0,0.0,0.0,0.0,0.0,0.0,0.0,0.0,0.0,0.0,0.0,0.0,0.0,0.0,0.0,0.0,AG,*1/*1,A/G,C/T,C/G,6.0,0,0,AG,AG,OTHER,0,0,0,0,0,0,0,0,0,0,0,0,0,0,0,0,0,0,0,0,0,0,0,0,0,0,0,0,0,0,0,0,0,0,0,0,0,0,0,0,0,0,0,0,0.0,0,0,0,0.0,7656.25,0,0.0,51.1,32.542038,18.557962036132814
female,White,not Hispanic or Latino,159.0,66.2,0,0.0,0.0,0.0,0.0,0.0,0.0,0.0,0.0,0.0,0.0,0.0,0.0,0.0,0.0,0.0,0.0,0.0,0.0,AG,*1/*1,A/G,0,0,6.0,0,0,AG,GG,GG,0,0,0,0,0,0,0,0,0,0,0,0,0,0,0,0,0,0,0,0,0,0,0,0,0,0,0,0,0,0,0,0,0,0,0,0,0,0,0,0,0,0,0,0,0.0,0,0,0,0.0,4382.4400000000005,0,0.0,49.0,28.971506,20.028493881225586
female,White,not Hispanic or Latino,164.08,69.6,0,0.0,0.0,0.0,0.0,0.0,0.0,0.0,0.0,0.0,0.0,0.0,0.0,0.0,0.0,0.0,0.0,0.0,0.0,GG,*1/*1,G/G,0,0,7.0,0,0,GG,GG,GG,0,0,0,0,0,0,0,0,0,0,0,0,0,0,0,0,0,0,0,0,0,0,0,0,0,0,0,0,0,0,0,0,0,0,0,0,0,0,0,0,0,0,0,0,0.0,0,0,0,0.0,4844.159999999999,0,0.0,14.0,33.76257,19.762569427490234
male,White,not Hispanic or Latino,175.01,98.0,0,0.0,0.0,0.0,0.0,0.0,0.0,0.0,0.0,0.0,0.0,0.0,0.0,0.0,0.0,0.0,0.0,0.0,0.0,GG,*1/*1,G/G,0,0,7.0,0,0,GG,GG,GG,0,0,0,0,0,0,0,0,0,0,0,0,0,0,0,0,0,0,0,0,0,0,0,0,0,0,0,0,0,0,0,0,0,0,0,0,0,0,0,0,0,0,0,0,0.0,0,0,0,0.0,9604.0,1,0.0,26.6,40.24542,13.645418548583983
male,White,not Hispanic or Latino,170.94,82.0,0,0.0,0.0,0.0,0.0,0.0,0.0,0.0,0.0,0.0,0.0,0.0,0.0,0.0,0.0,0.0,0.0,0.0,0.0,GG,*1/*1,G/G,0,0,7.0,0,0,GG,GG,GG,0,0,0,0,0,0,0,0,0,0,0,0,0,0,0,0,0,0,0,0,0,0,0,0,0,0,0,0,0,0,0,0,0,0,0,0,0,0,0,0,0,0,0,0,0.0,0,0,0,0.0,6724.0,0,0.0,54.25,36.547295,17.70270538330078
female,White,not Hispanic or Latino,150.88,82.0,0,0.0,0.0,0.0,0.0,0.0,0.0,0.0,0.0,0.0,0.0,0.0,0.0,0.0,0.0,0.0,0.0,0.0,0.0,AA,*1/*1,A/A,0,0,3.0,0,0,AA,GG,GG,0,0,0,0,0,0,0,0,0,0,0,0,0,0,0,0,0,0,0,0,0,0,0,0,0,0,0,0,0,0,0,0,0,0,0,0,0,0,0,0,0,0,0,0,0.0,0,0,0,0.0,6724.0,0,0.0,14.0,30.368183,16.368183135986328
female,White,not Hispanic or Latino,154.94,78.0,0,0.0,0.0,0.0,0.0,0.0,0.0,0.0,0.0,0.0,0.0,0.0,0.0,0.0,0.0,0.0,0.0,0.0,0.0,AG,*1/*1,A/G,0,0,8.0,0,0,AG,GG,GG,0,0,0,0,0,0,0,0,0,0,0,0,0,0,0,0,0,0,0,0,0,0,0,0,0,0,0,0,0,0,0,0,0,0,0,0,0,0,0,0,0,0,0,0,0.0,0,0,0,0.0,6084.0,0,0.0,14.0,26.926243,12.92624282836914
male,White,not Hispanic or Latino,175.01,79.8,0,0.0,0.0,0.0,0.0,0.0,0.0,0.0,0.0,0.0,0.0,0.0,0.0,0.0,0.0,0.0,0.0,0.0,0.0,AG,*1/*1,A/G,0,0,7.0,0,0,AG,GG,GG,0,0,0,0,0,0,0,0,0,0,0,0,0,0,0,0,0,0,0,0,0,0,0,0,0,0,0,0,0,0,0,0,0,0,0,0,0,0,0,0,0,0,0,0,0.0,0,0,0,0.0,6368.04,0,0.0,46.97,30.44622,16.52377960205078
female,White,not Hispanic or Latino,160.02,68.9,0,0.0,0.0,0.0,0.0,0.0,0.0,0.0,0.0,0.0,0.0,0.0,0.0,0.0,0.0,0.0,0.0,0.0,0.0,AG,*1/*2,A/G,0,0,6.0,1,1,AG,GG,GG,0,0,0,0,0,0,0,0,0,0,0,0,0,0,0,0,0,0,0,0,0,0,0,0,0,0,0,0,0,0,0,0,0,0,0,0,0,0,0,0,0,0,0,0,0.0,0,0,0,68.9,4747.210000000001,0,0.0,10.5,27.110498,16.610498428344727
male,White,not Hispanic or Latino,161.04,0.0,0,0.0,0.0,0.0,0.0,0.0,0.0,0.0,0.0,0.0,0.0,0.0,0.0,0.0,0.0,0.0,0.0,0.0,0.0,AA,*1/*1,A/A,0,0,5.0,0,0,AA,GG,GG,0,0,0,0,0,0,0,0,0,0,0,0,0,0,0,0,0,0,0,0,0,0,0,0,0,0,0,0,0,0,0,0,0,0,0,0,0,0,0,0,0,0,0,0,0.0,0,0,0,0.0,0.0,0,0.0,10.5,26.291492,15.791492462158203
male,White,not Hispanic or Latino,180.09,114.3,0,0.0,0.0,0.0,0.0,0.0,0.0,0.0,0.0,0.0,0.0,0.0,0.0,0.0,0.0,0.0,0.0,0.0,0.0,AG,*1/*1,A/G,0,0,5.0,0,0,AG,GG,GG,0,0,0,0,0,0,0,0,0,0,0,0,0,0,0,0,0,0,0,0,0,0,0,0,0,0,0,0,0,0,0,0,0,0,0,0,0,0,0,0,0,0,0,0,0.0,0,0,0,0.0,13064.49,1,0.0,29.75,44.01201,14.262008666992188
male,White,not Hispanic or Latino,161.04,54.0,0,0.0,0.0,0.0,0.0,0.0,0.0,0.0,0.0,0.0,0.0,0.0,0.0,0.0,0.0,0.0,0.0,0.0,0.0,AG,*1/*1,A/G,C/T,C/G,6.0,0,0,AG,AG,OTHER,0,0,0,0,0,0,0,0,0,0,0,0,0,0,0,0,0,0,0,0,0,0,0,0,0,0,0,0,0,0,0,0,0,0,0,0,0,0,0,0,0,0,0,0,0.0,0,0,0,0.0,2916.0,0,0.0,14.0,28.056852,14.056852340698242
male,White,not Hispanic or Latino,165.1,55.0,0,0.0,0.0,0.0,0.0,0.0,0.0,0.0,0.0,0.0,0.0,0.0,0.0,0.0,0.0,0.0,0.0,0.0,0.0,AA,*1/*2,A/A,0,0,6.0,1,1,AA,GG,GG,0,0,0,0,0,0,0,0,0,0,0,0,0,0,0,0,0,0,0,0,0,0,0,0,0,0,0,0,0,0,0,0,0,0,0,0,0,0,0,0,0,0,0,0,0.0,0,0,0,55.0,3025.0,0,0.0,7.0,20.039593,13.039592742919922
male,White,not Hispanic or Latino,177.8,84.4,4,0.0,1.0,0.0,0.0,0.0,0.0,0.0,0.0,0.0,0.0,0.0,0.0,0.0,0.0,0.0,0.0,0.0,0.0,GG,*1/*1,0,0,G/G,6.0,0,0,GG,GG,GG,0,0,0,0,0,0,0,0,0,0,0,0,0,0,0,0,0,0,0,0,0,0,0,1,0,0,0,0,0,0,0,0,0,0,0,0,0,0,0,0,0,0,0,0,0.0,0,0,0,0.0,7123.360000000001,0,1.0,32.5,56.897667,24.397666931152344
male,White,Unknown,173.99,73.3,3,0.0,0.0,0.0,0.0,0.0,0.0,0.0,0.0,0.0,0.0,0.0,0.0,0.0,0.0,0.0,0.0,0.0,0.0,GG,*1/*1,0,0,C/G,8.0,0,0,GG,GG,OTHER,0,1,0,1,0,0,0,0,0,0,0,0,0,0,0,0,0,0,0,0,0,0,0,0,0,0,0,0,0,0,0,0,0,0,0,0,0,0,0,0,0,0,0,0,0.0,0,0,0,0.0,5372.889999999999,0,0.0,14.0,27.24953,13.249530792236328
male,White,not Hispanic or Latino,176.53,84.8,4,0.0,1.0,0.0,0.0,0.0,0.0,0.0,0.0,0.0,0.0,0.0,1.0,0.0,0.0,0.0,0.0,0.0,0.0,GG,*1/*2,0,0,G/G,7.0,1,1,GG,GG,GG,0,0,0,0,0,0,0,0,0,0,0,0,0,0,0,0,0,0,0,0,1,0,0,0,0,0,0,0,0,0,0,0,0,0,0,0,0,0,0,0,0,0,0,0,0.0,0,0,0,84.8,7191.04,0,0.0,42.5,59.701252,17.201251983642578
female,White,Unknown,158.75,87.5,2,0.0,0.0,0.0,0.0,0.0,0.0,0.0,0.0,0.0,0.0,0.0,0.0,0.0,0.0,0.0,0.0,0.0,0.0,GG,*1/*2,0,0,C/G,6.0,1,1,GG,GG,OTHER,0,0,0,0,0,0,0,0,0,0,0,0,0,0,0,0,0,0,0,0,0,0,0,0,0,0,0,0,0,1,0,0,0,0,0,0,0,0,0,0,0,0,0,0,0.0,0,0,0,87.5,7656.25,0,0.0,45.0,28.49583,16.504169464111328
male,White,Unknown,167.64,70.3,8,0.0,0.0,0.0,0.0,0.0,0.0,0.0,0.0,0.0,0.0,0.0,0.0,0.0,0.0,0.0,0.0,0.0,0.0,GG,*1/*1,0,0,C/G,4.0,0,0,GG,GG,OTHER,0,0,0,0,0,0,0,0,0,0,0,0,0,0,0,0,0,0,0,0,0,0,0,0,1,0,0,0,0,0,0,0,0,0,0,0,0,0,0,0,0,0,0,0,0.0,0,0,0,0.0,4942.089999999999,0,1.0,20.0,39.962345,19.962345123291016
male,White,Unknown,171.45,85.0,4,0.0,1.0,0.0,0.0,0.0,0.0,0.0,0.0,0.0,0.0,0.0,0.0,0.0,0.0,0.0,0.0,0.0,0.0,GG,*1/*1,G/G,C/C,G/G,6.0,0,0,GG,GG,GG,0,0,0,1,0,0,0,0,0,0,0,0,0,0,0,0,0,0,0,0,0,0,0,0,0,0,0,0,0,0,0,0,0,0,0,0,0,0,0,0,0,0,0,0,0.0,0,0,0,0.0,7225.0,0,0.0,65.0,49.901905,15.098094940185547
male,White,not Hispanic or Latino,170.18,77.1,2,0.0,0.0,0.0,0.0,0.0,0.0,0.0,0.0,0.0,0.0,0.0,0.0,0.0,0.0,0.0,0.0,0.0,0.0,GG,*1/*1,G/G,C/C,G/G,7.0,0,0,GG,GG,GG,0,0,0,0,0,0,0,0,0,0,0,0,0,0,0,0,0,0,0,0,0,0,0,0,0,0,0,0,0,0,0,0,0,0,0,0,0,0,0,0,0,0,0,0,0.0,0,0,0,0.0,5944.409999999999,0,0.0,55.0,41.570053,13.429946899414062
male,White,Unknown,177.8,135.2,3,0.0,0.0,0.0,0.0,0.0,0.0,0.0,0.0,0.0,0.0,0.0,0.0,0.0,0.0,0.0,0.0,0.0,0.0,GG,*1/*1,0,0,C/G,7.0,0,0,GG,GG,OTHER,0,0,0,0,0,0,0,0,0,0,0,0,0,0,0,0,0,0,0,0,0,0,0,0,0,0,0,0,0,0,0,0,0,0,0,0,0,0,0,0,0,0,0,0,0.0,0,0,0,0.0,18279.039999999997,1,0.0,22.5,43.679337,21.179336547851562
male,White,not Hispanic or Latino,177.8,83.9,3,0.0,0.0,0.0,0.0,0.0,0.0,0.0,0.0,0.0,0.0,0.0,0.0,0.0,0.0,0.0,0.0,0.0,0.0,AG,*1/*2,A/G,C/T,C/G,5.0,1,1,GG,AG,OTHER,0,0,0,0,0,0,0,0,0,0,0,0,0,0,0,0,0,0,0,0,0,0,0,0,0,0,0,0,0,0,0,0,0,0,0,0,0,0,0,0,0,0,0,0,0.0,0,0,0,83.9,7039.210000000001,0,0.0,22.5,36.4867,13.986698150634766
male,White,Unknown,175.26,101.2,3,0.0,0.0,0.0,0.0,0.0,0.0,0.0,0.0,0.0,0.0,0.0,0.0,0.0,0.0,0.0,0.0,0.0,0.0,GG,*1/*1,0,0,G/G,6.0,0,0,GG,GG,GG,0,0,0,0,0,0,0,0,0,0,0,0,0,0,0,0,0,0,0,0,0,0,0,0,0,0,0,0,0,0,0,0,0,0,0,0,0,0,0,0,0,0,0,0,0.0,0,0,0,0.0,10241.44,1,0.0,27.5,44.62186,17.12186050415039
male,White,Unknown,182.88,88.5,4,0.0,1.0,0.0,0.0,0.0,0.0,0.0,0.0,0.0,0.0,0.0,0.0,0.0,0.0,0.0,0.0,0.0,0.0,GG,*1/*1,0,0,C/C,7.0,0,0,GG,GG,AA,0,0,0,0,0,0,0,0,0,0,0,0,0,0,0,0,0,0,0,0,0,0,0,1,0,0,0,0,0,0,0,0,0,0,0,0,0,0,0,0,0,0,0,0,0.0,0,0,0,0.0,7832.25,0,1.0,20.0,34.670925,14.67092514038086
male,White,Unknown,179.83,92.5,3,0.0,0.0,0.0,0.0,0.0,0.0,0.0,0.0,0.0,0.0,0.0,0.0,0.0,0.0,0.0,0.0,0.0,0.0,GG,*1/*1,0,0,C/G,5.0,0,0,GG,GG,OTHER,0,0,0,0,0,0,0,0,0,0,0,0,0,0,0,0,0,0,0,0,0,0,0,0,0,0,0,0,0,0,0,0,0,0,0,0,0,0,0,0,0,0,0,0,0.0,0,0,0,0.0,8556.25,1,0.0,65.0,40.746407,24.25359344482422
female,Unknown,Unknown,157.48,62.1,3,0.0,0.0,0.0,0.0,0.0,0.0,0.0,0.0,0.0,0.0,0.0,0.0,0.0,0.0,0.0,0.0,0.0,0.0,GG,*1/*2,0,0,G/G,7.0,1,1,GG,GG,GG,0,1,0,0,0,0,0,0,0,0,0,0,0,0,0,0,0,0,0,0,0,0,0,0,0,0,0,0,0,0,0,0,0,0,0,0,0,0,0,0,0,0,0,0,0.0,0,0,0,62.1,3856.4100000000003,0,0.0,43.0,22.924677,20.0753231048584
female,Asian,not Hispanic or Latino,158.0,48.0,4,0.0,1.0,0.0,0.0,0.0,0.0,0.0,0.0,0.0,0.0,0.0,0.0,0.0,0.0,0.0,0.0,0.0,0.0,AA,*1/*1,A/A,T/T,0,5.0,0,0,AA,AA,GG,0,0,0,0,0,0,0,0,0,0,0,0,0,0,0,0,0,0,0,0,0,0,0,0,0,0,0,0,0,0,0,0,0,0,0,0,0,0,0,0,0,0,0,0,0.0,0,0,0,0.0,2304.0,0,0.0,38.5,25.010489,13.489511489868164
female,Asian,not Hispanic or Latino,159.0,49.0,4,0.0,1.0,0.0,0.0,0.0,0.0,0.0,0.0,0.0,0.0,0.0,0.0,0.0,1.0,0.0,0.0,0.0,0.0,AA,*1/*1,A/A,T/T,0,6.0,0,0,AA,AA,GG,0,0,0,0,0,0,0,0,0,0,0,0,0,0,0,0,0,0,0,1,0,0,0,0,0,0,0,0,0,0,0,0,0,0,0,0,0,0,0,0,0,0,0,0,0.0,0,0,0,0.0,2401.0,0,0.0,24.5,72.59234,48.09233856201172
female,Asian,not Hispanic or Latino,164.0,62.0,4,0.0,1.0,0.0,0.0,0.0,0.0,0.0,0.0,0.0,0.0,0.0,0.0,0.0,0.0,0.0,0.0,0.0,0.0,AG,*1/*1,A/G,C/T,0,4.0,0,0,AG,AG,GG,0,0,0,0,0,0,0,0,0,0,0,0,0,0,0,0,0,0,0,0,0,0,0,0,0,0,0,0,0,0,0,0,0,0,0,0,0,0,0,0,0,0,0,0,0.0,0,0,0,0.0,3844.0,0,0.0,56.0,36.719875,19.28012466430664
female,Asian,not Hispanic or Latino,156.0,47.0,4,0.0,1.0,0.0,0.0,0.0,0.0,0.0,0.0,0.0,0.0,0.0,0.0,0.0,0.0,0.0,0.0,0.0,0.0,AG,*1/*1,A/G,C/T,0,4.0,0,0,AG,AG,GG,0,0,0,0,0,0,0,0,0,0,0,0,0,0,0,0,0,0,0,0,0,0,0,0,0,0,0,0,0,0,0,0,0,0,0,0,0,0,0,0,0,0,0,0,0.0,0,0,0,0.0,2209.0,0,0.0,49.0,35.36838,13.63161849975586
female,Asian,not Hispanic or Latino,164.0,74.0,4,1.0,1.0,0.0,0.0,0.0,0.0,0.0,0.0,0.0,0.0,0.0,0.0,0.0,0.0,0.0,0.0,0.0,0.0,AA,*1/*1,A/A,T/T,0,5.0,0,0,AA,AA,GG,0,0,0,0,0,0,0,0,0,0,0,0,0,0,0,0,0,0,0,0,0,0,0,0,0,0,0,0,0,0,0,0,0,0,0,0,0,0,0,0,0,0,0,0,0.0,0,0,0,0.0,5476.0,0,0.0,45.5,25.079803,20.420196533203125
male,Unknown,Unknown,0.0,65.0,0,0.0,0.0,0.0,0.0,0.0,0.0,0.0,0.0,0.0,0.0,0.0,0.0,0.0,0.0,0.0,0.0,0.0,0.0,GG,*1/*1,0,C/C,0,6.0,0,0,GG,GG,GG,0,0,0,0,0,0,0,0,0,0,0,0,0,0,0,0,0,0,0,0,0,0,0,0,0,0,0,0,0,0,0,0,0,0,0,0,0,0,0,0,0,0,0,0,0.0,0,0,0,0.0,4225.0,0,0.0,52.5,35.05442,17.445579528808594
female,Unknown,Unknown,0.0,118.0,0,0.0,0.0,0.0,0.0,0.0,0.0,0.0,0.0,0.0,0.0,0.0,0.0,0.0,0.0,0.0,0.0,0.0,0.0,GG,*1/*1,0,C/T,0,6.0,0,0,GG,AG,GG,0,0,0,0,0,0,0,0,0,0,0,0,0,0,0,0,0,0,0,0,0,0,0,0,0,0,0,0,0,0,0,0,0,0,0,0,0,0,0,0,0,0,0,0,0.0,0,0,0,0.0,13924.0,1,0.0,55.0,37.604965,17.395034790039062
male,Unknown,Unknown,0.0,120.5,0,0.0,0.0,0.0,0.0,0.0,0.0,0.0,0.0,0.0,0.0,0.0,0.0,0.0,0.0,0.0,0.0,0.0,0.0,GG,*1/*1,0,C/T,0,5.0,0,0,GG,AG,GG,0,0,0,0,0,0,0,0,0,0,0,0,0,0,0,0,0,0,0,0,0,0,0,0,0,0,0,0,0,0,0,0,0,0,0,0,0,0,0,0,0,0,0,0,0.0,0,0,0,0.0,14520.25,1,0.0,70.0,39.520973,30.479026794433594
male,Unknown,Unknown,0.0,107.0,0,0.0,0.0,0.0,0.0,0.0,0.0,0.0,0.0,0.0,0.0,0.0,0.0,0.0,0.0,0.0,0.0,0.0,0.0,GG,*1/*1,0,C/C,0,7.0,0,0,GG,GG,GG,0,0,0,0,0,0,0,0,0,0,0,0,0,0,0,0,0,0,0,0,0,0,0,0,0,0,0,0,0,0,0,0,0,0,0,0,0,0,0,0,0,0,0,0,0.0,0,0,0,0.0,11449.0,1,0.0,70.0,40.05461,29.945388793945312
female,Unknown,Unknown,0.0,66.4,0,0.0,0.0,0.0,0.0,0.0,0.0,0.0,0.0,0.0,0.0,0.0,0.0,0.0,0.0,0.0,0.0,0.0,0.0,GG,*1/*1,0,C/C,0,6.0,0,0,GG,GG,GG,0,0,0,0,0,0,0,0,0,0,0,0,0,0,0,0,0,0,0,0,0,0,0,0,0,0,0,0,0,0,0,0,0,0,0,0,0,0,0,0,0,0,0,0,0.0,0,0,0,0.0,4408.960000000001,0,0.0,17.5,35.05442,17.554420471191406
female,Unknown,Unknown,0.0,150.9,0,0.0,0.0,0.0,0.0,0.0,0.0,0.0,0.0,0.0,0.0,0.0,0.0,0.0,0.0,0.0,0.0,0.0,0.0,GG,*1/*2,0,C/T,0,5.0,1,1,GG,AG,GG,0,0,0,0,0,0,0,0,0,0,0,0,0,0,0,0,0,0,0,0,0,0,0,0,0,0,0,0,0,0,0,0,0,0,0,0,0,0,0,0,0,0,0,0,0.0,0,0,0,150.9,22770.81,1,0.0,22.5,38.569782,16.069782257080078
male,Unknown,Unknown,0.0,85.0,0,0.0,0.0,0.0,0.0,0.0,0.0,0.0,0.0,0.0,0.0,0.0,0.0,0.0,0.0,0.0,0.0,0.0,0.0,GG,*1/*1,0,T/T,0,5.0,0,0,GG,AA,GG,0,0,0,0,0,0,0,0,0,0,0,0,0,0,0,0,0,0,0,0,0,0,0,0,0,0,0,0,0,0,0,0,0,0,0,0,0,0,0,0,0,0,0,0,0.0,0,0,0,0.0,7225.0,0,0.0,17.5,31.1612,13.661199569702148
male,Unknown,Unknown,0.0,97.3,0,0.0,0.0,0.0,0.0,0.0,0.0,0.0,0.0,0.0,0.0,0.0,0.0,0.0,0.0,0.0,0.0,0.0,0.0,GG,*1/*1,0,C/C,0,7.0,0,0,GG,GG,GG,0,0,0,0,0,0,0,0,0,0,0,0,0,0,0,0,0,0,0,0,0,0,0,0,0,0,0,0,0,0,0,0,0,0,0,0,0,0,0,0,0,0,0,0,0.0,0,0,0,0.0,9467.289999999999,1,0.0,70.0,39.46409,30.535911560058594
female,Unknown,Unknown,0.0,71.0,0,0.0,0.0,0.0,0.0,0.0,0.0,0.0,0.0,0.0,0.0,0.0,0.0,0.0,0.0,0.0,0.0,0.0,0.0,GG,*1/*1,0,C/C,0,6.0,0,0,GG,GG,GG,0,0,0,0,0,0,0,0,0,0,0,0,0,0,0,0,0,0,0,0,0,0,0,0,0,0,0,0,0,0,0,0,0,0,0,0,0,0,0,0,0,0,0,0,0.0,0,0,0,0.0,5041.0,0,0.0,15.0,37.015656,22.015655517578125
male,White,not Hispanic or Latino,0.0,88.0,3,1.0,0.0,0.0,0.0,0.0,0.0,0.0,0.0,0.0,0.0,0.0,0.0,0.0,0.0,0.0,0.0,0.0,0.0,AG,*1/*1,A/G,C/T,0,5.0,0,0,AG,AG,GG,0,0,0,0,0,0,0,0,0,0,0,0,0,0,0,0,0,0,0,0,0,0,0,0,0,0,0,0,1,1,0,0,0,0,0,0,0,0,0,0,0,0,0,1,0.0,0,0,0,0.0,7744.0,0,0.0,65.03,38.132584,26.89741638183594
male,White,not Hispanic or Latino,0.0,177.0,5,1.0,0.0,1.0,0.0,0.0,0.0,0.0,0.0,0.0,0.0,0.0,0.0,0.0,0.0,0.0,0.0,0.0,0.0,AG,*1/*1,A/G,C/T,C/G,5.0,0,0,AG,AG,OTHER,0,0,0,0,0,0,0,0,0,0,0,0,0,0,0,0,0,0,0,0,0,0,0,0,0,0,0,0,0,0,0,0,0,0,0,0,0,0,0,0,0,0,0,0,0.0,0,0,0,0.0,31329.0,1,0.0,65.03,48.931526,16.09847381591797
male,White,not Hispanic or Latino,0.0,93.0,5,1.0,0.0,0.0,0.0,0.0,0.0,0.0,0.0,0.0,0.0,0.0,0.0,0.0,0.0,0.0,0.0,0.0,0.0,AG,*1/*1,A/G,C/T,C/G,5.0,0,0,AG,AG,OTHER,0,0,0,0,0,0,0,0,0,0,0,0,0,0,0,0,0,0,0,0,0,0,0,0,0,0,0,0,0,0,0,0,0,0,0,0,0,0,0,0,0,0,0,0,0.0,0,0,0,0.0,8649.0,1,0.0,57.47,37.75371,19.716288299560546
female,White,not Hispanic or Latino,0.0,128.0,3,0.0,0.0,0.0,0.0,0.0,0.0,0.0,0.0,0.0,0.0,0.0,0.0,0.0,0.0,0.0,0.0,0.0,0.0,GG,*1/*1,G/G,C/C,G/G,6.0,0,0,GG,GG,GG,0,0,0,0,0,0,0,0,0,0,0,0,0,0,0,0,0,0,0,0,0,0,0,0,0,0,0,0,1,0,0,0,0,0,0,0,0,0,0,0,0,0,0,0,0.0,0,0,0,0.0,16384.0,1,0.0,35.0,61.32194,26.321941375732422
female,White,not Hispanic or Latino,0.0,66.0,1 or 2,0.0,0.0,0.0,0.0,0.0,0.0,0.0,0.0,0.0,0.0,0.0,0.0,0.0,0.0,0.0,0.0,0.0,0.0,AG,*1/*1,A/G,C/T,C/G,1.0,0,0,AG,AG,OTHER,0,0,0,0,0,0,0,0,0,0,0,0,0,0,0,0,0,0,0,0,0,0,0,0,0,0,0,0,0,0,0,0,0,0,0,0,0,0,0,0,0,0,0,0,0.0,0,0,0,0.0,4356.0,0,0.0,55.02,40.236897,14.783103485107425
female,White,not Hispanic or Latino,0.0,73.0,1 or 2,0.0,0.0,0.0,0.0,0.0,0.0,0.0,0.0,0.0,0.0,0.0,0.0,0.0,0.0,0.0,0.0,0.0,0.0,GG,*2/*3,0,0,C/C,1.0,3,3,GG,GG,AA,0,0,0,0,0,0,0,0,0,0,0,0,0,0,0,0,0,0,0,0,0,0,0,0,0,0,0,0,0,0,0,0,0,0,0,0,0,0,0,0,0,0,0,0,0.0,0,0,0,219.0,5329.0,0,0.0,14.0,30.765535,16.765535354614258
female,Black or African American,not Hispanic or Latino,170.18,128.6,6,0.0,0.0,1.0,1.0,0.0,0.0,0.0,0.0,0.0,0.0,0.0,0.0,0.0,0.0,0.0,0.0,0.0,0.0,GG,*1/*1,G/G,C/C,C/G,6.0,0,0,GG,GG,OTHER,0,1,1,0,0,0,0,0,0,0,0,0,0,0,0,0,0,0,0,0,0,0,0,0,0,0,0,0,1,1,0,1,0,0,0,0,0,0,0,0,0,0,0,0,0.0,0,0,0,0.0,16537.96,1,2.0,70.0,46.978565,23.021434783935547
female,Black or African American,not Hispanic or Latino,160.02,79.1,1,0.0,0.0,1.0,0.0,0.0,0.0,1.0,0.0,0.0,0.0,0.0,0.0,0.0,0.0,0.0,0.0,0.0,0.0,GG,*1/*5,G/G,C/C,G/G,4.0,0,0,GG,GG,GG,0,0,0,0,0,0,0,0,0,0,0,0,0,0,0,0,0,0,0,0,0,0,0,0,0,1,0,0,1,0,0,0,0,0,0,0,0,0,0,0,0,0,0,0,0.0,0,0,0,0.0,6256.8099999999995,0,2.0,25.0,46.156883,21.156883239746094
female,Black or African American,not Hispanic or Latino,162.56,175.0,2,0.0,0.0,0.0,0.0,0.0,0.0,0.0,0.0,0.0,0.0,0.0,0.0,0.0,0.0,0.0,0.0,0.0,1.0,GG,*1/*1,0,0,C/G,6.0,0,0,GG,GG,OTHER,0,0,0,0,0,0,0,0,0,0,0,0,0,0,0,0,0,0,0,0,0,0,0,0,0,0,0,0,1,0,0,0,0,0,0,0,0,0,0,0,0,0,0,0,0.0,0,0,0,0.0,30625.0,1,0.0,30.0,57.829453,27.829452514648438
female,Black or African American,not Hispanic or Latino,160.02,80.0,1; 2,0.0,0.0,1.0,0.0,0.0,0.0,0.0,0.0,0.0,0.0,0.0,0.0,0.0,0.0,0.0,0.0,0.0,0.0,GG,*1/*1,G/G,C/C,G/G,6.0,0,0,GG,GG,GG,0,1,0,0,0,0,0,0,0,0,0,0,0,0,0,0,0,0,0,0,0,0,0,0,0,0,0,1,1,0,0,1,0,0,0,0,0,0,0,0,0,0,0,0,0.0,0,0,0,0.0,6400.0,0,0.0,25.0,40.04371,15.043708801269531
male,Black or African American,not Hispanic or Latino,182.88,100.0,1,0.0,0.0,0.0,0.0,1.0,0.0,0.0,0.0,0.0,0.0,0.0,0.0,0.0,0.0,0.0,0.0,0.0,0.0,GG,*1/*1,G/G,C/C,G/G,6.0,0,0,GG,GG,GG,0,1,0,0,0,0,0,0,0,0,0,0,0,0,0,0,0,0,0,0,0,0,0,0,1,0,0,0,1,0,0,1,0,0,0,0,0,0,0,0,0,0,0,0,0.0,0,0,0,0.0,10000.0,1,2.0,32.5,50.57746,18.07746124267578
male,White,not Hispanic or Latino,183.0,91.0,3,0.0,0.0,0.0,0.0,0.0,0.0,0.0,0.0,0.0,0.0,0.0,1.0,0.0,0.0,0.0,0.0,0.0,0.0,AG,*1/*1,A/G,0,C/G,7.0,0,0,AG,GG,OTHER,0,0,0,0,0,0,0,0,0,0,0,0,0,0,0,0,0,0,0,0,1,0,0,0,0,0,0,0,1,0,0,0,0,0,0,0,0,0,0,0,0,0,0,0,0.0,0,0,0,0.0,8281.0,1,0.0,62.5,49.16833,13.331668853759766
male,White,not Hispanic or Latino,181.0,88.0,8,0.0,0.0,0.0,1.0,0.0,0.0,0.0,0.0,0.0,0.0,0.0,0.0,0.0,0.0,0.0,0.0,0.0,0.0,GG,*1/*2,G/G,C/C,G/G,6.0,1,1,GG,GG,GG,0,0,1,0,0,0,0,0,0,0,0,0,0,0,0,0,0,0,0,0,0,0,0,0,0,0,0,0,1,0,0,0,0,0,0,0,0,0,0,0,0,0,0,0,0.0,0,0,0,88.0,7744.0,0,2.0,25.0,40.729458,15.72945785522461
male,White,not Hispanic or Latino,178.0,60.0,4,0.0,1.0,0.0,0.0,0.0,0.0,0.0,0.0,0.0,0.0,0.0,0.0,0.0,0.0,0.0,0.0,0.0,0.0,GG,*1/*1,G/G,C/C,G/G,2.0,0,0,GG,GG,GG,0,0,0,0,0,0,0,0,0,0,0,0,0,0,0,0,0,0,0,0,0,0,0,0,0,0,0,0,0,0,0,0,0,0,0,0,0,0,0,0,0,0,0,0,0.0,0,0,0,0.0,3600.0,0,0.0,73.5,55.806217,17.693782806396484
male,White,not Hispanic or Latino,177.0,93.0,3; 5,1.0,0.0,0.0,0.0,0.0,0.0,0.0,0.0,0.0,0.0,1.0,0.0,0.0,0.0,0.0,0.0,0.0,0.0,GG,*1/*2,G/G,C/C,G/G,5.0,1,1,GG,GG,GG,1,0,0,0,0,0,0,0,0,0,0,0,0,0,0,0,0,0,0,0,0,0,0,0,0,0,0,0,1,0,0,0,0,0,0,0,0,0,0,0,0,0,0,0,93.0,1,0,0,93.0,8649.0,1,96.0,76.5,38.16283,38.3371696472168
male,White,not Hispanic or Latino,190.0,85.0,3,0.0,0.0,0.0,0.0,0.0,0.0,0.0,0.0,0.0,0.0,0.0,0.0,0.0,0.0,0.0,0.0,0.0,0.0,GG,*1/*2,G/G,C/C,G/G,6.0,1,1,GG,GG,GG,0,0,0,0,0,0,0,0,0,0,0,0,0,0,0,0,0,0,0,0,0,0,0,0,0,0,0,0,1,0,0,0,0,0,0,0,0,0,0,0,0,0,0,0,0.0,0,0,0,85.0,7225.0,0,0.0,26.75,43.016285,16.266284942626953
male,White,not Hispanic or Latino,178.0,71.0,3,0.0,0.0,0.0,0.0,0.0,0.0,0.0,0.0,0.0,0.0,0.0,0.0,0.0,0.0,0.0,0.0,0.0,0.0,GG,*1/*1,0,0,G/G,6.0,0,0,GG,GG,GG,0,0,0,0,0,0,0,0,0,0,0,0,0,0,0,0,0,0,0,0,0,0,0,0,0,0,0,0,0,0,0,0,0,0,0,0,0,0,0,0,0,0,0,0,0.0,0,0,0,0.0,5041.0,0,0.0,57.5,42.04511,15.454891204833984
female,White,not Hispanic or Latino,0.0,0.0,0,0.0,0.0,0.0,0.0,0.0,0.0,0.0,0.0,0.0,0.0,0.0,0.0,0.0,0.0,0.0,0.0,0.0,0.0,GG,*1/*1,G/G,C/C,0,7.0,0,0,GG,GG,GG,0,0,0,0,0,0,0,0,0,0,0,0,0,0,0,0,0,0,0,0,0,0,0,0,0,0,0,0,0,0,0,0,0,0,0,0,0,0,0,0,0,0,0,0,0.0,0,0,0,0.0,0.0,0,0.0,49.0,35.650757,13.3492431640625
male,White,not Hispanic or Latino,0.0,0.0,0,0.0,0.0,0.0,0.0,0.0,0.0,0.0,0.0,0.0,0.0,0.0,0.0,0.0,0.0,0.0,0.0,0.0,0.0,GG,*1/*1,G/G,C/C,G/G,7.0,0,0,GG,GG,GG,0,0,0,0,0,0,0,0,0,0,0,0,0,0,0,0,0,0,0,0,0,0,0,0,0,0,0,0,0,0,0,0,0,0,0,0,0,0,0,0,0,0,0,0,0.0,0,0,0,0.0,0.0,0,0.0,56.0,35.29095,20.709049224853516
female,White,not Hispanic or Latino,0.0,0.0,0,0.0,0.0,0.0,0.0,0.0,0.0,0.0,0.0,0.0,0.0,0.0,0.0,0.0,0.0,0.0,0.0,0.0,0.0,AG,*1/*1,A/G,C/T,0,5.0,0,0,AG,AG,GG,0,0,0,0,0,0,0,0,0,0,0,0,0,0,0,0,0,0,0,0,0,0,0,0,0,0,0,0,0,0,0,0,0,0,0,0,0,0,0,0,0,0,0,0,0.0,0,0,0,0.0,0.0,0,0.0,59.5,34.4337,25.066299438476562
female,White,not Hispanic or Latino,0.0,0.0,0,0.0,0.0,0.0,0.0,0.0,0.0,0.0,0.0,0.0,0.0,0.0,0.0,0.0,0.0,0.0,0.0,0.0,0.0,AA,*1/*1,A/A,T/T,0,7.0,0,0,AA,AA,GG,0,0,0,0,0,0,0,0,0,0,0,0,0,0,0,0,0,0,0,0,0,0,0,0,0,0,0,0,0,0,0,0,0,0,0,0,0,0,0,0,0,0,0,0,0.0,0,0,0,0.0,0.0,0,0.0,5.25,20.029018,14.77901840209961
male,White,not Hispanic or Latino,0.0,0.0,0,0.0,0.0,0.0,0.0,0.0,0.0,0.0,0.0,0.0,0.0,0.0,0.0,0.0,0.0,0.0,0.0,0.0,0.0,AG,*1/*2,A/G,C/T,0,7.0,1,1,AG,AG,GG,0,0,0,0,0,0,0,0,0,0,0,0,0,0,0,0,0,0,0,0,0,0,0,0,0,0,0,0,0,0,0,0,0,0,0,0,0,0,0,0,0,0,0,0,0.0,0,0,0,0.0,0.0,0,0.0,7.0,22.034166,15.03416633605957
male,Black or African American,not Hispanic or Latino,172.72,75.0,1,0.0,0.0,1.0,0.0,1.0,0.0,0.0,0.0,0.0,0.0,0.0,0.0,0.0,0.0,0.0,0.0,0.0,0.0,GG,*1/*1,G/G,C/C,0,5.0,0,0,GG,GG,GG,0,0,0,0,0,0,0,0,0,0,0,0,0,0,0,0,0,0,0,0,0,0,0,0,0,0,0,0,0,0,0,0,0,0,0,0,0,0,0,0,0,0,0,0,0.0,0,0,0,0.0,5625.0,0,1.0,17.5,46.255424,28.75542449951172
female,Black or African American,not Hispanic or Latino,182.88,152.3,1,0.0,0.0,1.0,0.0,0.0,0.0,0.0,0.0,0.0,0.0,0.0,0.0,0.0,0.0,0.0,0.0,0.0,0.0,GG,*1/*1,G/G,C/C,0,4.0,0,0,GG,GG,GG,0,0,0,0,0,0,0,0,0,0,0,0,0,0,0,0,0,0,0,0,0,0,0,0,0,0,0,0,1,0,0,0,0,0,0,0,0,0,0,0,0,0,0,0,0.0,0,0,0,0.0,23195.290000000005,1,0.0,52.5,69.2529,16.752899169921875
female,Black or African American,Unknown,175.26,207.7,2,1.0,0.0,1.0,0.0,0.0,0.0,0.0,0.0,0.0,0.0,0.0,0.0,0.0,0.0,0.0,0.0,0.0,0.0,GG,*1/*1,G/G,C/C,0,3.0,0,0,GG,GG,GG,0,0,0,0,0,0,0,0,0,0,0,0,0,0,0,0,0,0,0,0,0,0,0,0,0,0,0,0,1,1,0,0,0,0,0,0,0,0,0,0,0,0,0,0,0.0,0,0,0,0.0,43139.28999999999,1,0.0,115.0,67.48901,47.510986328125
male,Black or African American,not Hispanic or Latino,170.18,132.7,2,0.0,0.0,0.0,1.0,0.0,0.0,0.0,0.0,0.0,0.0,0.0,0.0,0.0,0.0,0.0,0.0,0.0,0.0,GG,*1/*1,G/G,C/C,0,5.0,0,0,GG,GG,GG,0,0,1,1,0,0,0,0,0,0,0,0,0,0,0,0,0,0,0,0,0,0,0,0,0,0,0,0,0,1,0,0,0,0,0,0,0,0,0,0,0,0,1,0,0.0,0,0,0,0.0,17609.289999999997,1,2.0,78.0,58.512985,19.487014770507812
male,White,not Hispanic or Latino,180.34,86.4,5,1.0,0.0,0.0,0.0,0.0,0.0,0.0,1.0,0.0,0.0,0.0,0.0,0.0,0.0,0.0,0.0,0.0,0.0,GG,*1/*1,G/G,C/C,0,5.0,0,0,GG,GG,GG,0,0,0,0,0,0,0,0,0,0,0,0,0,0,0,0,0,0,0,0,0,0,0,0,0,0,0,0,1,1,0,1,0,0,0,0,0,0,0,0,0,0,0,0,0.0,0,0,0,0.0,7464.960000000001,0,1.0,82.5,49.263317,33.2366828918457
female,Black or African American,not Hispanic or Latino,167.64,55.5,1,0.0,0.0,1.0,0.0,0.0,0.0,0.0,0.0,0.0,0.0,0.0,0.0,0.0,0.0,1.0,0.0,0.0,0.0,GG,*1/*1,G/G,C/C,0,3.0,0,0,GG,GG,GG,0,0,0,1,0,0,0,0,0,0,0,0,0,0,0,0,0,0,0,0,0,0,0,0,0,0,0,0,0,0,0,0,0,0,0,0,0,0,0,0,0,0,0,0,0.0,0,0,0,0.0,3080.25,0,0.0,67.5,44.428814,23.071186065673828
female,White,not Hispanic or Latino,162.56,119.5,3,0.0,0.0,0.0,0.0,1.0,0.0,0.0,0.0,0.0,0.0,0.0,0.0,0.0,0.0,0.0,0.0,0.0,0.0,GG,*1/*2,G/G,C/C,0,5.0,1,1,GG,GG,GG,0,0,0,0,0,0,0,0,0,0,0,0,0,0,0,0,0,0,0,0,0,0,0,0,0,0,0,0,1,0,0,0,0,0,0,0,0,0,0,0,0,0,0,0,0.0,0,0,0,119.5,14280.25,1,1.0,30.0,50.50242,20.502418518066406
female,Black or African American,not Hispanic or Latino,162.56,68.2,2,0.0,0.0,1.0,0.0,0.0,0.0,0.0,0.0,0.0,0.0,0.0,0.0,0.0,0.0,0.0,0.0,0.0,0.0,GG,*1/*1,G/G,C/C,0,3.0,0,0,GG,GG,GG,0,0,0,0,0,0,0,0,0,0,0,0,0,0,0,0,0,0,0,0,0,0,0,0,0,0,0,0,0,0,0,0,0,0,0,0,0,0,0,0,0,0,0,0,0.0,0,0,0,0.0,4651.240000000001,0,0.0,17.5,48.680748,31.180747985839844
male,White,not Hispanic or Latino,170.18,65.9,3,1.0,0.0,1.0,0.0,0.0,0.0,0.0,0.0,0.0,0.0,0.0,0.0,0.0,0.0,0.0,0.0,0.0,0.0,AG,0,A/G,0,0,9.0,0,0,AG,GG,GG,0,0,0,0,0,0,0,0,0,0,0,0,0,0,0,0,0,0,0,0,0,0,0,0,0,0,0,0,0,0,0,0,0,0,0,0,0,0,0,0,0,0,1,0,0.0,0,0,0,0.0,4342.81,0,0.0,8.0,22.199507,14.199506759643555
male,White,not Hispanic or Latino,180.34,104.5,3,1.0,0.0,0.0,0.0,0.0,0.0,0.0,0.0,0.0,0.0,0.0,0.0,0.0,0.0,0.0,0.0,0.0,1.0,GG,*1/*1,G/G,C/C,0,6.0,0,0,GG,GG,GG,0,1,0,1,0,0,0,0,0,0,0,0,0,0,0,0,0,0,0,0,0,0,0,0,0,0,0,0,0,0,0,0,0,0,0,0,0,0,0,0,0,0,0,0,0.0,0,0,0,0.0,10920.25,1,0.0,90.0,45.435627,44.56437301635742
male,White,not Hispanic or Latino,175.26,82.3,1,0.0,0.0,1.0,1.0,0.0,0.0,0.0,0.0,0.0,0.0,0.0,0.0,0.0,0.0,0.0,0.0,0.0,0.0,AG,*1/*1,A/G,C/T,0,4.0,0,0,AG,AG,GG,0,0,0,0,0,0,0,0,0,0,0,0,0,0,0,0,0,0,0,0,0,0,0,0,0,0,0,0,1,0,0,0,0,0,0,0,0,0,0,0,0,0,0,0,0.0,0,0,0,0.0,6773.29,0,1.0,25.0,44.326473,19.326473236083984
male,Black or African American,not Hispanic or Latino,175.26,106.8,8,0.0,1.0,0.0,0.0,0.0,0.0,0.0,0.0,0.0,0.0,0.0,0.0,0.0,0.0,0.0,0.0,0.0,1.0,AG,*1/*2,A/G,C/C,0,4.0,1,1,AG,GG,GG,0,0,0,0,0,0,0,0,0,0,0,0,0,0,0,0,0,0,0,0,0,0,0,0,0,0,0,0,0,0,0,0,0,0,0,0,0,0,0,0,0,0,0,0,0.0,0,0,0,106.8,11406.24,1,0.0,62.5,45.633884,16.86611557006836
male,White,not Hispanic or Latino,177.8,80.9,3,0.0,0.0,1.0,0.0,1.0,0.0,0.0,0.0,0.0,0.0,0.0,0.0,0.0,0.0,0.0,0.0,0.0,0.0,AG,*1/*1,A/G,C/C,0,6.0,0,0,AG,GG,GG,0,0,0,0,0,0,0,0,0,0,0,0,0,0,0,0,0,0,0,0,0,0,0,0,0,0,0,0,1,0,0,0,0,0,0,0,0,0,0,0,0,0,0,0,0.0,0,0,0,0.0,6544.810000000001,0,1.0,15.0,40.963818,25.963817596435547
male,White,not Hispanic or Latino,187.96,86.4,1,0.0,0.0,0.0,0.0,0.0,0.0,0.0,0.0,0.0,0.0,0.0,0.0,0.0,0.0,0.0,0.0,0.0,0.0,AG,*1/*3,A/G,C/T,0,5.0,2,2,AG,AG,GG,0,0,0,0,0,0,0,0,0,0,0,0,0,0,0,0,0,0,0,0,0,0,0,0,0,0,0,0,1,0,0,0,0,0,0,0,0,0,0,0,0,0,0,0,0.0,0,0,0,172.8,7464.960000000001,0,0.0,45.5,30.847082,14.652917861938477
female,Black or African American,not Hispanic or Latino,167.64,79.5,3,1.0,0.0,1.0,0.0,1.0,0.0,0.0,0.0,0.0,0.0,0.0,0.0,0.0,0.0,0.0,0.0,0.0,0.0,GG,*1/*1,G/G,C/C,0,8.0,0,0,GG,GG,GG,0,0,0,0,0,0,0,0,0,0,0,0,0,0,0,0,0,0,0,0,0,0,0,0,0,0,0,0,0,0,0,0,0,0,0,0,0,0,0,0,0,0,1,0,0.0,0,0,0,0.0,6320.25,0,1.0,50.0,31.60944,18.390560150146484
female,Black or African American,not Hispanic or Latino,162.56,75.5,3,0.0,0.0,1.0,0.0,0.0,0.0,0.0,0.0,0.0,0.0,0.0,0.0,0.0,0.0,0.0,0.0,0.0,0.0,GG,*1/*1,G/G,C/C,0,5.0,0,0,GG,GG,GG,0,0,0,0,0,0,0,0,0,0,0,0,0,0,0,0,0,0,0,0,0,0,0,0,0,0,0,0,1,0,0,0,0,0,0,0,0,0,0,0,0,0,0,0,0.0,0,0,0,0.0,5700.25,0,0.0,25.0,42.792473,17.79247283935547
female,White,not Hispanic or Latino,175.26,120.5,3,1.0,0.0,0.0,1.0,0.0,0.0,0.0,0.0,0.0,0.0,0.0,0.0,0.0,0.0,0.0,0.0,0.0,0.0,GG,*1/*1,G/G,C/T,0,7.0,0,0,GG,AG,GG,0,1,0,0,0,0,0,0,0,0,0,0,0,0,0,0,0,0,0,0,0,0,0,0,0,0,0,0,0,1,0,0,0,0,0,0,0,0,0,0,0,0,0,0,0.0,0,0,0,0.0,14520.25,1,1.0,17.5,42.73196,25.23196029663086
male,White,not Hispanic or Latino,177.8,95.5,3,1.0,0.0,0.0,1.0,0.0,0.0,0.0,0.0,0.0,0.0,0.0,0.0,0.0,0.0,0.0,0.0,0.0,1.0,AG,*1/*1,A/G,C/T,0,5.0,0,0,AG,AG,GG,0,1,1,0,0,0,0,0,0,0,0,0,0,0,0,0,0,0,0,0,0,0,0,0,0,0,0,0,0,1,0,0,0,0,0,0,0,0,0,0,0,0,0,0,0.0,0,0,0,0.0,9120.25,1,2.0,60.0,40.216393,19.783607482910156
male,White,not Hispanic or Latino,170.18,83.6,3,0.0,0.0,1.0,0.0,0.0,0.0,1.0,0.0,0.0,0.0,1.0,0.0,0.0,0.0,0.0,0.0,0.0,0.0,AG,*1/*1,A/G,C/T,0,6.0,0,0,AG,AG,GG,1,1,0,0,0,0,0,0,0,0,0,0,0,0,0,0,0,0,0,0,0,0,0,0,0,1,0,0,1,0,0,0,0,0,0,0,0,0,0,0,0,0,0,0,83.6,0,0,0,0.0,6988.959999999999,0,87.6,17.5,32.10775,14.607749938964844
male,White,not Hispanic or Latino,167.64,82.7,3,0.0,0.0,0.0,0.0,0.0,0.0,0.0,0.0,0.0,0.0,0.0,0.0,0.0,0.0,0.0,0.0,0.0,0.0,AG,*1/*1,A/G,C/T,0,8.0,0,0,AG,AG,GG,0,1,0,0,0,0,0,0,0,0,0,0,0,0,0,0,0,0,0,0,0,0,0,0,0,0,0,0,1,0,0,0,0,0,0,0,0,0,0,0,0,0,0,0,0.0,0,0,0,0.0,6839.290000000001,0,0.0,16.5,29.713129,13.213129043579102
male,Black or African American,not Hispanic or Latino,182.88,71.8,3,0.0,0.0,1.0,1.0,0.0,0.0,0.0,0.0,0.0,0.0,0.0,0.0,0.0,0.0,0.0,0.0,0.0,1.0,AG,*1/*1,A/G,C/C,0,6.0,0,0,AG,GG,GG,0,1,1,0,0,0,0,0,0,0,0,0,0,0,0,0,0,0,0,0,0,0,0,0,0,0,0,0,1,1,0,0,0,0,0,0,0,0,0,0,0,0,0,0,0.0,0,0,0,0.0,5155.24,0,2.0,60.0,33.674637,26.325363159179688
female,White,not Hispanic or Latino,165.1,47.3,3,0.0,0.0,0.0,0.0,0.0,0.0,0.0,0.0,0.0,0.0,0.0,0.0,0.0,0.0,0.0,0.0,0.0,0.0,GG,*1/*2,G/G,C/C,0,5.0,1,1,GG,GG,GG,0,0,0,0,0,0,0,0,0,0,0,0,0,0,0,0,0,0,0,0,0,0,0,0,0,0,0,0,0,0,0,0,0,0,0,0,0,0,0,0,0,0,0,0,0.0,0,0,0,47.3,2237.2899999999995,0,0.0,63.75,34.586533,29.163467407226562
male,White,not Hispanic or Latino,187.96,113.6,1,0.0,0.0,0.0,0.0,1.0,0.0,0.0,0.0,0.0,0.0,0.0,0.0,0.0,0.0,0.0,0.0,0.0,0.0,GG,*1/*1,G/G,C/C,0,5.0,0,0,GG,GG,GG,0,0,0,0,0,0,0,0,0,0,0,0,0,0,0,0,0,0,0,0,0,0,0,0,0,0,0,0,0,0,0,0,0,0,0,0,0,0,0,0,0,0,0,0,0.0,0,0,0,0.0,12904.96,1,1.0,80.0,62.89925,17.100749969482422
female,White,not Hispanic or Latino,162.56,81.8,1,0.0,0.0,0.0,0.0,0.0,0.0,0.0,0.0,0.0,0.0,0.0,0.0,0.0,0.0,0.0,0.0,0.0,0.0,GG,0,0,0,0,8.0,0,0,GG,GG,GG,0,0,0,0,0,0,0,1,0,0,0,0,0,0,0,0,0,0,0,0,0,0,0,0,0,0,0,0,1,0,0,0,0,0,0,0,0,0,0,0,0,0,0,0,0.0,0,0,0,0.0,6691.24,0,0.0,9.0,33.04234,24.042339324951172
male,White,not Hispanic or Latino,190.5,80.0,1,1.0,0.0,0.0,0.0,0.0,1.0,0.0,0.0,0.0,0.0,0.0,0.0,0.0,0.0,0.0,0.0,0.0,1.0,AG,*1/*1,A/G,C/C,0,6.0,0,0,AG,GG,GG,0,0,0,0,0,0,0,0,0,0,0,0,0,0,0,0,0,0,0,0,0,0,0,0,0,0,0,0,0,0,0,0,0,0,0,0,0,0,0,0,0,0,1,0,0.0,0,0,0,0.0,6400.0,0,1.0,62.5,44.1183,18.381698608398438
male,White,not Hispanic or Latino,170.0,90.0,3,0.0,0.0,0.0,0.0,0.0,0.0,0.0,0.0,0.0,0.0,0.0,0.0,0.0,0.0,0.0,0.0,0.0,0.0,AG,*1/*1,A/G,C/T,C/G,8.0,0,0,AG,AG,OTHER,0,1,0,0,0,0,0,0,0,0,0,0,0,0,0,0,0,0,0,0,0,0,0,0,0,0,0,0,0,0,0,0,0,0,0,0,0,0,0,0,0,0,0,0,0.0,0,0,0,0.0,8100.0,0,0.0,49.0,29.339336,19.660663604736328
male,White,not Hispanic or Latino,189.99,65.0,1,0.0,0.0,0.0,0.0,0.0,0.0,0.0,0.0,0.0,0.0,0.0,0.0,0.0,0.0,0.0,0.0,0.0,1.0,AG,*1/*1,A/G,C/T,0,5.0,0,0,AG,AG,GG,0,0,0,0,0,0,0,0,0,0,0,0,0,0,0,0,0,0,0,0,0,0,0,0,0,0,0,0,0,0,0,0,0,0,0,0,0,0,0,0,0,0,0,0,0.0,0,0,0,0.0,4225.0,0,0.0,52.5,38.60719,13.892810821533203
female,White,not Hispanic or Latino,165.0,103.5,1; 2,0.0,0.0,0.0,0.0,1.0,0.0,0.0,0.0,0.0,0.0,0.0,0.0,0.0,0.0,0.0,0.0,0.0,0.0,GG,*1/*2,G/G,C/C,0,7.0,1,1,GG,GG,GG,0,0,0,0,0,0,0,0,0,0,0,0,0,0,0,0,0,0,0,0,0,0,0,0,0,0,0,0,1,0,0,0,0,0,0,0,0,0,0,0,0,0,0,0,0.0,0,0,0,103.5,10712.25,1,1.0,87.5,33.289257,54.21074295043945
female,White,not Hispanic or Latino,165.99,92.5,2,0.0,0.0,1.0,0.0,0.0,0.0,0.0,0.0,0.0,0.0,0.0,0.0,0.0,0.0,0.0,0.0,0.0,0.0,AG,*1/*1,A/G,C/T,0,3.0,0,0,AG,AG,GG,0,0,0,0,0,0,0,0,0,0,0,0,0,0,0,0,0,0,0,0,0,0,0,0,0,0,0,0,0,0,0,0,0,0,0,0,0,0,0,0,0,0,0,0,0.0,0,0,0,0.0,8556.25,1,0.0,63.0,45.24932,17.75067901611328
female,White,not Hispanic or Latino,162.0,70.0,1; 2,1.0,0.0,0.0,1.0,0.0,0.0,0.0,0.0,0.0,0.0,0.0,0.0,0.0,0.0,0.0,0.0,0.0,0.0,AG,*1/*1,A/G,C/T,0,7.0,0,0,AG,AG,GG,0,1,1,0,0,0,0,0,0,0,0,0,0,0,0,0,0,0,0,0,0,0,0,0,0,0,0,0,1,0,0,0,0,0,0,0,0,0,0,0,0,0,0,0,0.0,0,0,0,0.0,4900.0,0,2.0,24.5,57.506268,33.00626754760742
male,White,not Hispanic or Latino,165.0,52.0,1; 2,1.0,0.0,0.0,0.0,0.0,0.0,0.0,0.0,0.0,0.0,0.0,0.0,0.0,0.0,0.0,0.0,0.0,0.0,GG,*1/*1,G/G,C/C,0,8.0,0,0,GG,GG,GG,0,0,0,0,0,0,0,0,0,0,0,0,0,0,0,0,0,0,0,0,0,0,0,0,0,0,0,0,1,0,0,0,0,0,0,0,0,0,0,0,0,0,1,0,0.0,0,0,0,0.0,2704.0,0,0.0,17.5,58.18223,40.68223190307617
female,White,not Hispanic or Latino,159.99,80.0,3,0.0,0.0,0.0,0.0,0.0,0.0,0.0,1.0,0.0,0.0,1.0,0.0,1.0,0.0,0.0,0.0,0.0,1.0,GG,*1/*1,0,0,0,5.0,0,0,GG,GG,GG,1,0,0,0,0,0,0,0,0,0,0,0,0,0,0,0,0,0,0,0,0,0,0,0,0,0,0,0,1,1,0,0,0,0,0,0,0,0,0,0,0,0,0,0,80.0,0,0,0,0.0,6400.0,0,83.0,70.0,35.445686,34.55431365966797
male,White,not Hispanic or Latino,176.99,86.0,1,1.0,0.0,0.0,1.0,0.0,0.0,0.0,0.0,0.0,0.0,0.0,0.0,0.0,0.0,0.0,0.0,0.0,0.0,AG,*1/*1,A/G,C/T,0,6.0,0,0,AG,AG,GG,0,1,1,0,0,0,0,0,0,0,0,0,0,0,0,0,0,0,0,0,0,0,0,0,0,0,0,0,1,0,0,0,0,0,0,0,0,0,0,0,0,0,0,0,0.0,0,0,0,0.0,7396.0,0,2.0,22.5,36.830555,14.330554962158203
male,White,not Hispanic or Latino,184.0,57.0,8,0.0,0.0,0.0,0.0,0.0,0.0,0.0,0.0,0.0,0.0,0.0,0.0,0.0,0.0,0.0,0.0,0.0,1.0,AG,*1/*2,A/G,C/T,0,2.0,1,1,AG,AG,GG,0,0,0,0,0,0,0,0,0,0,0,0,0,0,0,0,0,0,0,0,0,0,0,0,0,0,0,0,0,0,0,0,0,0,0,0,0,0,0,0,0,0,0,0,0.0,0,0,0,57.0,3249.0,0,0.0,24.5,38.540794,14.040794372558594
female,White,not Hispanic or Latino,157.99,70.0,2,1.0,0.0,0.0,0.0,0.0,0.0,0.0,0.0,0.0,0.0,0.0,0.0,0.0,0.0,0.0,0.0,0.0,0.0,AG,*1/*2,A/G,C/T,0,8.0,1,1,AG,AG,GG,0,0,0,0,0,0,0,0,0,0,0,0,0,0,0,0,0,0,0,0,0,0,0,0,0,0,0,0,0,1,0,0,0,0,0,0,0,0,0,0,0,0,0,0,0.0,0,0,0,70.0,4900.0,0,0.0,49.0,23.532799,25.467201232910156
female,White,not Hispanic or Latino,160.02,83.0,2,0.0,0.0,0.0,0.0,0.0,0.0,0.0,0.0,0.0,0.0,0.0,0.0,0.0,0.0,0.0,0.0,0.0,0.0,GG,*1/*2,0,0,0,3.0,1,1,GG,GG,GG,0,0,0,0,0,0,0,0,0,0,0,0,0,0,0,0,0,0,0,0,0,0,0,0,0,0,0,0,0,0,0,0,0,0,0,0,0,0,0,0,0,0,0,0,0.0,0,0,0,83.0,6889.0,0,0.0,77.0,37.429436,39.57056427001953
male,White,not Hispanic or Latino,0.0,119.0,0,0.0,0.0,0.0,0.0,0.0,0.0,0.0,0.0,0.0,0.0,1.0,0.0,0.0,0.0,0.0,0.0,0.0,0.0,GG,*1/*1,0,C/T,0,7.0,0,0,GG,AG,GG,0,0,0,0,0,0,0,0,0,0,0,0,0,0,0,0,0,0,0,0,0,0,0,0,0,0,0,0,0,0,0,0,0,0,0,0,0,0,0,0,0,0,0,0,0.0,0,0,0,0.0,14161.0,1,1.0,22.5,35.423992,12.923992156982422
male,White,not Hispanic or Latino,0.0,66.5,0,0.0,0.0,0.0,0.0,0.0,0.0,0.0,0.0,0.0,0.0,0.0,0.0,0.0,0.0,0.0,0.0,0.0,0.0,GG,*1/*1,0,C/C,0,8.0,0,0,GG,GG,GG,0,0,0,0,0,0,0,0,0,0,0,0,0,0,0,0,0,0,0,0,0,0,0,0,0,0,0,0,0,0,0,0,0,0,0,0,0,0,0,0,0,0,0,0,0.0,0,0,0,0.0,4422.25,0,0.0,10.5,34.118683,23.618682861328125
male,White,not Hispanic or Latino,0.0,54.0,0,0.0,0.0,0.0,0.0,0.0,0.0,0.0,0.0,0.0,0.0,0.0,0.0,0.0,0.0,0.0,0.0,0.0,0.0,GG,*1/*2,0,C/C,0,5.0,1,1,GG,GG,GG,0,0,0,0,0,0,0,0,0,0,0,0,0,0,0,0,0,0,0,0,0,0,0,0,0,0,0,0,0,0,0,0,0,0,0,0,0,0,0,0,0,0,0,0,0.0,0,0,0,54.0,2916.0,0,0.0,17.5,36.657124,19.157123565673828
male,White,not Hispanic or Latino,0.0,78.0,0,0.0,0.0,0.0,0.0,0.0,0.0,0.0,0.0,0.0,0.0,0.0,0.0,0.0,0.0,0.0,0.0,0.0,0.0,GG,*1/*1,0,C/T,0,4.0,0,0,GG,AG,GG,0,0,0,0,0,0,0,0,0,0,0,0,0,0,0,0,0,0,0,0,0,0,0,0,0,0,0,0,0,0,0,0,0,0,0,0,0,0,0,0,0,0,0,0,0.0,0,0,0,0.0,6084.0,0,0.0,77.0,42.4919,34.50809860229492
male,White,not Hispanic or Latino,0.0,71.0,0,0.0,0.0,0.0,0.0,0.0,0.0,0.0,0.0,0.0,0.0,0.0,0.0,0.0,0.0,0.0,0.0,0.0,1.0,GG,*1/*1,0,C/T,0,6.0,0,0,GG,AG,GG,0,0,0,0,0,0,0,0,0,0,0,0,0,0,0,0,0,0,0,0,0,0,0,0,0,0,0,0,0,0,0,0,0,0,0,0,0,0,0,0,0,0,0,0,0.0,0,0,0,0.0,5041.0,0,0.0,67.5,37.207367,30.292633056640625
female,White,not Hispanic or Latino,0.0,79.0,0,0.0,0.0,0.0,0.0,0.0,0.0,0.0,0.0,0.0,0.0,0.0,0.0,0.0,0.0,0.0,0.0,0.0,0.0,GG,*1/*1,0,T/T,0,5.0,0,0,GG,AA,GG,0,0,0,0,0,0,0,0,0,0,0,0,0,0,0,0,0,0,0,0,0,0,0,0,0,0,0,0,0,0,0,0,0,0,0,0,0,0,0,0,0,0,0,0,0.0,0,0,0,0.0,6241.0,0,0.0,17.5,33.150234,15.65023422241211
male,White,not Hispanic or Latino,0.0,63.0,0,0.0,0.0,0.0,0.0,0.0,0.0,0.0,0.0,0.0,0.0,0.0,0.0,0.0,0.0,0.0,0.0,0.0,1.0,GG,*1/*2,0,0,0,4.0,1,1,GG,GG,GG,0,0,0,0,0,0,0,0,0,0,0,0,0,0,0,0,0,0,0,0,0,0,0,0,0,0,0,0,0,0,0,0,0,0,0,0,0,0,0,0,0,0,0,0,0.0,0,0,0,63.0,3969.0,0,0.0,17.5,38.66198,21.16197967529297
male,Unknown,not Hispanic or Latino,172.72,90.6,1,1.0,0.0,0.0,0.0,0.0,0.0,0.0,0.0,0.0,0.0,0.0,0.0,0.0,0.0,0.0,0.0,0.0,1.0,AA,*1/*1,A/A,T/T,C/C,2.0,0,0,AA,AA,AA,0,0,0,1,0,0,0,0,0,0,1,0,0,0,0,0,0,0,0,0,0,0,0,0,0,0,0,0,0,0,0,0,0,0,0,0,0,0,0,0,0,0,0,0,0.0,0,0,0,0.0,8208.359999999999,1,0.0,17.5,31.138515,13.63851547241211
female,Black or African American,not Hispanic or Latino,162.56,74.5,1; 2,0.0,0.0,1.0,1.0,0.0,0.0,0.0,0.0,0.0,0.0,0.0,0.0,0.0,0.0,0.0,0.0,0.0,0.0,GG,*1/*1,G/G,C/C,G/G,4.0,0,0,GG,GG,GG,0,0,0,0,0,0,0,0,0,0,0,0,0,0,0,0,0,0,0,0,0,1,0,0,0,0,0,0,0,0,0,0,0,0,0,0,0,0,0,0,0,0,0,0,0.0,0,0,0,0.0,5550.25,0,1.0,21.0,59.304974,38.30497360229492
male,White,not Hispanic or Latino,182.88,65.7,1,0.0,0.0,0.0,0.0,0.0,0.0,0.0,0.0,0.0,0.0,0.0,1.0,0.0,0.0,0.0,0.0,0.0,1.0,GG,*1/*1,G/G,C/C,G/G,2.0,0,0,GG,GG,GG,0,0,0,0,0,0,0,0,0,0,0,0,0,0,0,0,0,0,0,0,0,0,0,0,0,0,0,0,0,0,0,0,0,0,0,0,0,1,0,0,0,0,0,0,0.0,0,0,0,0.0,4316.490000000001,0,0.0,52.5,75.16061,22.660606384277344
male,Black or African American,not Hispanic or Latino,172.72,81.0,1,0.0,0.0,0.0,1.0,0.0,0.0,0.0,0.0,0.0,0.0,0.0,0.0,0.0,0.0,0.0,0.0,0.0,1.0,GG,*1/*1,G/G,C/C,G/G,4.0,0,0,GG,GG,GG,0,1,0,0,0,0,0,0,0,0,0,0,0,0,0,0,0,0,0,0,0,1,0,0,0,0,0,0,1,0,0,0,0,0,0,0,0,0,0,0,0,0,0,0,0.0,0,0,0,0.0,6561.0,0,1.0,42.0,57.00918,15.009178161621094
male,White,not Hispanic or Latino,170.18,95.7,2,0.0,0.0,0.0,1.0,0.0,0.0,0.0,0.0,0.0,0.0,1.0,0.0,0.0,0.0,0.0,0.0,0.0,1.0,GG,*1/*1,G/G,C/C,G/G,5.0,0,0,GG,GG,GG,1,1,0,1,0,0,0,0,0,0,1,0,0,0,0,0,0,0,0,0,0,1,0,0,0,0,0,0,1,0,0,0,0,0,0,0,0,0,0,0,0,0,0,0,95.7,0,0,0,0.0,9158.49,1,98.7,28.0,50.058086,22.058086395263672
male,White,not Hispanic or Latino,185.42,158.0,3,0.0,0.0,0.0,0.0,0.0,0.0,0.0,0.0,0.0,0.0,0.0,0.0,0.0,0.0,0.0,0.0,0.0,0.0,AG,*1/*2,A/G,C/T,C/G,5.0,1,1,AG,AG,OTHER,0,0,0,0,0,0,0,0,0,0,0,0,0,0,0,0,0,0,0,0,0,0,0,0,0,0,0,0,1,1,0,0,0,0,0,0,0,0,0,0,0,0,0,0,0.0,0,0,0,158.0,24964.0,1,0.0,28.0,42.518097,14.518096923828125
male,White,not Hispanic or Latino,177.8,122.0,3,0.0,0.0,0.0,0.0,0.0,0.0,0.0,0.0,0.0,0.0,0.0,0.0,0.0,0.0,0.0,0.0,0.0,1.0,AA,*1/*2,A/A,T/T,C/C,6.0,1,1,AA,AA,AA,0,0,0,0,0,0,0,0,0,0,0,0,0,0,0,0,0,0,0,0,0,0,0,0,0,0,0,0,1,1,0,0,0,0,0,0,0,0,0,0,0,0,0,0,0.0,0,0,0,122.0,14884.0,1,0.0,14.0,30.69961,16.699609756469727
female,White,not Hispanic or Latino,177.8,63.1,1,0.0,0.0,0.0,0.0,0.0,0.0,0.0,0.0,0.0,0.0,0.0,0.0,0.0,0.0,0.0,0.0,1.0,1.0,AG,*1/*2,A/G,C/T,C/G,2.0,1,1,AG,AG,OTHER,0,0,0,1,1,0,0,0,0,0,0,0,0,0,0,0,0,0,0,0,0,0,0,0,0,0,0,0,0,0,0,0,0,0,0,0,0,1,0,0,0,0,0,0,0.0,0,0,0,63.1,3981.61,0,0.0,21.0,41.919434,20.91943359375
female,White,not Hispanic or Latino,167.64,109.0,3,0.0,0.0,0.0,0.0,0.0,0.0,1.0,0.0,0.0,0.0,1.0,0.0,0.0,0.0,0.0,0.0,0.0,1.0,AG,*1/*1,A/G,C/T,C/G,5.0,0,0,AG,AG,OTHER,1,0,0,0,0,0,0,0,0,0,0,0,0,0,0,0,0,0,0,0,0,0,0,0,0,1,0,0,0,0,0,0,0,0,0,0,0,0,0,0,0,0,0,0,109.0,0,0,0,0.0,11881.0,1,113.0,18.2,32.55845,14.358448791503907
male,Unknown,Unknown,180.09,92.0,4,0.0,1.0,0.0,1.0,0.0,0.0,0.0,0.0,0.0,0.0,0.0,0.0,0.0,0.0,0.0,0.0,0.0,0.0,AA,*1/*1,A/A,0,0,4.0,0,0,AA,GG,GG,0,1,1,0,0,0,0,0,0,0,0,0,0,0,0,0,0,0,0,0,0,0,0,0,0,0,0,0,0,0,0,0,0,0,0,0,0,0,0,0,0,0,0,0,0.0,0,0,0,0.0,8464.0,1,2.0,20.0,33.27204,13.272041320800781
male,Unknown,Unknown,184.91,74.0,3,0.0,0.0,0.0,0.0,0.0,0.0,0.0,0.0,0.0,0.0,0.0,0.0,0.0,0.0,0.0,0.0,0.0,0.0,GG,*1/*2,G/G,0,0,4.0,1,1,GG,GG,GG,0,0,0,0,0,0,0,0,0,0,0,0,0,0,0,0,0,0,0,0,0,0,0,0,0,0,0,0,0,0,0,0,0,0,0,0,0,0,0,0,0,0,0,0,0.0,0,0,0,74.0,5476.0,0,0.0,72.5,39.229004,33.27099609375
female,Unknown,Unknown,165.1,56.0,4,0.0,1.0,0.0,0.0,0.0,0.0,0.0,0.0,0.0,0.0,0.0,0.0,0.0,0.0,0.0,0.0,0.0,0.0,AG,*1/*1,A/G,0,0,6.0,0,0,AG,GG,GG,0,0,0,0,0,0,0,0,0,0,0,0,0,0,0,0,0,0,0,0,0,0,0,0,0,0,0,0,0,0,0,0,0,0,0,0,0,0,0,0,0,0,0,0,0.0,0,0,0,0.0,3136.0,0,0.0,45.0,29.023687,15.976312637329102
female,Asian,not Hispanic or Latino,0.0,48.0,4,0.0,0.0,0.0,0.0,0.0,0.0,0.0,0.0,0.0,0.0,0.0,0.0,0.0,0.0,0.0,0.0,0.0,0.0,GG,*1/*3,0,C/T,C/G,6.0,2,2,GG,AG,OTHER,0,0,0,0,0,0,0,0,0,0,0,0,0,0,0,0,0,0,0,0,0,0,0,0,0,0,0,0,0,0,0,0,0,0,0,0,0,0,0,0,0,0,0,0,0.0,0,0,0,96.0,2304.0,0,0.0,38.5,20.231457,18.268543243408203
female,Asian,not Hispanic or Latino,0.0,45.0,4,0.0,0.0,0.0,0.0,0.0,0.0,0.0,0.0,0.0,0.0,0.0,0.0,0.0,0.0,0.0,0.0,0.0,0.0,GG,*1/*1,0,T/T,C/G,3.0,0,0,GG,AA,OTHER,0,0,0,0,0,0,0,0,0,0,0,0,0,0,0,0,0,0,0,0,0,0,0,0,0,0,0,0,0,0,0,0,0,0,0,0,0,0,0,0,0,0,0,0,0.0,0,0,0,0.0,2025.0,0,0.0,49.0,30.301353,18.698646545410156
male,Asian,not Hispanic or Latino,0.0,63.0,1 or 2,0.0,0.0,0.0,0.0,0.0,0.0,0.0,0.0,0.0,0.0,0.0,0.0,0.0,0.0,0.0,0.0,0.0,0.0,GG,*1/*1,0,C/T,C/G,5.0,0,0,GG,AG,OTHER,0,0,0,0,0,0,0,0,0,0,0,0,0,0,0,0,0,0,0,0,0,0,0,0,0,0,0,0,0,0,0,0,0,0,0,0,0,0,0,0,0,0,0,0,0.0,0,0,0,0.0,3969.0,0,0.0,17.5,31.814306,14.314306259155273
male,Asian,not Hispanic or Latino,0.0,60.4,1 or 2,0.0,0.0,0.0,0.0,0.0,0.0,0.0,0.0,0.0,0.0,0.0,0.0,0.0,0.0,0.0,0.0,0.0,0.0,AA,*1/*1,A/A,T/T,C/C,5.0,0,0,GG,AA,AA,0,0,0,0,0,0,0,0,0,0,0,0,0,0,0,0,0,0,0,0,0,0,0,0,0,0,0,0,0,0,0,0,0,0,0,0,0,0,0,0,0,0,0,0,0.0,0,0,0,0.0,3648.16,0,0.0,42.0,21.194126,20.80587387084961
male,Asian,not Hispanic or Latino,0.0,76.2,1 or 2,0.0,0.0,0.0,0.0,0.0,0.0,0.0,0.0,0.0,0.0,0.0,0.0,0.0,0.0,0.0,0.0,0.0,0.0,GG,*1/*1,0,C/T,C/G,8.0,0,0,GG,AG,OTHER,0,0,0,0,0,0,0,0,0,0,0,0,0,0,0,0,0,0,0,0,0,0,0,0,0,0,0,0,0,0,0,0,0,0,0,0,0,0,0,0,0,0,0,0,0.0,0,0,0,0.0,5806.4400000000005,0,0.0,14.0,27.375347,13.375347137451172
male,Asian,not Hispanic or Latino,0.0,46.8,8,0.0,0.0,0.0,0.0,0.0,0.0,0.0,0.0,0.0,0.0,0.0,0.0,0.0,0.0,0.0,0.0,0.0,0.0,GG,*1/*1,0,C/C,G/G,7.0,0,0,GG,GG,GG,0,0,0,0,0,0,0,0,0,0,0,0,0,0,0,0,0,0,0,0,0,0,0,0,0,0,0,0,0,0,0,0,0,0,0,0,0,0,0,0,0,0,0,0,0.0,0,0,0,0.0,2190.24,0,0.0,17.5,30.89005,13.390050888061523
female,Asian,not Hispanic or Latino,0.0,55.8,3,0.0,0.0,0.0,0.0,0.0,0.0,0.0,0.0,0.0,0.0,0.0,0.0,0.0,0.0,0.0,0.0,0.0,0.0,GG,0,0,T/T,C/C,4.0,0,0,GG,AA,AA,0,0,0,0,0,0,0,0,0,0,0,0,0,0,0,0,0,0,0,0,0,0,0,0,0,0,0,0,0,0,0,0,0,0,0,0,0,0,0,0,0,0,0,0,0.0,0,0,0,0.0,3113.64,0,0.0,45.5,23.9513,21.5487003326416
male,White,Unknown,168.0,172.0,2,0.0,0.0,0.0,0.0,0.0,0.0,0.0,0.0,0.0,0.0,0.0,0.0,0.0,0.0,0.0,0.0,0.0,1.0,GG,*1/*1,G/G,0,0,5.0,0,0,GG,GG,GG,1,1,1,0,0,0,0,0,0,0,0,0,0,0,0,0,0,0,0,0,0,0,0,0,0,0,0,0,0,0,0,0,0,0,0,0,0,0,0,0,0,0,0,0,172.0,0,0,0,0.0,29584.0,1,174.0,73.5,53.972603,19.52739715576172
male,White,Unknown,0.0,0.0,3,0.0,0.0,0.0,0.0,0.0,0.0,0.0,0.0,0.0,0.0,0.0,0.0,0.0,0.0,0.0,0.0,0.0,0.0,AG,*1/*1,A/G,0,0,7.0,0,0,AG,GG,GG,1,1,1,0,0,0,0,0,0,0,0,0,0,0,0,0,0,0,0,0,0,0,0,0,0,0,0,0,0,0,0,0,0,0,0,0,0,0,0,0,0,0,0,0,0.0,0,0,0,0.0,0.0,0,2.0,7.0,24.876139,17.87613868713379
female,White,Unknown,172.01,127.0,2,0.0,0.0,0.0,0.0,0.0,0.0,0.0,0.0,0.0,0.0,0.0,0.0,0.0,0.0,0.0,0.0,0.0,0.0,AG,*1/*1,A/G,0,0,5.0,0,0,AG,GG,GG,1,1,1,0,0,0,0,0,0,0,0,0,0,0,0,0,0,0,0,0,0,0,0,0,0,0,0,0,0,0,0,0,0,0,0,0,0,0,0,0,0,0,0,0,127.0,0,0,0,0.0,16129.0,1,129.0,21.0,37.333473,16.333473205566406
male,White,Unknown,180.01,91.0,2,0.0,0.0,0.0,0.0,0.0,0.0,0.0,0.0,0.0,0.0,0.0,0.0,0.0,0.0,0.0,0.0,0.0,0.0,GG,*1/*1,G/G,C/C,G/G,4.0,0,0,GG,GG,GG,1,1,1,0,0,0,0,0,0,0,0,0,0,0,0,0,0,0,0,0,0,0,0,0,0,0,0,0,0,0,0,0,0,0,0,0,0,0,0,0,0,0,0,0,91.0,0,0,0,0.0,8281.0,1,93.0,87.5,51.202354,36.297645568847656
male,White,Unknown,167.0,87.0,3,0.0,0.0,0.0,0.0,0.0,0.0,0.0,0.0,0.0,0.0,0.0,0.0,0.0,0.0,0.0,0.0,0.0,0.0,GG,*1/*1,G/G,0,0,5.0,0,0,GG,GG,GG,1,1,1,0,0,0,0,0,0,0,0,0,0,0,0,0,0,0,0,0,0,0,0,0,0,0,0,0,0,0,0,0,0,0,0,0,0,0,0,0,0,0,0,0,87.0,0,0,0,0.0,7569.0,0,89.0,21.0,39.735634,18.735633850097656
female,White,Unknown,162.0,96.0,2,0.0,0.0,0.0,0.0,0.0,0.0,0.0,0.0,0.0,0.0,0.0,0.0,0.0,0.0,0.0,0.0,0.0,0.0,GG,0,G/G,0,0,5.0,0,0,GG,GG,GG,1,1,1,0,0,0,0,0,0,0,0,0,0,0,0,0,0,0,0,0,0,0,0,0,0,0,0,0,0,0,0,0,0,0,0,0,0,0,0,0,0,0,0,0,96.0,0,0,0,0.0,9216.0,1,98.0,49.0,34.142326,14.857673645019531
male,White,Unknown,167.0,103.0,0,0.0,0.0,0.0,1.0,0.0,0.0,0.0,0.0,0.0,0.0,0.0,0.0,0.0,0.0,0.0,0.0,0.0,0.0,GG,*1/*1,G/G,0,0,7.0,0,0,GG,GG,GG,1,1,1,0,0,0,0,0,0,0,0,0,0,0,0,0,0,0,0,0,0,0,0,0,0,0,0,0,0,0,0,0,0,0,0,0,0,0,0,0,0,0,0,0,103.0,0,0,0,0.0,10609.0,1,106.0,46.97,32.61439,14.355608673095702
male,Black or African American,not Hispanic or Latino,187.96,145.0,3,0.0,0.0,0.0,0.0,1.0,0.0,0.0,0.0,0.0,0.0,0.0,0.0,0.0,0.0,0.0,0.0,0.0,0.0,GG,*1/*1,0,C/C,G/G,4.0,0,0,GG,GG,GG,0,1,0,0,0,0,0,0,0,0,0,0,0,0,0,0,0,0,0,0,0,0,0,0,0,0,0,0,0,0,0,0,0,0,0,0,0,0,0,0,0,0,0,0,0.0,0,0,0,0.0,21025.0,1,1.0,44.63,63.01958,18.38958084106445
female,White,Unknown,162.56,90.6,3,0.0,0.0,0.0,0.0,0.0,0.0,0.0,0.0,0.0,0.0,0.0,0.0,0.0,0.0,0.0,0.0,0.0,0.0,GG,*1/*2,G/G,C/C,G/G,7.0,1,1,GG,GG,GG,0,0,0,0,0,0,0,0,0,0,0,0,1,0,0,0,0,0,0,0,0,0,0,0,0,0,0,0,0,0,0,0,0,0,0,0,0,0,0,0,0,0,0,0,0.0,0,0,0,90.6,8208.359999999999,1,0.0,55.65,31.32433,24.325670623779295
male,White,Unknown,167.64,65.0,1,0.0,0.0,0.0,0.0,0.0,0.0,0.0,1.0,0.0,0.0,0.0,0.0,0.0,0.0,0.0,0.0,0.0,1.0,GG,*1/*2,0,T/T,C/C,4.0,1,1,GG,AA,AA,0,0,0,0,0,0,0,0,0,0,0,0,0,0,0,0,0,0,0,0,0,0,0,0,0,0,0,0,0,0,0,0,0,0,0,0,0,0,0,0,0,0,0,0,0.0,0,0,0,65.0,4225.0,0,1.0,18.16,31.805908,13.645908203125
male,White,Unknown,170.18,61.2,1,0.0,0.0,0.0,0.0,0.0,0.0,0.0,0.0,0.0,0.0,0.0,0.0,0.0,0.0,0.0,0.0,0.0,1.0,GG,*1/*1,0,C/C,G/G,2.0,0,0,GG,GG,GG,0,0,0,0,0,0,0,0,0,0,0,0,0,0,0,0,0,0,0,0,0,0,0,0,0,0,0,0,0,0,0,0,0,0,0,0,0,0,0,0,0,0,0,0,0.0,0,0,0,0.0,3745.4400000000005,0,0.0,43.83,58.608215,14.778215332031252
female,White,Unknown,157.48,71.0,4,0.0,1.0,0.0,0.0,0.0,0.0,0.0,0.0,0.0,0.0,0.0,0.0,0.0,0.0,0.0,0.0,0.0,0.0,GG,*1/*2,0,C/C,G/G,8.0,1,1,GG,GG,GG,0,0,0,0,0,0,0,0,0,0,0,0,0,0,0,0,0,0,0,0,0,0,0,0,0,0,0,0,0,0,0,0,0,0,0,0,0,0,0,0,0,0,0,0,0.0,0,0,0,71.0,5041.0,0,0.0,47.68,30.93989,16.740110092163086
female,White,Unknown,165.1,63.3,1,0.0,0.0,0.0,0.0,0.0,0.0,0.0,0.0,0.0,0.0,0.0,0.0,0.0,0.0,0.0,0.0,0.0,0.0,GG,*1/*1,0,C/T,C/G,5.0,0,0,GG,AG,OTHER,0,1,0,0,0,0,0,0,0,0,0,0,0,0,0,0,0,0,0,0,0,0,0,0,0,0,0,0,0,0,0,0,0,0,0,0,0,0,0,0,0,0,0,0,0.0,0,0,0,0.0,4006.8899999999994,0,0.0,63.17,37.429867,25.740133209228517
male,White,Unknown,182.88,107.5,5,1.0,0.0,0.0,0.0,0.0,0.0,0.0,0.0,1.0,0.0,0.0,0.0,0.0,0.0,0.0,0.0,0.0,0.0,GG,*1/*1,0,C/C,G/G,4.0,0,0,GG,GG,GG,0,0,0,0,0,0,0,0,0,0,0,0,0,0,0,0,0,0,0,0,0,0,0,0,0,0,0,0,0,0,0,0,0,0,0,0,0,0,0,0,0,0,0,0,0.0,0,0,0,0.0,11556.25,1,1.0,65.96,52.489655,13.470345458984369
male,White,not Hispanic or Latino,162.56,79.6,0,0.0,0.0,0.0,0.0,0.0,0.0,0.0,0.0,0.0,0.0,0.0,0.0,0.0,0.0,0.0,0.0,0.0,0.0,GG,*1/*2,0,C/T,0,4.0,1,1,GG,AG,GG,0,1,0,0,0,0,0,0,0,0,0,0,0,0,0,0,0,0,1,0,0,0,0,0,0,0,0,0,0,0,0,0,0,0,0,0,0,0,0,0,0,0,0,0,0.0,0,0,0,79.6,6336.159999999999,0,0.0,49.98,36.25325,13.726749877929684
female,White,not Hispanic or Latino,167.64,78.2,3,0.0,0.0,0.0,0.0,0.0,0.0,0.0,0.0,0.0,0.0,0.0,0.0,0.0,0.0,0.0,1.0,0.0,0.0,GG,0,G/G,C/C,G/G,7.0,1,0,GG,GG,GG,0,0,0,0,0,0,0,0,0,0,0,0,0,0,0,0,0,0,0,0,0,0,0,0,0,0,0,0,1,0,0,0,0,0,0,0,0,0,0,0,0,0,0,0,0.0,0,0,0,78.2,6115.240000000001,0,0.0,20.02,34.826504,14.80650375366211
female,Black or African American,not Hispanic or Latino,162.56,81.8,8,0.0,0.0,0.0,0.0,0.0,0.0,0.0,0.0,0.0,0.0,0.0,0.0,0.0,0.0,0.0,0.0,0.0,0.0,AG,*1/*1,A/G,C/T,C/G,3.0,0,0,GG,AG,OTHER,0,0,0,0,0,0,0,0,0,0,0,0,0,0,0,0,0,0,0,0,0,0,0,0,0,0,0,0,1,0,0,0,0,0,0,0,0,0,0,0,0,0,0,0,0.0,0,0,0,0.0,6691.24,0,0.0,21.0,39.024273,18.024272918701172
male,Black or African American,not Hispanic or Latino,180.34,102.3,3; 8,1.0,0.0,0.0,0.0,0.0,0.0,0.0,1.0,0.0,0.0,0.0,0.0,0.0,0.0,0.0,0.0,0.0,0.0,GG,*1/*3,0,C/C,0,5.0,2,2,GG,GG,GG,0,1,0,0,0,0,0,0,0,0,0,0,0,0,0,0,0,0,1,0,0,0,0,0,0,0,0,0,1,1,0,0,0,0,0,0,0,0,0,0,0,0,0,0,0.0,0,0,0,204.6,10465.289999999999,1,1.0,45.01,28.16755,16.842450866699217
female,White,not Hispanic or Latino,162.56,92.7,8,1.0,0.0,0.0,0.0,0.0,0.0,0.0,0.0,0.0,0.0,0.0,0.0,0.0,0.0,0.0,0.0,0.0,1.0,GG,*1/*1,0,C/T,0,4.0,0,0,GG,AG,GG,0,0,0,0,0,0,0,0,0,0,0,0,0,0,0,0,0,0,0,0,0,0,0,0,0,0,0,0,0,0,0,0,0,0,0,0,0,0,0,0,0,0,0,0,0.0,0,0,0,0.0,8593.29,1,0.0,27.51,46.816013,19.30601333618164
female,White,not Hispanic or Latino,154.94,137.3,8,0.0,0.0,0.0,0.0,0.0,0.0,0.0,0.0,0.0,0.0,0.0,0.0,0.0,0.0,0.0,0.0,0.0,0.0,GG,*1/*1,0,C/C,0,4.0,0,0,GG,GG,GG,0,0,0,0,0,0,0,0,0,0,0,0,0,0,0,0,0,0,0,0,0,0,0,0,0,0,0,0,0,1,0,0,0,0,0,0,0,0,0,0,0,0,0,0,0.0,0,0,0,0.0,18851.290000000005,1,0.0,37.52,57.098682,19.57868240356445
female,Black or African American,not Hispanic or Latino,165.1,95.5,0,0.0,0.0,0.0,1.0,0.0,0.0,0.0,0.0,0.0,0.0,0.0,0.0,0.0,0.0,0.0,0.0,0.0,0.0,GG,*1/*3,0,C/T,0,4.0,2,2,GG,AG,GG,0,0,0,0,0,0,0,0,0,0,0,0,0,0,0,0,0,0,0,0,0,0,0,0,0,0,0,0,0,0,0,0,0,0,0,0,0,0,0,0,0,0,0,0,0.0,0,0,0,191.0,9120.25,1,1.0,45.01,30.203531,14.806468734741209
male,Black or African American,not Hispanic or Latino,177.8,84.1,8,1.0,0.0,0.0,0.0,0.0,0.0,0.0,0.0,0.0,0.0,0.0,0.0,0.0,0.0,0.0,0.0,0.0,0.0,GG,*1/*1,0,C/C,0,2.0,0,0,GG,GG,GG,0,0,0,0,0,0,0,0,0,0,0,0,0,0,0,0,0,0,0,0,0,0,0,0,0,0,0,0,0,0,0,0,0,0,0,0,0,0,0,0,0,0,0,0,0.0,0,0,0,0.0,7072.8099999999995,0,0.0,82.53,43.22332,39.30667999267578
male,Black or African American,not Hispanic or Latino,185.42,82.7,0,0.0,0.0,0.0,0.0,0.0,0.0,0.0,1.0,0.0,0.0,0.0,0.0,0.0,0.0,0.0,0.0,0.0,1.0,GG,*1/*1,G/G,C/C,C/G,5.0,0,0,GG,GG,OTHER,0,0,0,0,0,0,0,0,0,0,0,0,0,0,0,0,0,0,0,0,0,0,0,0,0,0,0,0,0,0,0,0,0,0,0,0,0,0,0,0,0,0,0,0,0.0,0,0,0,0.0,6839.290000000001,0,1.0,37.52,50.95484,13.434841613769528
female,Black or African American,not Hispanic or Latino,162.56,69.6,8,0.0,0.0,0.0,0.0,0.0,0.0,0.0,0.0,0.0,0.0,0.0,0.0,1.0,0.0,0.0,0.0,0.0,0.0,GG,*1/*1,0,C/C,0,8.0,0,0,GG,GG,GG,0,0,0,0,0,0,0,0,0,0,0,0,0,0,0,0,0,0,0,0,0,0,0,0,0,0,0,0,1,1,0,0,0,0,0,0,0,0,0,0,0,0,0,0,0.0,0,0,0,0.0,4844.159999999999,0,0.0,45.01,31.400465,13.609534988403318
female,White,not Hispanic or Latino,172.72,84.1,3; 8,1.0,0.0,0.0,0.0,1.0,0.0,0.0,0.0,0.0,0.0,0.0,0.0,0.0,0.0,0.0,0.0,0.0,0.0,GG,*1/*1,0,C/C,0,5.0,0,0,GG,GG,GG,0,1,0,0,0,0,0,0,0,0,0,0,0,0,0,0,0,0,1,0,0,0,0,0,0,0,0,0,0,0,0,0,0,0,0,0,0,0,0,0,0,0,0,0,0.0,0,0,0,0.0,7072.8099999999995,0,1.0,59.99,42.197445,17.792555084228518
male,White,not Hispanic or Latino,182.88,111.8,3; 8,1.0,0.0,0.0,0.0,0.0,1.0,0.0,0.0,0.0,0.0,0.0,0.0,0.0,0.0,0.0,0.0,0.0,0.0,GG,*1/*2,0,C/C,0,7.0,1,1,GG,GG,GG,0,1,0,0,0,0,0,0,0,0,0,0,0,0,0,0,0,0,1,0,0,0,0,0,0,0,0,0,0,1,0,0,0,0,0,0,0,0,0,0,0,0,1,0,0.0,0,0,0,111.8,12499.24,1,1.0,49.98,36.19123,13.788769226074216
female,Black or African American,not Hispanic or Latino,177.8,177.3,8,1.0,0.0,0.0,0.0,0.0,0.0,0.0,0.0,0.0,0.0,0.0,0.0,0.0,0.0,0.0,0.0,0.0,1.0,GG,*1/*1,0,C/C,0,5.0,0,0,GG,GG,GG,0,1,0,0,0,0,0,0,0,0,0,0,0,0,0,0,0,0,1,0,0,0,0,0,0,0,0,0,1,0,0,0,0,0,0,0,0,0,0,0,0,0,0,0,0.0,0,0,0,0.0,31435.290000000005,1,0.0,12.5,70.2679,57.76789855957031
male,White,not Hispanic or Latino,187.96,125.0,3; 8,0.0,0.0,0.0,0.0,1.0,0.0,0.0,0.0,0.0,0.0,1.0,0.0,0.0,0.0,0.0,0.0,0.0,0.0,AG,*1/*1,A/G,C/T,C/G,5.0,0,0,GG,AG,OTHER,1,1,0,0,0,0,0,0,0,0,0,0,0,0,0,0,0,0,1,0,0,0,0,0,0,0,0,0,0,1,0,0,0,0,0,0,0,0,0,0,0,0,0,0,125.0,0,0,0,0.0,15625.0,1,128.0,52.5,38.204872,14.295127868652344
