gender,race,ethnicity,height_cm,weight_kg,indication_for_warfarin_treatment,diabetes,congestive_heart_failure_and_or_cardiomyopathy,valve_replacement,aspirin,acetaminophen_or_paracetamol_tylenol,simvastatin_zocor,atorvastatin_lipitor,fluvastatin_lescol,lovastatin_mevacor,pravastatin_pravachol,rosuvastatin_crestor,cerivastatin_baycol,amiodarone_cordarone,carbamazepine_tegretol,phenytoin_dilantin,rifampin_or_rifampicin,sulfonamide_antibiotics,macrolide_antibiotics,anti-fungal_azoles,current_smoker,cyp2c9_consensus,vkorc1_-1639_consensus,vkorc1_497_consensus,vkorc1_1173_consensus,vkorc1_1542_consensus,vkorc1_3730_consensus,vkorc1_2255_consensus,vkorc1_-4451_consensus,age_decade,cyp2c9_clean,cyp2c9_score,vkorc1,amiodarone,simvastatin,azole,fluconazole,metronidazole,erythromycin,verapamil,ciprofloxacin,clopidogrel,ibuprofen,heparin,fluoxetine,paroxetin,duloxetine,enoxaparin,alteplase,abciximab,dipyridamole,rifampin,carbamazepine,phenytoin,st.johns_wort,fluvastatin,atorvastatin,lovastatin,rosuvastatin,ezetimibe,hypertension,heart_failure,stroke,atrial_fibrillation,deep_vein_thrombosis,pulmonary_embolism,liver_disease,cirrhosis,hepatitis,chronic_kidney_disease,renal_failure,anemia,bleeding_disorder,cancer,malignancy,y_true,y_pred,abs_error
male,White,not Hispanic or Latino,187.96,111.1,7,0.0,0.0,0.0,0.0,0.0,0.0,0.0,0.0,0.0,0.0,0.0,0.0,0.0,0.0,0.0,0.0,0.0,0.0,0.0,0.0,*1/*1,A/G,G/T,0,C/G,G/G,0,0,6.0,*1/*1,0,OTHER,0,0,0,0,0,0,0,0,0,0,0,0,0,0,0,0,0,0,0,0,0,0,0,0,0,0,0,0,0,0,0,0,0,0,0,0,0,0,0,0,1,0,77.0,42.625,34.375
male,White,not Hispanic or Latino,180.34,126.1,7,0.0,0.0,0.0,0.0,0.0,0.0,0.0,0.0,0.0,0.0,0.0,0.0,0.0,0.0,0.0,0.0,0.0,0.0,0.0,0.0,*1/*1,G/G,T/T,C/C,G/G,A/G,C/C,A/C,6.0,*1/*1,0,OTHER,0,0,0,0,0,0,0,0,0,0,0,0,0,0,0,0,0,0,0,0,0,0,0,0,0,0,0,0,0,0,0,0,0,0,0,0,0,0,0,0,1,0,42.0,65.524124,23.524124145507812
male,White,not Hispanic or Latino,180.34,120.2,7,0.0,0.0,0.0,0.0,0.0,0.0,0.0,0.0,0.0,0.0,0.0,0.0,0.0,0.0,0.0,0.0,0.0,0.0,0.0,1.0,*1/*1,G/G,T/T,0,G/G,A/G,0,0,3.0,*1/*1,0,OTHER,0,0,0,0,0,0,0,0,0,0,0,0,0,0,0,0,0,0,0,0,0,0,0,0,0,0,0,0,0,0,0,0,0,0,0,0,0,0,0,0,1,0,88.0,66.19318,21.80682373046875
female,White,not Hispanic or Latino,152.4,60.3,8,0.0,0.0,0.0,0.0,0.0,0.0,0.0,0.0,0.0,0.0,0.0,0.0,0.0,0.0,0.0,0.0,0.0,0.0,0.0,0.0,*1/*1,A/G,G/T,0,C/G,G/G,0,0,7.0,*1/*1,0,OTHER,0,0,0,0,0,0,0,0,0,0,0,0,0,0,0,0,0,0,0,0,0,0,0,0,0,0,0,0,0,0,0,0,0,0,0,0,0,0,0,0,0,0,39.0,25.670368,13.329631805419922
male,White,not Hispanic or Latino,182.88,99.8,3,0.0,0.0,0.0,0.0,0.0,0.0,0.0,0.0,0.0,0.0,0.0,0.0,0.0,0.0,0.0,0.0,0.0,0.0,0.0,0.0,*1/*3,G/G,T/T,0,G/G,A/G,0,0,7.0,*1/*3,2,OTHER,0,0,0,0,0,0,0,0,0,0,0,0,0,0,0,0,0,0,0,0,0,0,0,0,0,0,0,0,0,0,0,0,0,0,0,0,0,0,0,0,0,0,17.0,37.35393,20.353931427001953
male,White,not Hispanic or Latino,162.56,88.5,3,0.0,0.0,0.0,0.0,0.0,0.0,0.0,0.0,0.0,0.0,0.0,0.0,0.0,0.0,0.0,0.0,0.0,0.0,0.0,0.0,*1/*1,G/G,T/T,0,G/G,G/G,0,0,7.0,*1/*1,0,OTHER,0,0,0,0,0,0,0,0,0,0,0,0,0,0,0,0,0,0,0,0,0,0,0,0,0,0,0,0,0,0,0,0,0,0,0,0,0,0,0,0,0,0,28.0,41.92328,13.92327880859375
male,White,not Hispanic or Latino,161.29,63.5,8,0.0,0.0,0.0,1.0,0.0,0.0,0.0,0.0,0.0,0.0,0.0,0.0,0.0,0.0,0.0,0.0,0.0,0.0,0.0,1.0,*1/*2,G/G,T/T,0,G/G,A/A,0,0,6.0,*1/*2,1,OTHER,0,0,0,0,0,0,0,0,0,0,0,0,0,0,0,0,0,0,0,0,0,0,0,0,0,0,0,0,0,0,0,0,0,0,0,0,0,0,0,0,0,0,25.0,40.619606,15.619606018066406
male,White,not Hispanic or Latino,190.5,99.8,3,0.0,0.0,0.0,0.0,0.0,0.0,0.0,0.0,0.0,0.0,0.0,0.0,0.0,0.0,0.0,0.0,0.0,0.0,0.0,1.0,*1/*1,G/G,T/T,0,G/G,A/G,0,0,7.0,*1/*1,0,OTHER,0,0,0,0,0,0,0,0,0,0,0,0,0,0,0,0,0,0,0,0,0,0,0,0,0,0,0,0,0,0,0,0,0,0,0,0,0,0,0,0,0,0,70.0,51.781067,18.21893310546875
female,White,not Hispanic or Latino,152.4,44.0,8,0.0,0.0,0.0,1.0,0.0,0.0,0.0,0.0,0.0,0.0,0.0,0.0,0.0,0.0,0.0,0.0,0.0,0.0,0.0,0.0,*1/*3,G/G,T/T,0,G/G,A/A,0,0,8.0,*1/*3,2,OTHER,0,0,0,0,0,0,0,0,0,0,0,0,0,0,0,0,0,0,0,0,0,0,0,0,0,0,0,0,0,0,0,0,0,0,0,0,0,0,0,0,0,0,35.0,18.609594,16.390405654907227
male,White,not Hispanic or Latino,172.72,102.5,8,0.0,0.0,0.0,0.0,0.0,0.0,0.0,0.0,0.0,0.0,0.0,0.0,0.0,0.0,0.0,0.0,0.0,0.0,0.0,1.0,*1/*1,G/G,T/T,0,G/G,A/A,0,0,4.0,*1/*1,0,OTHER,0,0,0,0,0,0,0,0,0,0,0,0,0,0,0,0,0,0,0,0,0,0,0,0,0,0,0,0,0,0,0,0,0,0,0,0,0,0,0,0,0,0,84.0,57.80868,26.19131851196289
female,White,not Hispanic or Latino,171.45,59.0,3,0.0,0.0,0.0,0.0,0.0,0.0,0.0,0.0,0.0,0.0,0.0,0.0,0.0,0.0,0.0,0.0,0.0,0.0,0.0,0.0,*1/*1,A/G,G/T,C/T,C/G,G/G,C/T,A/C,7.0,*1/*1,0,OTHER,0,0,0,0,0,0,0,0,0,0,0,0,0,0,0,0,0,0,0,0,0,0,0,0,0,0,0,0,0,0,0,0,0,0,0,0,0,0,0,0,0,0,9.0,26.34132,17.341320037841797
female,White,not Hispanic or Latino,160.02,86.6,8,0.0,0.0,0.0,0.0,0.0,0.0,0.0,0.0,0.0,0.0,0.0,0.0,0.0,0.0,0.0,0.0,0.0,0.0,0.0,0.0,*1/*1,A/G,G/T,0,C/G,G/G,0,0,4.0,*1/*1,0,OTHER,0,0,0,0,0,0,0,0,0,0,0,0,0,0,0,0,0,0,0,0,0,0,0,0,0,0,0,0,0,0,0,0,0,0,0,0,0,0,0,0,1,0,64.0,41.22897,22.77103042602539
male,White,not Hispanic or Latino,170.18,118.4,3,0.0,0.0,0.0,0.0,0.0,0.0,0.0,0.0,0.0,0.0,0.0,0.0,0.0,0.0,0.0,0.0,0.0,0.0,0.0,0.0,*1/*1,A/G,G/T,0,C/G,A/G,0,0,7.0,*1/*1,0,OTHER,0,0,0,0,0,0,0,0,0,0,0,0,0,0,0,0,0,0,0,0,0,0,0,0,0,0,0,0,0,0,0,0,0,0,0,0,0,0,0,0,1,0,20.0,36.72237,16.722370147705078
female,White,not Hispanic or Latino,167.64,77.1,8,0.0,0.0,0.0,0.0,0.0,0.0,0.0,0.0,0.0,0.0,0.0,0.0,0.0,0.0,0.0,0.0,0.0,0.0,0.0,1.0,*1/*1,G/G,T/T,0,G/G,G/G,0,0,4.0,*1/*1,0,OTHER,0,0,0,0,0,0,0,0,0,0,0,0,0,0,0,0,0,0,0,0,0,0,0,0,0,0,0,0,0,0,0,0,0,0,0,0,0,0,0,0,0,0,90.0,55.5733,34.426700592041016
male,White,not Hispanic or Latino,182.88,77.1,8,0.0,0.0,0.0,0.0,0.0,0.0,0.0,0.0,0.0,0.0,0.0,0.0,0.0,0.0,0.0,0.0,0.0,0.0,0.0,1.0,*1/*1,A/G,G/T,0,C/C,G/G,0,0,4.0,*1/*1,0,OTHER,0,0,0,0,0,0,0,0,0,0,0,0,0,0,0,0,0,0,0,0,0,0,0,0,0,0,0,0,0,0,0,0,0,0,0,0,0,0,0,0,0,0,70.0,42.181717,27.818283081054688
female,White,not Hispanic or Latino,163.83,100.7,8,0.0,0.0,0.0,0.0,0.0,0.0,0.0,0.0,0.0,0.0,0.0,0.0,0.0,0.0,0.0,0.0,0.0,0.0,0.0,0.0,*1/*1,G/G,T/T,0,G/G,A/G,0,0,5.0,*1/*1,0,OTHER,0,0,0,0,0,0,0,0,0,0,0,0,0,0,0,0,0,0,0,0,0,0,0,0,0,0,0,0,0,0,0,0,0,0,0,0,0,0,0,0,0,0,88.0,51.818,36.18199920654297
female,Black or African American,not Hispanic or Latino,179.07,86.2,3,0.0,0.0,0.0,0.0,0.0,0.0,0.0,0.0,0.0,0.0,0.0,0.0,0.0,0.0,0.0,0.0,0.0,0.0,0.0,0.0,*1/*1,G/G,T/T,0,G/G,A/G,0,0,7.0,*1/*1,0,OTHER,0,0,0,0,0,0,0,0,0,0,0,0,0,0,0,0,0,0,0,0,0,0,0,0,0,0,0,0,0,0,0,0,0,0,0,0,0,0,0,0,0,0,30.0,43.087006,13.087005615234375
female,Black or African American,not Hispanic or Latino,170.18,129.7,8,0.0,0.0,0.0,0.0,0.0,0.0,0.0,0.0,0.0,0.0,0.0,0.0,0.0,0.0,0.0,0.0,0.0,0.0,0.0,0.0,*1/*1,G/G,T/T,0,C/G,A/G,0,0,5.0,*1/*1,0,OTHER,0,0,0,0,0,0,0,0,0,0,0,0,0,0,0,0,0,0,0,0,0,0,0,0,0,0,0,0,0,0,0,0,0,0,0,0,0,0,0,0,0,0,115.0,49.744087,65.25591278076172
female,White,not Hispanic or Latino,157.48,65.8,8,0.0,0.0,0.0,0.0,0.0,0.0,0.0,0.0,0.0,0.0,0.0,0.0,0.0,0.0,0.0,0.0,0.0,0.0,0.0,0.0,*1/*1,G/G,T/T,0,G/G,A/G,0,0,7.0,*1/*1,0,OTHER,0,0,0,0,0,0,0,0,0,0,0,0,0,0,0,0,0,0,0,0,0,0,0,0,0,0,0,0,0,0,0,0,0,0,0,0,0,0,0,0,0,0,56.0,36.12957,19.87042999267578
male,White,not Hispanic or Latino,167.64,73.0,8,0.0,0.0,0.0,1.0,0.0,0.0,0.0,0.0,0.0,0.0,0.0,0.0,0.0,0.0,0.0,0.0,0.0,0.0,0.0,0.0,*1/*1,G/G,0,0,0,A/G,0,0,3.0,*1/*1,0,OTHER,0,0,0,0,0,0,0,0,0,0,0,0,0,0,0,0,0,0,0,0,0,0,0,0,0,0,0,0,0,0,0,0,0,0,0,0,0,0,0,0,0,0,98.0,47.84629,50.153709411621094
female,White,not Hispanic or Latino,0.0,78.7,8,0.0,0.0,0.0,0.0,0.0,0.0,0.0,0.0,0.0,0.0,0.0,0.0,0.0,0.0,0.0,0.0,0.0,0.0,0.0,0.0,*1/*1,A/A,G/T,T/T,C/C,G/G,T/T,C/C,5.0,*1/*1,0,GG,0,0,1,0,0,0,0,0,0,0,0,0,0,0,0,0,0,0,0,0,0,0,0,0,0,0,0,1,0,0,0,0,0,0,0,0,0,0,0,0,0,0,9.1,22.2183,13.118299865722657
female,White,not Hispanic or Latino,163.55,88.6,1,0.0,0.0,0.0,1.0,1.0,0.0,0.0,0.0,0.0,0.0,0.0,0.0,0.0,0.0,0.0,0.0,0.0,0.0,0.0,0.0,*1/*2,0,G/T,0,C/G,0,0,0,2.0,*1/*2,1,GG,0,0,1,0,0,0,0,0,0,0,0,0,0,0,1,0,0,0,0,0,0,0,0,0,0,0,0,1,0,0,0,0,0,0,0,0,0,0,0,0,0,0,15.47,44.090843,28.620843200683595
female,White,not Hispanic or Latino,0.0,81.3,1,0.0,0.0,0.0,0.0,0.0,1.0,0.0,0.0,0.0,0.0,0.0,0.0,0.0,0.0,0.0,0.0,0.0,0.0,0.0,0.0,*1/*1,0,T/T,0,G/G,0,0,0,5.0,*1/*1,0,GG,0,1,0,0,0,0,0,0,0,0,0,0,0,0,1,0,0,0,0,0,0,0,0,0,0,0,0,1,0,0,0,0,0,0,0,0,0,0,0,0,0,0,67.41,51.317043,16.092956695556637
male,White,not Hispanic or Latino,0.0,0.0,1,1.0,0.0,0.0,1.0,0.0,1.0,0.0,0.0,0.0,0.0,0.0,0.0,0.0,0.0,0.0,0.0,0.0,0.0,0.0,0.0,*1/*3,0,T/T,0,G/G,0,0,0,5.0,*1/*3,2,GG,0,1,1,0,0,0,0,0,0,0,1,0,0,0,1,0,0,0,0,1,0,0,0,0,0,0,0,1,0,0,0,0,0,0,0,0,0,0,0,0,0,0,70.0,25.448282,44.55171775817871
female,White,not Hispanic or Latino,0.0,0.0,2,0.0,0.0,0.0,1.0,0.0,0.0,0.0,0.0,0.0,0.0,0.0,0.0,0.0,0.0,0.0,0.0,0.0,0.0,1.0,0.0,*1/*1,0,G/T,0,C/G,0,0,0,7.0,*1/*1,0,GG,0,0,1,1,0,0,0,0,0,0,0,0,0,0,0,0,0,0,0,0,0,0,0,0,0,0,0,0,0,0,0,0,0,0,0,0,0,0,0,0,0,0,6.3,31.41173,25.11172981262207
male,White,not Hispanic or Latino,186.18,131.0,3,0.0,0.0,0.0,1.0,0.0,1.0,1.0,0.0,0.0,0.0,0.0,0.0,0.0,0.0,0.0,0.0,0.0,0.0,0.0,0.0,*1/*1,0,G/T,0,C/G,0,0,0,5.0,*1/*1,0,GG,0,1,1,0,0,0,0,0,0,0,1,0,0,0,1,0,0,0,0,0,0,0,0,1,0,0,0,1,0,0,0,0,0,0,0,0,0,0,0,0,0,0,63.21,46.23681,16.973191223144532
female,White,not Hispanic or Latino,0.0,58.8,3,0.0,0.0,0.0,0.0,0.0,0.0,0.0,0.0,0.0,0.0,0.0,0.0,0.0,0.0,0.0,0.0,0.0,0.0,0.0,0.0,*1/*3,0,T/T,0,G/G,0,0,0,6.0,*1/*3,2,GG,0,0,0,0,0,0,0,0,0,0,0,0,0,0,0,0,0,0,0,0,0,0,0,0,0,0,0,0,0,0,0,0,0,0,0,0,0,0,0,0,0,0,38.85,24.311607,14.538392639160158
male,White,Hispanic or Latino,0.0,78.7,3,0.0,0.0,0.0,1.0,0.0,0.0,0.0,0.0,0.0,1.0,0.0,0.0,0.0,0.0,0.0,0.0,0.0,0.0,0.0,0.0,*1/*1,0,G/T,0,C/C,0,0,0,7.0,*1/*1,0,GG,0,0,0,0,0,0,0,0,0,0,0,0,0,0,1,0,0,0,0,0,0,0,0,0,0,0,0,0,0,0,0,0,0,0,0,0,0,0,0,0,0,0,47.18,27.600252,19.579747848510742
male,Black or African American,not Hispanic or Latino,0.0,0.0,3,0.0,0.0,0.0,0.0,0.0,0.0,0.0,0.0,0.0,0.0,0.0,0.0,0.0,0.0,0.0,0.0,0.0,0.0,0.0,0.0,*1/*1,G/G,T/T,C/C,G/G,A/A,C/C,A/C,8.0,*1/*1,0,GG,0,0,0,0,0,0,0,0,0,0,0,0,0,0,1,0,0,0,0,0,0,0,0,0,0,0,0,1,0,0,0,0,0,0,0,0,0,0,0,0,0,0,52.5,33.351776,19.148223876953125
male,White,not Hispanic or Latino,170.15,92.5,3,0.0,0.0,0.0,0.0,0.0,0.0,0.0,0.0,0.0,0.0,0.0,0.0,0.0,0.0,0.0,0.0,0.0,0.0,0.0,0.0,*1/*1,0,T/T,0,G/G,0,0,0,8.0,*1/*1,0,GG,0,0,1,0,0,0,0,0,0,0,0,0,0,0,0,0,0,0,0,0,0,0,0,0,0,0,0,1,0,0,0,0,0,0,0,0,0,0,0,0,0,0,26.04,40.34703,14.307030639648438
female,White,not Hispanic or Latino,0.0,89.6,8,0.0,0.0,0.0,1.0,0.0,0.0,1.0,0.0,0.0,0.0,0.0,0.0,0.0,0.0,0.0,0.0,0.0,0.0,0.0,0.0,*1/*2,0,T/T,0,C/G,0,0,0,7.0,*1/*2,1,GG,0,0,1,0,0,0,0,0,1,0,0,0,0,0,0,0,0,0,0,0,0,0,0,1,0,0,0,1,0,0,0,0,0,0,0,0,0,0,0,0,0,0,42.0,24.838484,17.161516189575195
male,Asian,not Hispanic or Latino,163.07,67.0,8,0.0,0.0,0.0,0.0,0.0,0.0,0.0,0.0,0.0,0.0,0.0,0.0,0.0,0.0,0.0,0.0,0.0,0.0,0.0,0.0,*1/*1,A/A,0,T/T,C/C,G/G,T/T,0,7.0,*1/*1,0,OTHER,0,0,0,0,0,0,0,0,0,0,0,0,0,0,0,0,0,0,0,0,0,0,0,0,0,0,0,0,0,0,0,0,0,0,0,0,0,0,0,0,0,0,35.0,17.513922,17.4860782623291
male,Asian,not Hispanic or Latino,170.94,0.0,8,0.0,0.0,0.0,0.0,0.0,0.0,0.0,0.0,0.0,0.0,0.0,0.0,0.0,0.0,0.0,0.0,0.0,0.0,0.0,0.0,*1/*1,A/A,0,T/T,C/C,G/G,T/T,0,6.0,*1/*1,0,OTHER,0,0,0,0,0,0,0,0,0,0,0,0,0,0,0,0,0,0,0,0,0,0,0,0,0,0,0,0,0,0,0,0,0,0,0,0,0,0,0,0,0,0,35.0,17.565508,17.434492111206055
male,Asian,not Hispanic or Latino,173.99,63.0,1,0.0,0.0,0.0,0.0,0.0,0.0,0.0,0.0,0.0,0.0,0.0,0.0,0.0,0.0,0.0,0.0,0.0,0.0,0.0,0.0,*1/*1,A/A,0,T/T,C/C,G/G,T/T,0,7.0,*1/*1,0,OTHER,0,0,0,0,0,0,0,0,0,0,0,0,0,0,0,0,0,0,0,0,0,0,0,0,0,0,0,0,0,0,0,0,0,0,0,0,0,0,0,0,0,0,7.0,21.239212,14.239212036132812
female,Asian,not Hispanic or Latino,150.88,54.0,4; 7,0.0,0.0,1.0,0.0,0.0,0.0,0.0,0.0,0.0,0.0,0.0,0.0,0.0,0.0,0.0,0.0,0.0,0.0,0.0,0.0,*1/*1,A/A,0,T/T,C/C,G/G,T/T,0,5.0,*1/*1,0,OTHER,0,0,0,0,0,0,0,0,0,0,0,0,0,0,0,0,0,0,0,0,0,0,0,0,0,0,0,0,0,0,0,0,0,0,0,0,0,0,0,0,0,0,10.5,25.754686,15.25468635559082
female,Asian,not Hispanic or Latino,155.96,56.0,3,0.0,0.0,0.0,0.0,0.0,0.0,0.0,0.0,0.0,0.0,0.0,0.0,0.0,0.0,0.0,0.0,0.0,0.0,0.0,0.0,*1/*1,A/A,0,T/T,C/C,G/G,T/T,0,4.0,*1/*1,0,OTHER,0,0,0,0,0,0,0,0,0,0,0,0,0,0,0,0,0,0,0,0,0,0,0,0,0,0,0,0,0,0,0,0,0,0,0,0,0,0,0,0,0,0,7.0,20.622675,13.622674942016602
male,Asian,not Hispanic or Latino,168.91,52.5,3; 4,0.0,0.0,1.0,0.0,0.0,0.0,0.0,0.0,0.0,0.0,0.0,0.0,0.0,0.0,0.0,0.0,0.0,0.0,0.0,0.0,*1/*1,A/A,0,T/T,C/C,G/G,T/T,0,6.0,*1/*1,0,OTHER,0,0,0,0,0,0,0,0,0,0,0,0,0,0,0,0,0,0,0,0,0,0,0,0,0,0,0,0,0,0,0,0,0,0,0,0,0,0,0,0,0,0,45.5,20.666517,24.83348274230957
male,Asian,not Hispanic or Latino,164.08,56.0,4; 8,0.0,0.0,1.0,0.0,0.0,0.0,0.0,0.0,0.0,0.0,0.0,0.0,0.0,0.0,0.0,0.0,0.0,0.0,0.0,0.0,*1/*1,A/A,0,T/T,C/C,G/G,T/T,0,5.0,*1/*1,0,OTHER,0,0,0,0,0,0,0,0,0,0,0,0,0,0,0,0,0,0,0,0,0,0,0,0,0,0,0,0,0,0,0,0,0,0,0,0,0,0,0,0,0,0,42.0,22.967827,19.03217315673828
male,Asian,not Hispanic or Latino,150.88,57.0,7; 8,0.0,1.0,0.0,0.0,0.0,0.0,0.0,0.0,0.0,0.0,0.0,0.0,0.0,0.0,0.0,0.0,0.0,0.0,0.0,0.0,*1/*1,A/G,0,C/T,C/G,A/G,C/T,0,7.0,*1/*1,0,OTHER,0,0,0,0,0,0,0,0,0,0,0,0,0,0,0,0,0,0,0,0,0,0,0,0,0,0,0,0,0,0,0,0,0,0,0,0,0,0,0,0,0,0,10.5,24.25498,13.754980087280273
male,Asian,not Hispanic or Latino,163.07,56.0,4,0.0,0.0,1.0,0.0,0.0,0.0,0.0,0.0,0.0,0.0,0.0,0.0,0.0,0.0,0.0,0.0,0.0,0.0,0.0,0.0,*1/*1,A/G,0,C/T,C/G,A/G,C/T,0,5.0,*1/*1,0,OTHER,0,0,0,0,0,0,0,0,0,0,0,0,0,0,0,0,0,0,0,0,0,0,0,0,0,0,0,0,0,0,0,0,0,0,0,0,0,0,0,0,0,0,49.0,32.20645,16.793548583984375
male,Asian,not Hispanic or Latino,169.93,78.0,4,0.0,0.0,1.0,0.0,0.0,0.0,0.0,0.0,0.0,0.0,0.0,0.0,0.0,0.0,0.0,0.0,0.0,0.0,0.0,0.0,*1/*1,A/A,0,T/T,C/C,G/G,T/T,0,7.0,*1/*1,0,OTHER,0,0,0,0,0,0,0,0,0,0,0,0,0,0,0,0,0,0,0,0,0,0,0,0,0,0,0,0,0,0,0,0,0,0,0,0,0,0,0,0,0,0,35.0,21.015741,13.984258651733398
male,Asian,not Hispanic or Latino,169.93,65.0,7; 8,0.0,1.0,0.0,0.0,0.0,0.0,0.0,0.0,0.0,0.0,0.0,0.0,0.0,0.0,0.0,0.0,0.0,0.0,0.0,0.0,*1/*1,A/A,0,T/T,C/C,G/G,T/T,0,3.0,*1/*1,0,OTHER,0,0,0,0,0,0,0,0,0,0,0,0,0,0,0,0,0,0,0,0,0,0,0,0,0,0,0,0,0,0,0,0,0,0,0,0,0,0,0,0,0,0,35.0,21.665258,13.334741592407227
male,Asian,not Hispanic or Latino,170.94,71.0,3; 6,0.0,0.0,0.0,0.0,0.0,0.0,0.0,0.0,0.0,0.0,0.0,0.0,0.0,0.0,0.0,0.0,0.0,0.0,0.0,0.0,*1/*1,A/G,0,C/T,C/G,A/G,C/T,0,6.0,*1/*1,0,OTHER,0,0,0,0,0,0,0,0,0,0,0,0,0,0,0,0,0,0,0,0,0,0,0,0,0,0,0,0,0,0,0,0,0,0,0,0,0,0,0,0,0,0,10.5,30.468973,19.96897315979004
male,Asian,not Hispanic or Latino,180.09,73.0,3; 6,0.0,0.0,0.0,0.0,0.0,0.0,0.0,0.0,0.0,0.0,0.0,0.0,0.0,0.0,0.0,0.0,0.0,0.0,0.0,0.0,*1/*1,A/A,0,T/T,C/C,G/G,T/T,0,6.0,*1/*1,0,OTHER,0,0,0,0,0,0,0,0,0,0,0,0,0,0,0,0,0,0,0,0,0,0,0,0,0,0,0,0,0,0,0,0,0,0,0,0,0,0,0,0,0,0,7.0,20.576036,13.57603645324707
male,Asian,not Hispanic or Latino,165.1,70.0,6,0.0,0.0,0.0,0.0,0.0,0.0,0.0,0.0,0.0,0.0,0.0,0.0,0.0,0.0,0.0,0.0,0.0,0.0,0.0,0.0,*1/*1,A/G,0,C/T,C/G,A/G,C/T,0,7.0,*1/*1,0,OTHER,0,0,0,0,0,0,0,0,0,0,0,0,0,0,0,0,0,0,0,0,0,0,0,0,0,0,0,0,0,0,0,0,0,0,0,0,0,0,0,0,0,0,7.0,26.08732,19.08732032775879
female,Asian,not Hispanic or Latino,149.1,42.0,4; 8,0.0,1.0,1.0,0.0,0.0,0.0,0.0,0.0,0.0,0.0,0.0,0.0,0.0,0.0,0.0,0.0,0.0,0.0,0.0,0.0,*1/*1,A/A,0,T/T,C/C,G/G,T/T,0,6.0,*1/*1,0,OTHER,0,0,0,0,0,0,0,0,0,0,0,0,0,0,0,0,0,0,0,0,0,0,0,0,0,0,0,0,0,0,0,0,0,0,0,0,0,0,0,0,0,0,35.0,18.06866,16.931339263916016
male,Asian,not Hispanic or Latino,170.94,71.0,3; 8,0.0,0.0,0.0,0.0,0.0,0.0,0.0,0.0,0.0,0.0,0.0,0.0,0.0,0.0,0.0,0.0,0.0,0.0,0.0,0.0,*1/*1,A/G,0,C/T,C/G,A/G,C/T,0,7.0,*1/*1,0,OTHER,0,0,0,0,0,0,0,0,0,0,0,0,0,0,0,0,0,0,0,0,0,0,0,0,0,0,0,0,0,0,0,0,0,0,0,0,0,0,0,0,0,0,10.5,27.145624,16.6456241607666
male,Asian,not Hispanic or Latino,177.04,68.0,4,0.0,0.0,1.0,0.0,0.0,0.0,0.0,0.0,0.0,0.0,0.0,0.0,0.0,0.0,0.0,0.0,0.0,0.0,0.0,0.0,*1/*1,A/A,0,T/T,C/C,G/G,T/T,0,4.0,*1/*1,0,OTHER,0,0,0,0,0,0,0,0,0,0,0,0,0,0,0,0,0,0,0,0,0,0,0,0,0,0,0,0,0,0,0,0,0,0,0,0,0,0,0,0,0,0,42.0,26.22638,15.77362060546875
male,Asian,not Hispanic or Latino,168.91,69.0,3,0.0,0.0,0.0,0.0,0.0,0.0,0.0,0.0,0.0,0.0,0.0,0.0,0.0,0.0,0.0,0.0,0.0,0.0,0.0,0.0,*1/*1,A/G,0,C/T,C/G,A/G,C/T,0,5.0,*1/*1,0,OTHER,0,0,0,0,0,0,0,0,0,0,0,0,0,0,0,0,0,0,0,0,0,0,0,0,0,0,0,0,0,0,0,0,0,0,0,0,0,0,0,0,0,0,7.0,30.440664,23.440664291381836
female,Asian,not Hispanic or Latino,165.1,56.0,7; 8,0.0,1.0,0.0,0.0,0.0,0.0,0.0,0.0,0.0,0.0,0.0,0.0,0.0,0.0,0.0,0.0,0.0,0.0,0.0,0.0,*1/*1,A/A,0,T/T,C/C,G/G,T/T,0,2.0,*1/*1,0,OTHER,0,0,0,0,0,0,0,0,0,0,0,0,0,0,0,0,0,0,0,0,0,0,0,0,0,0,0,0,0,0,0,0,0,0,0,0,0,0,0,0,0,0,7.0,21.686707,14.68670654296875
male,Asian,not Hispanic or Latino,159.0,55.0,4; 6; 8,0.0,0.0,1.0,0.0,0.0,0.0,0.0,0.0,0.0,0.0,0.0,0.0,0.0,0.0,0.0,0.0,0.0,0.0,0.0,0.0,*1/*1,A/A,0,T/T,C/C,G/G,T/T,0,5.0,*1/*1,0,OTHER,0,0,0,0,0,0,0,0,0,0,0,0,0,0,0,0,0,0,0,0,0,0,0,0,0,0,0,0,0,0,0,0,0,0,0,0,0,0,0,0,0,0,8.75,21.786697,13.036697387695312
male,Asian,not Hispanic or Latino,163.32,76.0,3,0.0,0.0,0.0,0.0,0.0,0.0,0.0,0.0,0.0,0.0,0.0,0.0,0.0,0.0,0.0,0.0,0.0,0.0,0.0,0.0,*1/*1,A/A,0,T/T,C/C,G/G,T/T,0,8.0,*1/*1,0,OTHER,0,0,0,0,0,0,0,0,0,0,0,0,0,0,0,0,0,0,0,0,0,0,0,0,0,0,0,0,0,0,0,0,0,0,0,0,0,0,0,0,0,0,31.5,16.51874,14.981260299682617
female,Asian,not Hispanic or Latino,159.0,61.0,4,0.0,0.0,1.0,0.0,0.0,0.0,0.0,0.0,0.0,0.0,0.0,0.0,0.0,0.0,0.0,0.0,0.0,0.0,0.0,0.0,*1/*1,G/G,T/T,C/C,G/G,A/A,C/C,C/C,6.0,*1/*1,0,OTHER,0,0,0,0,0,0,0,0,0,0,0,0,0,0,0,0,0,0,0,0,0,0,0,0,0,0,0,0,0,0,0,0,0,0,0,0,0,0,0,0,0,0,70.0,36.24508,33.754920959472656
male,Asian,not Hispanic or Latino,174.5,73.0,4,0.0,0.0,1.0,0.0,0.0,0.0,0.0,0.0,0.0,0.0,0.0,0.0,0.0,0.0,0.0,0.0,0.0,0.0,0.0,0.0,*1/*1,A/A,T/T,T/T,C/C,G/G,T/T,C/C,6.0,*1/*1,0,OTHER,0,0,0,0,0,0,0,0,0,0,0,0,0,0,0,0,0,0,0,0,0,0,0,0,0,0,0,0,0,0,0,0,0,0,0,0,0,0,0,0,0,0,8.75,23.174957,14.424957275390625
female,Asian,not Hispanic or Latino,150.01,51.0,4,0.0,0.0,1.0,0.0,0.0,0.0,0.0,0.0,0.0,0.0,0.0,0.0,0.0,0.0,0.0,0.0,0.0,0.0,0.0,0.0,0,A/A,T/T,T/T,C/C,G/G,T/T,0,6.0,unknown,0,OTHER,0,0,0,0,0,0,0,0,0,0,0,0,0,0,0,0,0,0,0,0,0,0,0,0,0,0,0,0,0,0,0,0,0,0,0,0,0,0,0,0,0,0,35.0,18.296898,16.703102111816406
male,White,not Hispanic or Latino,183.64,90.9,3; 6,0.0,1.0,0.0,0.0,0.0,0.0,0.0,0.0,0.0,0.0,0.0,0.0,0.0,0.0,0.0,0.0,0.0,0.0,0.0,1.0,*1/*1,A/G,T/T,0,C/G,A/G,0,A/C,6.0,*1/*1,0,OTHER,0,0,0,0,0,0,0,0,0,0,0,0,0,0,0,0,0,0,0,0,0,0,0,0,0,0,0,0,0,1,0,0,0,0,0,0,0,0,0,0,1,0,52.5,34.901848,17.59815216064453
male,White,not Hispanic or Latino,178.56,101.8,8,0.0,1.0,0.0,1.0,0.0,0.0,1.0,0.0,0.0,0.0,0.0,0.0,0.0,0.0,0.0,0.0,0.0,0.0,0.0,0.0,*1/*2,G/G,T/T,0,G/G,A/A,0,C/C,6.0,*1/*2,1,OTHER,0,0,0,0,0,0,0,0,0,0,0,0,0,0,0,0,0,0,0,0,0,0,0,1,0,0,0,1,0,0,0,0,0,0,0,0,0,0,0,0,1,0,55.0,40.873787,14.126213073730469
male,White,not Hispanic or Latino,176.02,74.0,3,1.0,0.0,0.0,0.0,0.0,0.0,0.0,0.0,0.0,0.0,0.0,0.0,0.0,0.0,0.0,0.0,0.0,0.0,0.0,0.0,*1/*3,A/A,G/T,0,C/C,G/G,0,C/C,8.0,*1/*3,2,OTHER,0,0,0,0,0,0,0,0,0,0,0,0,0,0,0,0,0,0,0,0,0,0,0,0,0,0,0,1,0,0,0,0,0,0,0,0,0,0,0,0,0,0,28.0,14.670786,13.329214096069336
male,White,not Hispanic or Latino,193.04,125.0,8,0.0,0.0,0.0,0.0,1.0,0.0,1.0,0.0,0.0,0.0,0.0,0.0,0.0,0.0,0.0,0.0,0.0,0.0,0.0,0.0,*1/*1,G/G,T/T,C/C,G/G,A/A,C/C,A/C,5.0,*1/*1,0,OTHER,0,0,0,0,0,0,1,0,0,0,0,0,0,0,0,0,0,0,0,0,0,0,0,1,0,0,0,1,0,1,0,0,0,0,0,0,0,0,0,0,0,0,52.5,65.850685,13.350685119628906
male,White,not Hispanic or Latino,181.36,103.0,1,1.0,0.0,0.0,1.0,0.0,1.0,0.0,0.0,0.0,0.0,0.0,0.0,0.0,0.0,0.0,0.0,0.0,0.0,0.0,0.0,*1/*1,G/G,T/T,0,G/G,A/G,0,A/A,6.0,*1/*1,0,OTHER,0,1,0,0,0,0,0,0,0,0,0,0,0,0,0,0,0,0,0,0,0,0,0,0,0,0,0,1,0,0,0,0,0,0,0,0,0,0,0,0,0,0,41.25,55.338783,14.088783264160156
male,White,not Hispanic or Latino,173.74,113.0,8,1.0,0.0,0.0,0.0,0.0,1.0,0.0,0.0,0.0,0.0,0.0,0.0,0.0,0.0,0.0,0.0,0.0,1.0,0.0,1.0,*1/*1,G/G,T/T,0,G/G,A/A,0,A/C,5.0,*1/*1,0,OTHER,0,1,1,0,0,1,0,0,0,0,0,0,0,0,0,0,0,0,0,0,0,0,0,0,0,0,0,1,0,0,0,0,0,0,0,0,0,0,0,0,0,0,85.0,58.924377,26.07562255859375
male,White,not Hispanic or Latino,171.2,103.0,4,0.0,1.0,1.0,0.0,1.0,1.0,0.0,0.0,0.0,0.0,0.0,0.0,0.0,0.0,0.0,0.0,0.0,0.0,0.0,0.0,*1/*1,A/G,G/T,0,C/G,A/G,0,C/C,7.0,*1/*1,0,OTHER,0,1,0,0,0,0,0,0,0,0,0,0,0,0,0,0,0,0,0,0,0,0,0,0,0,0,0,1,0,0,0,0,0,0,0,0,0,0,0,0,0,0,48.75,35.05446,13.695541381835938
male,Black or African American,not Hispanic or Latino,171.2,86.8,3,0.0,0.0,0.0,1.0,0.0,0.0,0.0,0.0,0.0,0.0,0.0,0.0,0.0,0.0,0.0,0.0,0.0,0.0,0.0,0.0,*1/*1,G/G,T/T,0,G/G,A/G,0,C/C,6.0,*1/*1,0,OTHER,0,0,1,0,0,0,0,0,0,0,0,0,0,0,0,0,0,0,0,0,0,0,0,0,0,0,0,0,0,0,0,0,0,0,0,0,0,0,0,0,1,0,30.0,43.3666,13.366600036621094
male,Black or African American,not Hispanic or Latino,166.12,89.5,1,0.0,0.0,0.0,0.0,1.0,0.0,1.0,0.0,0.0,0.0,0.0,0.0,0.0,0.0,0.0,0.0,0.0,0.0,0.0,0.0,*1/*2,G/G,T/T,0,C/G,G/G,0,C/C,6.0,*1/*2,1,OTHER,0,0,0,0,0,0,0,0,0,0,0,1,0,0,0,0,0,0,0,0,0,0,0,1,0,0,0,0,0,0,0,0,0,0,0,0,0,0,0,0,0,0,50.0,32.344265,17.65573501586914
male,White,not Hispanic or Latino,186.18,125.1,1,0.0,0.0,0.0,0.0,1.0,0.0,0.0,0.0,0.0,0.0,0.0,0.0,0.0,0.0,0.0,0.0,0.0,0.0,0.0,1.0,*1/*1,G/G,T/T,0,G/G,G/G,0,A/A,5.0,*1/*1,0,OTHER,0,0,0,0,0,0,1,0,0,0,0,0,0,0,0,0,0,0,0,0,0,0,0,0,0,0,0,1,0,0,0,0,0,0,0,0,0,0,0,0,1,0,85.0,66.00174,18.998260498046875
male,White,not Hispanic or Latino,186.18,110.5,3; 4,0.0,0.0,1.0,1.0,0.0,1.0,0.0,0.0,0.0,0.0,0.0,0.0,0.0,0.0,0.0,0.0,0.0,0.0,0.0,0.0,*1/*1,A/G,G/T,0,C/G,A/G,0,C/C,5.0,*1/*1,0,OTHER,0,1,1,0,0,0,0,0,0,0,0,0,0,0,0,0,0,0,0,0,0,0,0,0,0,0,0,0,0,0,0,0,0,0,0,1,0,0,0,0,0,0,25.0,43.03787,18.03786849975586
male,White,not Hispanic or Latino,182.88,61.0,1,0.0,0.0,0.0,1.0,0.0,1.0,0.0,0.0,0.0,0.0,0.0,0.0,0.0,0.0,1.0,0.0,0.0,0.0,0.0,1.0,*1/*1,G/G,T/T,0,G/G,A/G,0,A/C,6.0,*1/*1,0,OTHER,0,1,0,0,0,0,0,0,0,0,0,0,0,0,0,0,0,0,0,0,1,0,0,0,0,0,0,1,0,0,0,0,0,0,0,0,0,0,0,0,0,0,82.5,47.279503,35.220497131347656
male,White,not Hispanic or Latino,171.2,77.5,1; 2,1.0,0.0,0.0,0.0,0.0,0.0,0.0,0.0,0.0,0.0,0.0,0.0,0.0,0.0,0.0,0.0,0.0,0.0,0.0,0.0,*1/*1,G/G,T/T,0,G/G,A/A,0,A/C,8.0,*1/*1,0,OTHER,0,0,0,0,0,0,0,0,0,0,0,0,0,0,0,0,0,0,0,0,0,0,0,0,0,0,0,1,0,0,0,0,0,0,0,0,0,0,0,0,0,0,65.0,37.569744,27.430255889892578
male,White,not Hispanic or Latino,179.83,74.8,3,0.0,1.0,0.0,0.0,0.0,0.0,0.0,0.0,0.0,0.0,0.0,0.0,0.0,0.0,0.0,0.0,0.0,0.0,0.0,0.0,*1/*1,A/G,G/T,0,C/G,A/G,0,C/C,7.0,*1/*1,0,OTHER,0,0,0,0,0,0,0,0,0,0,0,0,0,0,0,0,0,0,0,0,0,0,0,0,0,0,0,0,0,0,0,0,0,0,0,0,0,0,0,0,0,0,16.25,30.058702,13.80870246887207
male,White,not Hispanic or Latino,173.99,76.7,0,0.0,0.0,0.0,0.0,0.0,0.0,0.0,0.0,0.0,0.0,0.0,0.0,0.0,0.0,0.0,0.0,0.0,0.0,0.0,0.0,*1/*2,A/G,0,0,0,0,0,0,7.0,*1/*2,1,OTHER,0,0,0,0,0,0,0,0,0,0,0,0,0,0,0,0,0,0,0,0,0,0,0,0,0,0,0,0,0,0,0,0,0,0,0,0,0,0,0,0,0,0,59.5,25.524305,33.97569465637207
male,White,not Hispanic or Latino,176.02,71.6,0,0.0,0.0,0.0,0.0,0.0,0.0,0.0,0.0,0.0,0.0,0.0,0.0,0.0,0.0,0.0,0.0,0.0,0.0,0.0,0.0,*1/*1,G/G,0,0,0,0,0,0,7.0,*1/*1,0,OTHER,0,0,0,0,0,0,0,0,0,0,0,0,0,0,0,0,0,0,0,0,0,0,0,0,0,0,0,0,0,0,0,0,0,0,0,0,0,0,0,0,0,0,17.5,35.95969,18.45969009399414
female,White,not Hispanic or Latino,155.96,87.5,0,0.0,0.0,0.0,0.0,0.0,0.0,0.0,0.0,0.0,0.0,0.0,0.0,0.0,0.0,0.0,0.0,0.0,0.0,0.0,0.0,*1/*1,A/G,G/T,C/T,C/G,G/G,C/T,A/C,6.0,*1/*1,0,OTHER,0,0,0,0,0,0,0,0,0,0,0,0,0,0,0,0,0,0,0,0,0,0,0,0,0,0,0,0,0,0,0,0,0,0,0,0,0,0,0,0,0,0,51.1,34.2462,16.853799438476564
female,White,not Hispanic or Latino,159.0,66.2,0,0.0,0.0,0.0,0.0,0.0,0.0,0.0,0.0,0.0,0.0,0.0,0.0,0.0,0.0,0.0,0.0,0.0,0.0,0.0,0.0,*1/*1,A/G,0,0,0,0,0,0,6.0,*1/*1,0,OTHER,0,0,0,0,0,0,0,0,0,0,0,0,0,0,0,0,0,0,0,0,0,0,0,0,0,0,0,0,0,0,0,0,0,0,0,0,0,0,0,0,0,0,49.0,28.980429,20.01957130432129
female,White,not Hispanic or Latino,164.08,69.6,0,0.0,0.0,0.0,0.0,0.0,0.0,0.0,0.0,0.0,0.0,0.0,0.0,0.0,0.0,0.0,0.0,0.0,0.0,0.0,0.0,*1/*1,G/G,0,0,0,0,0,0,7.0,*1/*1,0,OTHER,0,0,0,0,0,0,0,0,0,0,0,0,0,0,0,0,0,0,0,0,0,0,0,0,0,0,0,0,0,0,0,0,0,0,0,0,0,0,0,0,0,0,14.0,34.329414,20.32941436767578
male,White,not Hispanic or Latino,175.01,98.0,0,0.0,0.0,0.0,0.0,0.0,0.0,0.0,0.0,0.0,0.0,0.0,0.0,0.0,0.0,0.0,0.0,0.0,0.0,0.0,0.0,*1/*1,G/G,0,0,0,0,0,0,7.0,*1/*1,0,OTHER,0,0,0,0,0,0,0,0,0,0,0,0,0,0,0,0,0,0,0,0,0,0,0,0,0,0,0,0,0,0,0,0,0,0,0,0,0,0,0,0,0,0,26.6,40.442192,13.842192077636717
male,White,not Hispanic or Latino,170.94,82.0,0,0.0,0.0,0.0,0.0,0.0,0.0,0.0,0.0,0.0,0.0,0.0,0.0,0.0,0.0,0.0,0.0,0.0,0.0,0.0,0.0,*1/*1,G/G,0,0,0,0,0,0,7.0,*1/*1,0,OTHER,0,0,0,0,0,0,0,0,0,0,0,0,0,0,0,0,0,0,0,0,0,0,0,0,0,0,0,0,0,0,0,0,0,0,0,0,0,0,0,0,0,0,54.25,36.777203,17.472797393798828
female,White,not Hispanic or Latino,150.88,82.0,0,0.0,0.0,0.0,0.0,0.0,0.0,0.0,0.0,0.0,0.0,0.0,0.0,0.0,0.0,0.0,0.0,0.0,0.0,0.0,0.0,*1/*1,A/A,0,0,0,0,0,0,3.0,*1/*1,0,OTHER,0,0,0,0,0,0,0,0,0,0,0,0,0,0,0,0,0,0,0,0,0,0,0,0,0,0,0,0,0,0,0,0,0,0,0,0,0,0,0,0,0,0,14.0,29.907877,15.907876968383789
male,White,not Hispanic or Latino,154.94,76.2,0,0.0,0.0,0.0,0.0,0.0,0.0,0.0,0.0,0.0,0.0,0.0,0.0,0.0,0.0,0.0,0.0,0.0,0.0,0.0,0.0,*1/*1,0,G/T,T/T,C/C,G/G,T/T,C/C,5.0,*1/*1,0,OTHER,0,0,0,0,0,0,0,0,0,0,0,0,0,0,0,0,0,0,0,0,0,0,0,0,0,0,0,0,0,0,0,0,0,0,0,0,0,0,0,0,0,0,16.03,29.41498,13.384979934692382
male,White,not Hispanic or Latino,175.01,79.8,0,0.0,0.0,0.0,0.0,0.0,0.0,0.0,0.0,0.0,0.0,0.0,0.0,0.0,0.0,0.0,0.0,0.0,0.0,0.0,0.0,*1/*1,A/G,0,0,0,0,0,0,7.0,*1/*1,0,OTHER,0,0,0,0,0,0,0,0,0,0,0,0,0,0,0,0,0,0,0,0,0,0,0,0,0,0,0,0,0,0,0,0,0,0,0,0,0,0,0,0,0,0,46.97,29.69649,17.273510665893554
female,White,not Hispanic or Latino,160.02,68.9,0,0.0,0.0,0.0,0.0,0.0,0.0,0.0,0.0,0.0,0.0,0.0,0.0,0.0,0.0,0.0,0.0,0.0,0.0,0.0,0.0,*1/*2,A/G,0,0,0,0,0,0,6.0,*1/*2,1,OTHER,0,0,0,0,0,0,0,0,0,0,0,0,0,0,0,0,0,0,0,0,0,0,0,0,0,0,0,0,0,0,0,0,0,0,0,0,0,0,0,0,0,0,10.5,26.950626,16.450626373291016
male,White,not Hispanic or Latino,161.04,0.0,0,0.0,0.0,0.0,0.0,0.0,0.0,0.0,0.0,0.0,0.0,0.0,0.0,0.0,0.0,0.0,0.0,0.0,0.0,0.0,0.0,*1/*1,A/A,0,0,0,0,0,0,5.0,*1/*1,0,OTHER,0,0,0,0,0,0,0,0,0,0,0,0,0,0,0,0,0,0,0,0,0,0,0,0,0,0,0,0,0,0,0,0,0,0,0,0,0,0,0,0,0,0,10.5,24.315954,13.815954208374023
male,White,not Hispanic or Latino,180.09,114.3,0,0.0,0.0,0.0,0.0,0.0,0.0,0.0,0.0,0.0,0.0,0.0,0.0,0.0,0.0,0.0,0.0,0.0,0.0,0.0,0.0,*1/*1,A/G,0,0,0,0,0,0,5.0,*1/*1,0,OTHER,0,0,0,0,0,0,0,0,0,0,0,0,0,0,0,0,0,0,0,0,0,0,0,0,0,0,0,0,0,0,0,0,0,0,0,0,0,0,0,0,0,0,29.75,44.719006,14.969005584716797
male,White,not Hispanic or Latino,161.04,54.0,0,0.0,0.0,0.0,0.0,0.0,0.0,0.0,0.0,0.0,0.0,0.0,0.0,0.0,0.0,0.0,0.0,0.0,0.0,0.0,0.0,*1/*1,A/G,G/T,C/T,C/G,A/G,C/T,C/C,6.0,*1/*1,0,OTHER,0,0,0,0,0,0,0,0,0,0,0,0,0,0,0,0,0,0,0,0,0,0,0,0,0,0,0,0,0,0,0,0,0,0,0,0,0,0,0,0,0,0,14.0,29.559948,15.559947967529297
male,White,not Hispanic or Latino,165.1,55.0,0,0.0,0.0,0.0,0.0,0.0,0.0,0.0,0.0,0.0,0.0,0.0,0.0,0.0,0.0,0.0,0.0,0.0,0.0,0.0,0.0,*1/*2,A/A,0,0,0,0,0,0,6.0,*1/*2,1,OTHER,0,0,0,0,0,0,0,0,0,0,0,0,0,0,0,0,0,0,0,0,0,0,0,0,0,0,0,0,0,0,0,0,0,0,0,0,0,0,0,0,0,0,7.0,20.95763,13.957630157470703
male,White,not Hispanic or Latino,177.8,84.4,4,0.0,0.0,1.0,0.0,0.0,0.0,0.0,0.0,0.0,0.0,0.0,0.0,0.0,0.0,0.0,0.0,0.0,0.0,0.0,0.0,*1/*1,0,0,0,G/G,0,0,0,6.0,*1/*1,0,GG,0,0,0,0,0,0,0,0,0,0,0,0,0,0,0,0,0,0,0,0,0,0,1,0,0,0,0,0,0,0,0,0,0,0,0,0,0,0,0,0,0,0,32.5,59.724834,27.224834442138672
female,White,Unknown,158.75,87.5,2,1.0,0.0,0.0,0.0,0.0,0.0,0.0,0.0,0.0,0.0,0.0,0.0,0.0,0.0,0.0,0.0,0.0,0.0,0.0,0.0,*1/*2,0,0,0,C/G,0,0,0,6.0,*1/*2,1,GG,0,0,0,0,0,0,0,0,0,0,0,0,0,0,0,0,0,0,0,0,0,0,0,0,0,0,0,0,0,0,0,0,0,0,0,0,0,0,0,0,0,0,45.0,29.417398,15.582601547241211
male,White,Unknown,167.64,70.3,8,0.0,0.0,0.0,0.0,0.0,0.0,0.0,0.0,0.0,0.0,0.0,0.0,0.0,0.0,0.0,0.0,0.0,0.0,0.0,0.0,*1/*1,0,0,0,C/G,0,0,0,4.0,*1/*1,0,GG,0,0,0,0,0,0,0,0,0,0,0,0,0,0,0,0,0,0,0,0,0,0,0,1,0,0,0,0,0,0,0,0,0,0,0,0,0,0,0,0,0,0,20.0,40.198692,20.198692321777344
male,White,Unknown,171.45,85.0,4,0.0,0.0,1.0,0.0,0.0,0.0,0.0,0.0,0.0,0.0,0.0,0.0,0.0,0.0,0.0,0.0,0.0,0.0,0.0,0.0,*1/*1,G/G,T/T,C/C,G/G,A/A,C/C,C/C,6.0,*1/*1,0,GG,0,0,1,0,0,0,0,0,0,0,0,0,0,0,0,0,0,0,0,0,0,0,0,0,0,0,0,0,0,0,0,0,0,0,0,0,0,0,0,0,0,0,65.0,47.72055,17.279449462890625
male,White,not Hispanic or Latino,170.18,77.1,2,0.0,0.0,0.0,0.0,0.0,0.0,0.0,0.0,0.0,0.0,0.0,0.0,0.0,0.0,0.0,0.0,0.0,0.0,0.0,0.0,*1/*1,G/G,T/T,C/C,G/G,A/G,C/C,A/C,7.0,*1/*1,0,GG,0,0,0,0,0,0,0,0,0,0,0,0,0,0,0,0,0,0,0,0,0,0,0,0,0,0,0,0,0,0,0,0,0,0,0,0,0,0,0,0,0,0,55.0,41.58252,13.41748046875
male,White,Unknown,177.8,135.2,3,0.0,0.0,0.0,0.0,0.0,0.0,0.0,0.0,0.0,0.0,0.0,0.0,0.0,0.0,0.0,0.0,0.0,0.0,0.0,0.0,*1/*1,0,0,0,C/G,0,0,0,7.0,*1/*1,0,GG,0,0,0,0,0,0,0,0,0,0,0,0,0,0,0,0,0,0,0,0,0,0,0,0,0,0,0,0,0,0,0,0,0,0,0,0,0,0,0,0,0,0,22.5,45.41574,22.915740966796875
male,White,not Hispanic or Latino,177.8,83.9,3,0.0,0.0,0.0,0.0,0.0,0.0,0.0,0.0,0.0,0.0,0.0,0.0,0.0,0.0,0.0,0.0,0.0,0.0,0.0,0.0,*1/*2,A/G,G/T,C/T,C/G,G/G,C/T,A/C,5.0,*1/*2,1,GG,0,0,0,0,0,0,0,0,0,0,0,0,0,0,0,0,0,0,0,0,0,0,0,0,0,0,0,0,0,0,0,0,0,0,0,0,0,0,0,0,0,0,22.5,36.2043,13.704299926757812
male,White,Unknown,175.26,101.2,3,0.0,0.0,0.0,0.0,0.0,0.0,0.0,0.0,0.0,0.0,0.0,0.0,0.0,0.0,0.0,0.0,0.0,0.0,0.0,0.0,*1/*1,0,0,0,G/G,0,0,0,6.0,*1/*1,0,GG,0,0,0,0,0,0,0,0,0,0,0,0,0,0,0,0,0,0,0,0,0,0,0,0,0,0,0,0,0,0,0,0,0,0,0,0,0,0,0,0,0,0,27.5,43.495678,15.995677947998047
male,White,Unknown,182.88,88.5,4,0.0,0.0,1.0,0.0,0.0,0.0,0.0,0.0,0.0,0.0,0.0,0.0,0.0,0.0,0.0,0.0,0.0,0.0,0.0,0.0,*1/*1,0,0,0,C/C,0,0,0,7.0,*1/*1,0,GG,0,0,0,0,0,0,0,0,0,0,0,0,0,0,0,0,0,0,0,0,0,0,1,0,0,0,0,0,0,0,0,0,0,0,0,0,0,0,0,0,0,0,20.0,35.5728,15.572799682617188
male,White,Unknown,179.83,92.5,3,0.0,0.0,0.0,0.0,0.0,0.0,0.0,0.0,0.0,0.0,0.0,0.0,0.0,0.0,0.0,0.0,0.0,0.0,0.0,0.0,*1/*1,0,0,0,C/G,0,0,0,5.0,*1/*1,0,GG,0,0,0,0,0,0,0,0,0,0,0,0,0,0,0,0,0,0,0,0,0,0,0,0,0,0,0,0,0,0,0,0,0,0,0,0,0,0,0,0,0,0,65.0,40.820847,24.179153442382812
female,Unknown,Unknown,157.48,62.1,3,0.0,0.0,0.0,1.0,0.0,0.0,0.0,0.0,0.0,0.0,0.0,0.0,0.0,0.0,0.0,0.0,0.0,0.0,0.0,0.0,*1/*2,0,0,0,G/G,0,0,0,7.0,*1/*2,1,GG,0,0,0,0,0,0,0,0,0,0,0,0,0,0,0,0,0,0,0,0,0,0,0,0,0,0,0,0,0,0,0,0,0,0,0,0,0,0,0,0,0,0,43.0,24.214092,18.785907745361328
female,Asian,not Hispanic or Latino,158.0,48.0,4,0.0,0.0,1.0,0.0,0.0,0.0,0.0,0.0,0.0,0.0,0.0,0.0,0.0,0.0,0.0,0.0,0.0,0.0,0.0,0.0,*1/*1,A/A,0,T/T,0,G/G,0,0,5.0,*1/*1,0,OTHER,0,0,0,0,0,0,0,0,0,0,0,0,0,0,0,0,0,0,0,0,0,0,0,0,0,0,0,0,0,0,0,0,0,0,0,0,0,0,0,0,0,0,38.5,24.961527,13.538473129272461
female,Asian,not Hispanic or Latino,159.0,49.0,4,0.0,0.0,1.0,0.0,0.0,0.0,0.0,0.0,0.0,0.0,0.0,0.0,0.0,0.0,0.0,1.0,0.0,0.0,0.0,0.0,*1/*1,A/A,0,T/T,0,G/G,0,0,6.0,*1/*1,0,OTHER,0,0,0,0,0,0,0,0,0,0,0,0,0,0,0,0,0,0,1,0,0,0,0,0,0,0,0,0,0,0,0,0,0,0,0,0,0,0,0,0,0,0,24.5,67.23183,42.73182678222656
female,Asian,not Hispanic or Latino,164.0,62.0,4,0.0,0.0,1.0,0.0,0.0,0.0,0.0,0.0,0.0,0.0,0.0,0.0,0.0,0.0,0.0,0.0,0.0,0.0,0.0,0.0,*1/*1,A/G,0,C/T,0,A/G,0,0,4.0,*1/*1,0,OTHER,0,0,0,0,0,0,0,0,0,0,0,0,0,0,0,0,0,0,0,0,0,0,0,0,0,0,0,0,0,0,0,0,0,0,0,0,0,0,0,0,0,0,56.0,36.836235,19.16376495361328
female,Asian,not Hispanic or Latino,156.0,47.0,4,0.0,0.0,1.0,0.0,0.0,0.0,0.0,0.0,0.0,0.0,0.0,0.0,0.0,0.0,0.0,0.0,0.0,0.0,0.0,0.0,*1/*1,A/G,0,C/T,0,A/G,0,0,4.0,*1/*1,0,OTHER,0,0,0,0,0,0,0,0,0,0,0,0,0,0,0,0,0,0,0,0,0,0,0,0,0,0,0,0,0,0,0,0,0,0,0,0,0,0,0,0,0,0,49.0,35.187176,13.812824249267578
female,Asian,not Hispanic or Latino,160.0,70.0,4,0.0,0.0,1.0,0.0,0.0,0.0,0.0,0.0,0.0,0.0,0.0,0.0,0.0,0.0,0.0,0.0,0.0,0.0,0.0,0.0,*1/*1,0,0,T/T,0,G/G,0,0,6.0,*1/*1,0,GG,0,0,0,0,0,0,0,0,0,0,0,0,0,0,0,0,0,0,0,0,0,0,0,0,0,0,0,0,0,0,0,0,0,0,0,0,0,0,0,0,0,0,15.75,29.749575,13.999574661254883
female,Asian,not Hispanic or Latino,164.0,74.0,4,0.0,1.0,1.0,0.0,0.0,0.0,0.0,0.0,0.0,0.0,0.0,0.0,0.0,0.0,0.0,0.0,0.0,0.0,0.0,0.0,*1/*1,A/A,0,T/T,0,G/G,0,0,5.0,*1/*1,0,OTHER,0,0,0,0,0,0,0,0,0,0,0,0,0,0,0,0,0,0,0,0,0,0,0,0,0,0,0,0,0,0,0,0,0,0,0,0,0,0,0,0,0,0,45.5,26.130892,19.369108200073242
male,Unknown,Unknown,0.0,65.0,0,0.0,0.0,0.0,0.0,0.0,0.0,0.0,0.0,0.0,0.0,0.0,0.0,0.0,0.0,0.0,0.0,0.0,0.0,0.0,0.0,*1/*1,0,0,C/C,0,0,0,0,6.0,*1/*1,0,GG,0,0,0,0,0,0,0,0,0,0,0,0,0,0,0,0,0,0,0,0,0,0,0,0,0,0,0,0,0,0,0,0,0,0,0,0,0,0,0,0,0,0,52.5,35.512615,16.987384796142578
female,Unknown,Unknown,0.0,118.0,0,0.0,0.0,0.0,0.0,0.0,0.0,0.0,0.0,0.0,0.0,0.0,0.0,0.0,0.0,0.0,0.0,0.0,0.0,0.0,0.0,*1/*1,0,0,C/T,0,0,0,0,6.0,*1/*1,0,GG,0,0,0,0,0,0,0,0,0,0,0,0,0,0,0,0,0,0,0,0,0,0,0,0,0,0,0,0,0,0,0,0,0,0,0,0,0,0,0,0,0,0,55.0,35.57262,19.427379608154297
male,Unknown,Unknown,0.0,120.5,0,0.0,0.0,0.0,0.0,0.0,0.0,0.0,0.0,0.0,0.0,0.0,0.0,0.0,0.0,0.0,0.0,0.0,0.0,0.0,0.0,*1/*1,0,0,C/T,0,0,0,0,5.0,*1/*1,0,GG,0,0,0,0,0,0,0,0,0,0,0,0,0,0,0,0,0,0,0,0,0,0,0,0,0,0,0,0,0,0,0,0,0,0,0,0,0,0,0,0,0,0,70.0,37.53158,32.46841812133789
male,Unknown,Unknown,0.0,107.0,0,0.0,0.0,0.0,0.0,0.0,0.0,0.0,0.0,0.0,0.0,0.0,0.0,0.0,0.0,0.0,0.0,0.0,0.0,0.0,0.0,*1/*1,0,0,C/C,0,0,0,0,7.0,*1/*1,0,GG,0,0,0,0,0,0,0,0,0,0,0,0,0,0,0,0,0,0,0,0,0,0,0,0,0,0,0,0,0,0,0,0,0,0,0,0,0,0,0,0,0,0,70.0,38.993717,31.006282806396484
female,Unknown,Unknown,0.0,66.4,0,0.0,0.0,0.0,0.0,0.0,0.0,0.0,0.0,0.0,0.0,0.0,0.0,0.0,0.0,0.0,0.0,0.0,0.0,0.0,0.0,*1/*1,0,0,C/C,0,0,0,0,6.0,*1/*1,0,GG,0,0,0,0,0,0,0,0,0,0,0,0,0,0,0,0,0,0,0,0,0,0,0,0,0,0,0,0,0,0,0,0,0,0,0,0,0,0,0,0,0,0,17.5,35.44007,17.94007110595703
female,Unknown,Unknown,0.0,150.9,0,0.0,0.0,0.0,0.0,0.0,0.0,0.0,0.0,0.0,0.0,0.0,0.0,0.0,0.0,0.0,0.0,0.0,0.0,0.0,0.0,*1/*2,0,0,C/T,0,0,0,0,5.0,*1/*2,1,GG,0,0,0,0,0,0,0,0,0,0,0,0,0,0,0,0,0,0,0,0,0,0,0,0,0,0,0,0,0,0,0,0,0,0,0,0,0,0,0,0,0,0,22.5,41.292477,18.792476654052734
male,Unknown,Unknown,0.0,85.0,0,0.0,0.0,0.0,0.0,0.0,0.0,0.0,0.0,0.0,0.0,0.0,0.0,0.0,0.0,0.0,0.0,0.0,0.0,0.0,0.0,*1/*1,0,0,T/T,0,0,0,0,5.0,*1/*1,0,GG,0,0,0,0,0,0,0,0,0,0,0,0,0,0,0,0,0,0,0,0,0,0,0,0,0,0,0,0,0,0,0,0,0,0,0,0,0,0,0,0,0,0,17.5,31.30746,13.80746078491211
male,Unknown,Unknown,0.0,97.3,0,0.0,0.0,0.0,0.0,0.0,0.0,0.0,0.0,0.0,0.0,0.0,0.0,0.0,0.0,0.0,0.0,0.0,0.0,0.0,0.0,*1/*1,0,0,C/C,0,0,0,0,7.0,*1/*1,0,GG,0,0,0,0,0,0,0,0,0,0,0,0,0,0,0,0,0,0,0,0,0,0,0,0,0,0,0,0,0,0,0,0,0,0,0,0,0,0,0,0,0,0,70.0,38.841118,31.15888214111328
female,Unknown,Unknown,0.0,71.0,0,0.0,0.0,0.0,0.0,0.0,0.0,0.0,0.0,0.0,0.0,0.0,0.0,0.0,0.0,0.0,0.0,0.0,0.0,0.0,0.0,*1/*1,0,0,C/C,0,0,0,0,6.0,*1/*1,0,GG,0,0,0,0,0,0,0,0,0,0,0,0,0,0,0,0,0,0,0,0,0,0,0,0,0,0,0,0,0,0,0,0,0,0,0,0,0,0,0,0,0,0,15.0,37.37111,22.371109008789062
female,Unknown,Unknown,0.0,73.6,0,0.0,0.0,0.0,0.0,0.0,0.0,0.0,0.0,0.0,0.0,0.0,0.0,0.0,0.0,0.0,0.0,0.0,0.0,0.0,0.0,*1/*1,0,0,C/T,0,0,0,0,8.0,*1/*1,0,GG,0,0,0,0,0,0,0,0,0,0,0,0,0,0,0,0,0,0,0,0,0,0,0,0,0,0,0,0,0,0,0,0,0,0,0,0,0,0,0,0,0,0,40.0,26.526442,13.47355842590332
male,White,not Hispanic or Latino,0.0,88.0,3,1.0,1.0,0.0,0.0,0.0,0.0,0.0,0.0,0.0,0.0,0.0,0.0,0.0,0.0,0.0,0.0,0.0,0.0,0.0,0.0,*1/*1,A/G,0,C/T,0,0,0,0,5.0,*1/*1,0,OTHER,0,0,0,0,0,0,0,0,0,0,0,0,0,0,0,0,0,0,0,0,0,0,0,0,0,0,0,1,0,0,0,0,0,0,0,0,0,0,0,0,0,1,65.03,39.074425,25.955575256347657
male,White,not Hispanic or Latino,0.0,177.0,5,0.0,1.0,0.0,0.0,1.0,0.0,0.0,0.0,0.0,0.0,0.0,0.0,0.0,0.0,0.0,0.0,0.0,0.0,0.0,0.0,*1/*1,A/G,0,C/T,C/G,0,C/T,0,5.0,*1/*1,0,OTHER,0,0,0,0,0,0,0,0,0,0,0,0,0,0,0,0,0,0,0,0,0,0,0,0,0,0,0,0,0,0,0,0,0,0,0,0,0,0,0,0,0,0,65.03,51.87533,13.154668121337892
male,White,not Hispanic or Latino,0.0,93.0,5,0.0,1.0,0.0,0.0,0.0,0.0,0.0,0.0,0.0,0.0,0.0,0.0,0.0,0.0,0.0,0.0,0.0,0.0,0.0,0.0,*1/*1,A/G,0,C/T,C/G,0,C/T,0,5.0,*1/*1,0,OTHER,0,0,0,0,0,0,0,0,0,0,0,0,0,0,0,0,0,0,0,0,0,0,0,0,0,0,0,0,0,0,0,0,0,0,0,0,0,0,0,0,0,0,57.47,38.149277,19.32072326660156
female,White,not Hispanic or Latino,0.0,128.0,3,0.0,0.0,0.0,0.0,0.0,0.0,0.0,0.0,0.0,0.0,0.0,0.0,0.0,0.0,0.0,0.0,0.0,0.0,0.0,0.0,*1/*1,G/G,0,C/C,G/G,0,C/C,0,6.0,*1/*1,0,OTHER,0,0,0,0,0,0,0,0,0,0,0,0,0,0,0,0,0,0,0,0,0,0,0,0,0,0,0,1,0,0,0,0,0,0,0,0,0,0,0,0,0,0,35.0,59.425976,24.425975799560547
female,White,not Hispanic or Latino,0.0,73.0,1 or 2,0.0,0.0,0.0,0.0,0.0,0.0,0.0,0.0,0.0,0.0,0.0,0.0,0.0,0.0,0.0,0.0,0.0,0.0,0.0,0.0,*2/*3,0,0,0,C/C,0,T/T,0,1.0,*2/*3,3,GG,0,0,0,0,0,0,0,0,0,0,0,0,0,0,0,0,0,0,0,0,0,0,0,0,0,0,0,0,0,0,0,0,0,0,0,0,0,0,0,0,0,0,14.0,33.62636,19.626361846923828
female,Black or African American,not Hispanic or Latino,170.18,128.6,6,1.0,0.0,0.0,1.0,1.0,1.0,0.0,0.0,0.0,0.0,0.0,0.0,0.0,0.0,0.0,0.0,0.0,0.0,0.0,0.0,*1/*1,G/G,T/T,C/C,C/G,A/G,C/C,C/C,6.0,*1/*1,0,OTHER,0,1,0,0,0,0,0,0,0,0,0,0,0,0,0,0,0,0,0,0,0,0,0,0,0,0,0,1,0,1,0,0,0,0,0,0,0,0,0,0,0,0,70.0,46.00657,23.993431091308594
male,Black or African American,not Hispanic or Latino,185.42,134.1,1,0.0,0.0,0.0,0.0,0.0,0.0,0.0,0.0,0.0,0.0,0.0,0.0,0.0,0.0,0.0,0.0,0.0,0.0,0.0,0.0,*1/*1,G/G,T/T,C/C,G/G,A/A,C/C,C/C,7.0,*1/*1,0,OTHER,0,0,0,0,0,0,0,0,0,0,0,0,0,0,0,0,0,0,0,0,0,0,0,0,0,0,0,1,0,0,0,0,0,0,0,0,0,0,0,0,0,0,55.0,73.27007,18.27007293701172
female,Black or African American,not Hispanic or Latino,160.02,79.1,1,0.0,0.0,0.0,0.0,1.0,0.0,0.0,0.0,1.0,0.0,0.0,0.0,0.0,0.0,0.0,0.0,0.0,0.0,0.0,0.0,*1/*5,G/G,T/T,C/C,G/G,G/G,0,C/C,4.0,*1/*5,0,OTHER,0,0,0,0,0,0,0,0,0,0,0,0,0,0,0,0,0,0,0,0,0,0,0,0,1,0,0,1,0,0,0,0,0,0,0,0,0,0,0,0,0,0,25.0,43.063374,18.063373565673828
female,Black or African American,not Hispanic or Latino,162.56,175.0,2,0.0,0.0,0.0,0.0,0.0,0.0,0.0,0.0,0.0,0.0,0.0,0.0,0.0,0.0,0.0,0.0,0.0,0.0,0.0,1.0,*1/*1,0,T/T,0,C/G,G/G,0,C/C,6.0,*1/*1,0,GG,0,0,0,0,0,0,0,0,0,0,0,0,0,0,0,0,0,0,0,0,0,0,0,0,0,0,0,1,0,0,0,0,0,0,0,0,0,0,0,0,0,0,30.0,63.372765,33.372764587402344
male,Black or African American,not Hispanic or Latino,182.88,100.0,1,0.0,0.0,0.0,1.0,0.0,0.0,1.0,0.0,0.0,0.0,0.0,0.0,0.0,0.0,0.0,0.0,0.0,0.0,0.0,0.0,*1/*1,G/G,T/T,C/C,G/G,0,C/C,C/C,6.0,*1/*1,0,OTHER,0,0,0,0,0,0,0,0,0,0,0,0,0,0,0,0,0,0,0,0,0,0,0,1,0,0,0,1,0,1,0,0,0,0,0,0,0,0,0,0,0,0,32.5,48.62383,16.123828887939453
male,White,not Hispanic or Latino,183.0,91.0,3,0.0,0.0,0.0,0.0,0.0,0.0,0.0,0.0,0.0,0.0,0.0,0.0,0.0,1.0,0.0,0.0,0.0,0.0,0.0,0.0,*1/*1,A/G,G/T,0,C/G,A/G,C/T,0,7.0,*1/*1,0,OTHER,0,0,0,0,0,0,0,0,0,0,0,0,0,0,0,0,0,0,0,1,0,0,0,0,0,0,0,1,0,0,0,0,0,0,0,0,0,0,0,0,0,0,62.5,44.514767,17.985233306884766
male,White,not Hispanic or Latino,181.0,88.0,8,0.0,0.0,0.0,0.0,0.0,1.0,0.0,0.0,0.0,0.0,0.0,0.0,0.0,0.0,0.0,0.0,0.0,0.0,0.0,0.0,*1/*2,G/G,T/T,C/C,G/G,0,C/C,0,6.0,*1/*2,1,OTHER,0,1,0,0,0,0,0,0,0,0,0,0,0,0,0,0,0,0,0,0,0,0,0,0,0,0,0,1,0,0,0,0,0,0,0,0,0,0,0,0,0,0,25.0,41.55923,16.55923080444336
male,White,not Hispanic or Latino,178.0,60.0,4,0.0,0.0,1.0,0.0,0.0,0.0,0.0,0.0,0.0,0.0,0.0,0.0,0.0,0.0,0.0,0.0,0.0,0.0,0.0,0.0,*1/*1,G/G,T/T,C/C,G/G,A/G,C/C,0,2.0,*1/*1,0,OTHER,0,0,0,0,0,0,0,0,0,0,0,0,0,0,0,0,0,0,0,0,0,0,0,0,0,0,0,0,0,0,0,0,0,0,0,0,0,0,0,0,0,0,73.5,57.724415,15.775585174560547
male,White,not Hispanic or Latino,177.0,93.0,3; 5,0.0,1.0,0.0,0.0,0.0,0.0,0.0,0.0,0.0,0.0,0.0,0.0,1.0,0.0,0.0,0.0,0.0,0.0,0.0,0.0,*1/*2,G/G,T/T,C/C,G/G,A/G,C/C,0,5.0,*1/*2,1,OTHER,1,0,0,0,0,0,0,0,0,0,0,0,0,0,0,0,0,0,0,0,0,0,0,0,0,0,0,1,0,0,0,0,0,0,0,0,0,0,0,0,0,0,76.5,38.997818,37.50218200683594
male,White,not Hispanic or Latino,190.0,85.0,3,0.0,0.0,0.0,0.0,0.0,0.0,0.0,0.0,0.0,0.0,0.0,0.0,0.0,0.0,0.0,0.0,0.0,0.0,0.0,0.0,*1/*2,G/G,T/T,C/C,G/G,A/G,C/C,0,6.0,*1/*2,1,OTHER,0,0,0,0,0,0,0,0,0,0,0,0,0,0,0,0,0,0,0,0,0,0,0,0,0,0,0,1,0,0,0,0,0,0,0,0,0,0,0,0,0,0,26.75,43.81834,17.068340301513672
male,White,not Hispanic or Latino,178.0,71.0,3,0.0,0.0,0.0,0.0,0.0,0.0,0.0,0.0,0.0,0.0,0.0,0.0,0.0,0.0,0.0,0.0,0.0,0.0,0.0,0.0,*1/*1,0,T/T,0,G/G,A/G,C/C,0,6.0,*1/*1,0,GG,0,0,0,0,0,0,0,0,0,0,0,0,0,0,0,0,0,0,0,0,0,0,0,0,0,0,0,0,0,0,0,0,0,0,0,0,0,0,0,0,0,0,57.5,41.3971,16.102901458740234
male,White,not Hispanic or Latino,170.0,82.0,3,0.0,0.0,0.0,0.0,0.0,0.0,0.0,0.0,0.0,0.0,0.0,0.0,0.0,0.0,0.0,0.0,0.0,0.0,0.0,0.0,*1/*1,G/G,0,C/C,0,A/A,C/C,0,7.0,*1/*1,0,OTHER,0,0,0,0,0,0,0,0,0,0,0,0,0,0,0,0,0,0,0,0,0,0,0,0,0,0,0,1,0,0,0,0,0,0,0,0,0,0,1,0,0,0,51.5,38.108017,13.391983032226562
female,White,not Hispanic or Latino,0.0,0.0,0,0.0,0.0,0.0,0.0,0.0,0.0,0.0,0.0,0.0,0.0,0.0,0.0,0.0,0.0,0.0,0.0,0.0,0.0,0.0,0.0,*1/*1,G/G,0,C/C,0,0,0,0,7.0,*1/*1,0,OTHER,0,0,0,0,0,0,0,0,0,0,0,0,0,0,0,0,0,0,0,0,0,0,0,0,0,0,0,0,0,0,0,0,0,0,0,0,0,0,0,0,0,0,49.0,35.55778,13.442218780517578
male,White,not Hispanic or Latino,0.0,0.0,0,0.0,0.0,0.0,0.0,0.0,0.0,0.0,0.0,0.0,0.0,0.0,0.0,0.0,0.0,0.0,0.0,0.0,0.0,0.0,0.0,*1/*1,G/G,T/T,C/C,G/G,G/G,C/C,A/A,7.0,*1/*1,0,OTHER,0,0,0,0,0,0,0,0,0,0,0,0,0,0,0,0,0,0,0,0,0,0,0,0,0,0,0,0,0,0,0,0,0,0,0,0,0,0,0,0,0,0,56.0,37.109154,18.890846252441406
female,White,not Hispanic or Latino,0.0,0.0,0,0.0,0.0,0.0,0.0,0.0,0.0,0.0,0.0,0.0,0.0,0.0,0.0,0.0,0.0,0.0,0.0,0.0,0.0,0.0,0.0,*1/*1,A/G,0,C/T,0,0,0,0,5.0,*1/*1,0,OTHER,0,0,0,0,0,0,0,0,0,0,0,0,0,0,0,0,0,0,0,0,0,0,0,0,0,0,0,0,0,0,0,0,0,0,0,0,0,0,0,0,0,0,59.5,33.687847,25.812152862548828
female,White,not Hispanic or Latino,0.0,0.0,0,0.0,0.0,0.0,0.0,0.0,0.0,0.0,0.0,0.0,0.0,0.0,0.0,0.0,0.0,0.0,0.0,0.0,0.0,0.0,0.0,*1/*1,A/A,0,T/T,0,0,0,0,7.0,*1/*1,0,OTHER,0,0,0,0,0,0,0,0,0,0,0,0,0,0,0,0,0,0,0,0,0,0,0,0,0,0,0,0,0,0,0,0,0,0,0,0,0,0,0,0,0,0,5.25,19.454697,14.204696655273438
female,White,not Hispanic or Latino,0.0,0.0,0,0.0,0.0,0.0,0.0,0.0,0.0,0.0,0.0,0.0,0.0,0.0,0.0,0.0,0.0,0.0,0.0,0.0,0.0,0.0,0.0,*1/*3,G/G,0,C/C,0,0,0,0,7.0,*1/*3,2,OTHER,0,0,0,0,0,0,0,0,0,0,0,0,0,0,0,0,0,0,0,0,0,0,0,0,0,0,0,0,0,0,0,0,0,0,0,0,0,0,0,0,0,0,10.5,23.514887,13.014886856079102
male,White,not Hispanic or Latino,0.0,0.0,0,0.0,0.0,0.0,0.0,0.0,0.0,0.0,0.0,0.0,0.0,0.0,0.0,0.0,0.0,0.0,0.0,0.0,0.0,0.0,0.0,*1/*2,A/G,0,C/T,0,0,0,0,7.0,*1/*2,1,OTHER,0,0,0,0,0,0,0,0,0,0,0,0,0,0,0,0,0,0,0,0,0,0,0,0,0,0,0,0,0,0,0,0,0,0,0,0,0,0,0,0,0,0,7.0,22.019001,15.019001007080078
male,Black or African American,not Hispanic or Latino,172.72,75.0,1,0.0,0.0,0.0,0.0,1.0,0.0,1.0,0.0,0.0,0.0,0.0,0.0,0.0,0.0,0.0,0.0,0.0,0.0,0.0,0.0,*1/*1,G/G,0,C/C,0,0,0,0,5.0,*1/*1,0,OTHER,0,0,0,0,0,0,0,0,0,0,0,0,0,0,0,0,0,0,0,0,0,0,0,0,0,0,0,0,0,0,0,0,0,0,0,0,0,0,0,0,0,0,17.5,47.339123,29.839122772216797
female,Black or African American,not Hispanic or Latino,182.88,152.3,1,0.0,0.0,0.0,0.0,1.0,0.0,0.0,0.0,0.0,0.0,0.0,0.0,0.0,0.0,0.0,0.0,0.0,0.0,0.0,0.0,*1/*1,G/G,0,C/C,0,0,0,0,4.0,*1/*1,0,OTHER,0,0,0,0,0,0,0,0,0,0,0,0,0,0,0,0,0,0,0,0,0,0,0,0,0,0,0,1,0,0,0,0,0,0,0,0,0,0,0,0,0,0,52.5,72.7419,20.241897583007812
female,Black or African American,Unknown,175.26,207.7,2,1.0,1.0,0.0,0.0,1.0,0.0,0.0,0.0,0.0,0.0,0.0,0.0,0.0,0.0,0.0,0.0,0.0,0.0,0.0,0.0,*1/*1,G/G,0,C/C,0,0,0,0,3.0,*1/*1,0,OTHER,0,0,0,0,0,0,0,0,0,0,0,0,0,0,0,0,0,0,0,0,0,0,0,0,0,0,0,1,0,0,0,0,0,0,0,0,0,0,0,0,0,0,115.0,67.42578,47.57421875
male,Black or African American,not Hispanic or Latino,170.18,132.7,2,1.0,0.0,0.0,1.0,0.0,1.0,0.0,0.0,0.0,0.0,0.0,0.0,0.0,0.0,0.0,0.0,0.0,0.0,0.0,0.0,*1/*1,G/G,0,C/C,0,0,0,0,5.0,*1/*1,0,OTHER,0,1,1,0,0,0,0,0,0,0,0,0,0,0,0,0,0,0,0,0,0,0,0,0,0,0,0,0,0,0,0,0,0,0,0,0,0,0,0,0,1,0,78.0,58.982903,19.01709747314453
male,White,not Hispanic or Latino,180.34,86.4,5,1.0,1.0,0.0,1.0,0.0,0.0,0.0,0.0,0.0,1.0,0.0,0.0,0.0,0.0,0.0,0.0,0.0,0.0,0.0,0.0,*1/*1,G/G,0,C/C,0,0,0,0,5.0,*1/*1,0,OTHER,0,0,0,0,0,0,0,0,0,0,0,0,0,0,0,0,0,0,0,0,0,0,0,0,0,0,0,1,0,1,0,0,0,0,0,0,0,0,0,0,0,0,82.5,49.894665,32.6053352355957
female,Black or African American,not Hispanic or Latino,167.64,55.5,1,0.0,0.0,0.0,0.0,1.0,0.0,0.0,0.0,0.0,0.0,0.0,0.0,0.0,0.0,0.0,0.0,1.0,0.0,0.0,0.0,*1/*1,G/G,0,C/C,0,0,0,0,3.0,*1/*1,0,OTHER,0,0,1,0,0,0,0,0,0,0,0,0,0,0,0,0,0,0,0,0,0,0,0,0,0,0,0,0,0,0,0,0,0,0,0,0,0,0,0,0,0,0,67.5,46.08007,21.41992950439453
female,White,not Hispanic or Latino,162.56,119.5,3,0.0,0.0,0.0,0.0,0.0,0.0,1.0,0.0,0.0,0.0,0.0,0.0,0.0,0.0,0.0,0.0,0.0,0.0,0.0,0.0,*1/*2,G/G,0,C/C,0,0,0,0,5.0,*1/*2,1,OTHER,0,0,0,0,0,0,0,0,0,0,0,0,0,0,0,0,0,0,0,0,0,0,0,0,0,0,0,1,0,0,0,0,0,0,0,0,0,0,0,0,0,0,30.0,46.59869,16.598690032958984
female,Black or African American,not Hispanic or Latino,162.56,68.2,2,0.0,0.0,0.0,0.0,1.0,0.0,0.0,0.0,0.0,0.0,0.0,0.0,0.0,0.0,0.0,0.0,0.0,0.0,0.0,0.0,*1/*1,G/G,0,C/C,0,0,0,0,3.0,*1/*1,0,OTHER,0,0,0,0,0,0,0,0,0,0,0,0,0,0,0,0,0,0,0,0,0,0,0,0,0,0,0,0,0,0,0,0,0,0,0,0,0,0,0,0,0,0,17.5,50.01972,32.519718170166016
male,White,not Hispanic or Latino,170.18,65.9,3,0.0,1.0,0.0,0.0,1.0,0.0,0.0,0.0,0.0,0.0,0.0,0.0,0.0,0.0,0.0,0.0,0.0,0.0,0.0,0.0,0,A/G,0,0,0,0,0,0,9.0,unknown,0,OTHER,0,0,0,0,0,0,0,0,0,0,0,0,0,0,0,0,0,0,0,0,0,0,0,0,0,0,0,0,0,0,0,0,0,0,0,0,0,0,0,0,1,0,8.0,22.898388,14.898387908935547
male,White,not Hispanic or Latino,180.34,104.5,3,0.0,1.0,0.0,1.0,0.0,0.0,0.0,0.0,0.0,0.0,0.0,0.0,0.0,0.0,0.0,0.0,0.0,0.0,0.0,1.0,*1/*1,G/G,0,C/C,0,0,0,0,6.0,*1/*1,0,OTHER,0,0,1,0,0,0,0,0,0,0,0,0,0,0,0,0,0,0,0,0,0,0,0,0,0,0,0,0,0,0,0,0,0,0,0,0,0,0,0,0,0,0,90.0,45.23577,44.76422882080078
male,White,not Hispanic or Latino,175.26,82.3,1,0.0,0.0,0.0,0.0,1.0,1.0,0.0,0.0,0.0,0.0,0.0,0.0,0.0,0.0,0.0,0.0,0.0,0.0,0.0,0.0,*1/*1,A/G,0,C/T,0,0,0,0,4.0,*1/*1,0,OTHER,0,0,0,0,0,0,0,0,0,0,0,0,0,0,0,0,0,0,0,0,0,0,0,0,0,0,0,1,0,0,0,0,0,0,0,0,0,0,0,0,0,0,25.0,44.946144,19.946144104003906
male,White,not Hispanic or Latino,182.88,78.6,8,0.0,0.0,1.0,1.0,0.0,0.0,1.0,0.0,0.0,0.0,0.0,0.0,0.0,0.0,0.0,0.0,0.0,0.0,0.0,0.0,*1/*1,G/G,0,C/C,0,0,0,0,5.0,*1/*1,0,OTHER,0,0,0,0,0,0,0,0,0,0,0,0,0,0,0,0,0,0,0,0,0,0,0,0,0,0,0,0,0,0,0,0,0,0,0,0,0,0,0,0,0,0,38.5,54.504593,16.004592895507812
male,Black or African American,not Hispanic or Latino,175.26,106.8,8,0.0,0.0,1.0,0.0,0.0,0.0,0.0,0.0,0.0,0.0,0.0,0.0,0.0,0.0,0.0,0.0,0.0,0.0,0.0,1.0,*1/*2,A/G,0,C/C,0,0,0,0,4.0,*1/*2,1,OTHER,0,0,0,0,0,0,0,0,0,0,0,0,0,0,0,0,0,0,0,0,0,0,0,0,0,0,0,0,0,0,0,0,0,0,0,0,0,0,0,0,0,0,62.5,48.295643,14.204357147216797
male,White,not Hispanic or Latino,177.8,80.9,3,0.0,0.0,0.0,0.0,1.0,0.0,1.0,0.0,0.0,0.0,0.0,0.0,0.0,0.0,0.0,0.0,0.0,0.0,0.0,0.0,*1/*1,A/G,0,C/C,0,0,0,0,6.0,*1/*1,0,OTHER,0,0,0,0,0,0,0,0,0,0,0,0,0,0,0,0,0,0,0,0,0,0,0,0,0,0,0,1,0,0,0,0,0,0,0,0,0,0,0,0,0,0,15.0,42.58624,27.586238861083984
male,White,not Hispanic or Latino,187.96,86.4,1,0.0,0.0,0.0,0.0,0.0,0.0,0.0,0.0,0.0,0.0,0.0,0.0,0.0,0.0,0.0,0.0,0.0,0.0,0.0,0.0,*1/*3,A/G,0,C/T,0,0,0,0,5.0,*1/*3,2,OTHER,0,0,0,0,0,0,0,0,0,0,0,0,0,0,0,0,0,0,0,0,0,0,0,0,0,0,0,1,0,0,0,0,0,0,0,0,0,0,0,0,0,0,45.5,32.067574,13.432426452636719
female,Black or African American,not Hispanic or Latino,167.64,79.5,3,0.0,1.0,0.0,0.0,1.0,0.0,1.0,0.0,0.0,0.0,0.0,0.0,0.0,0.0,0.0,0.0,0.0,0.0,0.0,0.0,*1/*1,G/G,0,C/C,0,0,0,0,8.0,*1/*1,0,OTHER,0,0,0,0,0,0,0,0,0,0,0,0,0,0,0,0,0,0,0,0,0,0,0,0,0,0,0,0,0,0,0,0,0,0,0,0,0,0,0,0,1,0,50.0,31.154533,18.84546661376953
female,Black or African American,not Hispanic or Latino,162.56,75.5,3,0.0,0.0,0.0,0.0,1.0,0.0,0.0,0.0,0.0,0.0,0.0,0.0,0.0,0.0,0.0,0.0,0.0,0.0,0.0,0.0,*1/*1,G/G,0,C/C,0,0,0,0,5.0,*1/*1,0,OTHER,0,0,0,0,0,0,0,0,0,0,0,0,0,0,0,0,0,0,0,0,0,0,0,0,0,0,0,1,0,0,0,0,0,0,0,0,0,0,0,0,0,0,25.0,43.61337,18.61336898803711
male,White,not Hispanic or Latino,180.34,76.8,3,1.0,0.0,0.0,1.0,0.0,0.0,0.0,0.0,1.0,0.0,0.0,0.0,1.0,0.0,0.0,0.0,0.0,0.0,0.0,0.0,*1/*3,G/G,0,C/C,0,0,0,0,6.0,*1/*3,2,OTHER,1,0,0,0,0,0,0,0,0,0,0,0,0,0,0,0,0,0,0,0,0,0,0,0,1,0,0,1,0,0,0,0,0,0,0,0,0,0,0,0,0,0,42.5,28.605742,13.894258499145508
female,White,not Hispanic or Latino,175.26,120.5,3,1.0,1.0,0.0,1.0,0.0,1.0,0.0,0.0,0.0,0.0,0.0,0.0,0.0,0.0,0.0,0.0,0.0,0.0,0.0,0.0,*1/*1,G/G,0,C/T,0,0,0,0,7.0,*1/*1,0,OTHER,0,0,0,0,0,0,0,0,0,0,0,0,0,0,0,0,0,0,0,0,0,0,0,0,0,0,0,0,0,0,0,0,0,0,0,0,0,0,0,0,0,0,17.5,43.46513,25.965129852294922
male,White,not Hispanic or Latino,177.8,95.5,3,1.0,1.0,0.0,1.0,0.0,1.0,0.0,0.0,0.0,0.0,0.0,0.0,0.0,0.0,0.0,0.0,0.0,0.0,0.0,1.0,*1/*1,A/G,0,C/T,0,0,0,0,5.0,*1/*1,0,OTHER,0,1,0,0,0,0,0,0,0,0,0,0,0,0,0,0,0,0,0,0,0,0,0,0,0,0,0,0,0,0,0,0,0,0,0,0,0,0,0,0,0,0,60.0,39.33736,20.662639617919922
male,White,not Hispanic or Latino,170.18,83.6,3,0.0,0.0,0.0,1.0,1.0,0.0,0.0,0.0,1.0,0.0,0.0,0.0,1.0,0.0,0.0,0.0,0.0,0.0,0.0,0.0,*1/*1,A/G,0,C/T,0,0,0,0,6.0,*1/*1,0,OTHER,1,0,0,0,0,0,0,0,0,0,0,0,0,0,0,0,0,0,0,0,0,0,0,0,1,0,0,1,0,0,0,0,0,0,0,0,0,0,0,0,0,0,17.5,30.682648,13.182647705078125
male,White,not Hispanic or Latino,167.64,82.7,3,0.0,0.0,0.0,1.0,0.0,0.0,0.0,0.0,0.0,0.0,0.0,0.0,0.0,0.0,0.0,0.0,0.0,0.0,0.0,0.0,*1/*1,A/G,0,C/T,0,0,0,0,8.0,*1/*1,0,OTHER,0,0,0,0,0,0,0,0,0,0,0,0,0,0,0,0,0,0,0,0,0,0,0,0,0,0,0,1,0,0,0,0,0,0,0,0,0,0,0,0,0,0,16.5,29.884064,13.384063720703125
male,Black or African American,not Hispanic or Latino,182.88,71.8,3,1.0,0.0,0.0,1.0,1.0,1.0,0.0,0.0,0.0,0.0,0.0,0.0,0.0,0.0,0.0,0.0,0.0,0.0,0.0,1.0,*1/*1,A/G,0,C/C,0,0,0,0,6.0,*1/*1,0,OTHER,0,1,0,0,0,0,0,0,0,0,0,0,0,0,0,0,0,0,0,0,0,0,0,0,0,0,0,1,0,0,0,0,0,0,0,0,0,0,0,0,0,0,60.0,33.02577,26.974231719970703
female,White,not Hispanic or Latino,165.1,47.3,3,0.0,0.0,0.0,0.0,0.0,0.0,0.0,0.0,0.0,0.0,0.0,0.0,0.0,0.0,0.0,0.0,0.0,0.0,0.0,0.0,*1/*2,G/G,0,C/C,0,0,0,0,5.0,*1/*2,1,OTHER,0,0,0,0,0,0,0,0,0,0,0,0,0,0,0,0,0,0,0,0,0,0,0,0,0,0,0,0,0,0,0,0,0,0,0,0,0,0,0,0,0,0,63.75,34.8316,28.918399810791016
male,White,not Hispanic or Latino,187.96,113.6,1,0.0,0.0,0.0,0.0,0.0,0.0,1.0,0.0,0.0,0.0,0.0,0.0,0.0,0.0,0.0,0.0,0.0,0.0,0.0,0.0,*1/*1,G/G,0,C/C,0,0,0,0,5.0,*1/*1,0,OTHER,0,0,0,0,0,0,0,0,0,0,0,0,0,0,0,0,0,0,0,0,0,0,0,0,0,0,0,0,0,0,0,0,0,0,0,0,0,0,0,0,0,0,80.0,65.198044,14.801956176757812
female,White,not Hispanic or Latino,162.56,81.8,1,0.0,0.0,0.0,0.0,0.0,0.0,0.0,0.0,0.0,0.0,0.0,0.0,0.0,0.0,0.0,0.0,0.0,0.0,0.0,0.0,0,0,0,0,0,0,0,0,8.0,unknown,0,GG,0,0,0,0,0,0,1,0,0,0,0,0,0,0,0,0,0,0,0,0,0,0,0,0,0,0,0,1,0,0,0,0,0,0,0,0,0,0,0,0,0,0,9.0,32.904472,23.90447235107422
male,White,not Hispanic or Latino,190.5,80.0,1,0.0,1.0,0.0,0.0,0.0,0.0,0.0,1.0,0.0,0.0,0.0,0.0,0.0,0.0,0.0,0.0,0.0,0.0,0.0,1.0,*1/*1,A/G,0,C/C,0,0,0,0,6.0,*1/*1,0,OTHER,0,0,0,0,0,0,0,0,0,0,0,0,0,0,0,0,0,0,0,0,0,0,0,0,0,0,0,0,0,0,0,0,0,0,0,0,0,0,0,0,1,0,62.5,48.554504,13.94549560546875
male,White,not Hispanic or Latino,170.0,90.0,3,0.0,0.0,0.0,1.0,0.0,0.0,0.0,0.0,0.0,0.0,0.0,0.0,0.0,0.0,0.0,0.0,0.0,0.0,0.0,0.0,*1/*1,A/G,G/T,C/T,C/G,G/G,C/T,A/C,8.0,*1/*1,0,OTHER,0,0,0,0,0,0,0,0,0,0,0,0,0,0,0,0,0,0,0,0,0,0,0,0,0,0,0,0,0,0,0,0,0,0,0,0,0,0,0,0,0,0,49.0,29.49403,19.505970001220703
female,White,not Hispanic or Latino,181.99,83.0,3,1.0,1.0,0.0,1.0,0.0,0.0,0.0,0.0,0.0,0.0,0.0,0.0,0.0,0.0,0.0,0.0,0.0,0.0,0.0,0.0,*1/*2,A/A,0,T/T,0,0,0,0,6.0,*1/*2,1,OTHER,0,0,0,0,0,0,0,0,0,0,0,0,0,0,0,0,0,0,0,0,0,0,0,0,0,0,0,0,0,0,0,0,0,0,0,0,0,0,0,0,0,0,35.0,21.223549,13.776451110839844
female,White,not Hispanic or Latino,165.0,103.5,1; 2,0.0,0.0,0.0,0.0,0.0,0.0,1.0,0.0,0.0,0.0,0.0,0.0,0.0,0.0,0.0,0.0,0.0,0.0,0.0,0.0,*1/*2,G/G,0,C/C,0,0,0,0,7.0,*1/*2,1,OTHER,0,0,0,0,0,0,0,0,0,0,0,0,0,0,0,0,0,0,0,0,0,0,0,0,0,0,0,1,0,0,0,0,0,0,0,0,0,0,0,0,0,0,87.5,29.915573,57.58442687988281
female,White,not Hispanic or Latino,165.99,92.5,2,0.0,0.0,0.0,0.0,1.0,0.0,0.0,0.0,0.0,0.0,0.0,0.0,0.0,0.0,0.0,0.0,0.0,0.0,0.0,0.0,*1/*1,A/G,0,C/T,0,0,0,0,3.0,*1/*1,0,OTHER,0,0,0,0,0,0,0,0,0,0,0,0,0,0,0,0,0,0,0,0,0,0,0,0,0,0,0,0,0,0,0,0,0,0,0,0,0,0,0,0,0,0,63.0,44.08709,18.91291046142578
female,White,not Hispanic or Latino,162.0,70.0,1; 2,0.0,1.0,0.0,1.0,0.0,1.0,0.0,0.0,0.0,0.0,0.0,0.0,0.0,0.0,0.0,0.0,0.0,0.0,0.0,0.0,*1/*1,A/G,0,C/T,0,0,0,0,7.0,*1/*1,0,OTHER,0,1,0,0,0,0,0,0,0,0,0,0,0,0,0,0,0,0,0,0,0,0,0,0,0,0,0,1,0,0,0,0,0,0,0,0,0,0,0,0,0,0,24.5,47.294544,22.794544219970703
male,White,not Hispanic or Latino,165.0,52.0,1; 2,0.0,1.0,0.0,0.0,0.0,0.0,0.0,0.0,0.0,0.0,0.0,0.0,0.0,0.0,0.0,0.0,0.0,0.0,0.0,0.0,*1/*1,G/G,0,C/C,0,0,0,0,8.0,*1/*1,0,OTHER,0,0,0,0,0,0,0,0,0,0,0,0,0,0,0,0,0,0,0,0,0,0,0,0,0,0,0,1,0,0,0,0,0,0,0,0,0,0,0,0,1,0,17.5,43.81682,26.316818237304688
female,White,not Hispanic or Latino,159.99,80.0,3,1.0,0.0,0.0,0.0,0.0,0.0,0.0,0.0,0.0,1.0,0.0,0.0,1.0,0.0,1.0,0.0,0.0,0.0,0.0,1.0,*1/*1,0,0,0,0,0,0,0,5.0,*1/*1,0,GG,1,0,0,0,0,0,0,0,0,0,0,0,0,0,0,0,0,0,0,0,0,0,0,0,0,0,0,1,0,0,0,0,0,0,0,0,0,0,0,0,0,0,70.0,36.083466,33.916534423828125
male,White,not Hispanic or Latino,176.99,86.0,1,0.0,1.0,0.0,1.0,0.0,1.0,0.0,0.0,0.0,0.0,0.0,0.0,0.0,0.0,0.0,0.0,0.0,0.0,0.0,0.0,*1/*1,A/G,0,C/T,0,0,0,0,6.0,*1/*1,0,OTHER,0,1,0,0,0,0,0,0,0,0,0,0,0,0,0,0,0,0,0,0,0,0,0,0,0,0,0,1,0,0,0,0,0,0,0,0,0,0,0,0,0,0,22.5,36.342228,13.842227935791016
male,White,not Hispanic or Latino,184.0,57.0,8,0.0,0.0,0.0,0.0,0.0,0.0,0.0,0.0,0.0,0.0,0.0,0.0,0.0,0.0,0.0,0.0,0.0,0.0,0.0,1.0,*1/*2,A/G,0,C/T,0,0,0,0,2.0,*1/*2,1,OTHER,0,0,0,0,0,0,0,0,0,0,0,0,0,0,0,0,0,0,0,0,0,0,0,0,0,0,0,0,0,0,0,0,0,0,0,0,0,0,0,0,0,0,24.5,40.42739,15.927391052246094
female,White,not Hispanic or Latino,157.99,70.0,2,1.0,1.0,0.0,0.0,0.0,0.0,0.0,0.0,0.0,0.0,0.0,0.0,0.0,0.0,0.0,0.0,0.0,0.0,0.0,0.0,*1/*2,A/G,0,C/T,0,0,0,0,8.0,*1/*2,1,OTHER,0,0,0,0,0,0,0,0,0,0,0,0,0,0,0,0,0,0,0,0,0,0,0,0,0,0,0,0,0,0,0,0,0,0,0,0,0,0,0,0,0,0,49.0,24.397127,24.602872848510742
female,White,not Hispanic or Latino,160.02,83.0,2,0.0,0.0,0.0,0.0,0.0,0.0,0.0,0.0,0.0,0.0,0.0,0.0,0.0,0.0,0.0,0.0,0.0,0.0,0.0,0.0,*1/*2,0,0,0,0,0,0,0,3.0,*1/*2,1,GG,0,0,0,0,0,0,0,0,0,0,0,0,0,0,0,0,0,0,0,0,0,0,0,0,0,0,0,0,0,0,0,0,0,0,0,0,0,0,0,0,0,0,77.0,37.30324,39.69675827026367
male,White,not Hispanic or Latino,0.0,66.5,0,0.0,0.0,0.0,0.0,0.0,0.0,0.0,0.0,0.0,0.0,0.0,0.0,0.0,0.0,0.0,0.0,0.0,0.0,0.0,0.0,*1/*1,0,0,C/C,0,0,0,0,8.0,*1/*1,0,GG,0,0,0,0,0,0,0,0,0,0,0,0,0,0,0,0,0,0,0,0,0,0,0,0,0,0,0,0,0,0,0,0,0,0,0,0,0,0,0,0,0,0,10.5,34.247242,23.747241973876953
male,White,not Hispanic or Latino,0.0,54.0,0,0.0,0.0,0.0,0.0,0.0,0.0,0.0,0.0,0.0,0.0,0.0,0.0,0.0,0.0,0.0,0.0,0.0,0.0,0.0,0.0,*1/*2,0,0,C/C,0,0,0,0,5.0,*1/*2,1,GG,0,0,0,0,0,0,0,0,0,0,0,0,0,0,0,0,0,0,0,0,0,0,0,0,0,0,0,0,0,0,0,0,0,0,0,0,0,0,0,0,0,0,17.5,39.590954,22.090953826904297
male,White,not Hispanic or Latino,0.0,78.0,0,0.0,0.0,0.0,0.0,0.0,0.0,0.0,0.0,0.0,0.0,0.0,0.0,0.0,0.0,0.0,0.0,0.0,0.0,0.0,0.0,*1/*1,0,0,C/T,0,0,0,0,4.0,*1/*1,0,GG,0,0,0,0,0,0,0,0,0,0,0,0,0,0,0,0,0,0,0,0,0,0,0,0,0,0,0,0,0,0,0,0,0,0,0,0,0,0,0,0,0,0,77.0,41.876343,35.1236572265625
male,White,not Hispanic or Latino,0.0,71.0,0,0.0,0.0,0.0,0.0,0.0,0.0,0.0,0.0,0.0,0.0,0.0,0.0,0.0,0.0,0.0,0.0,0.0,0.0,0.0,1.0,*1/*1,0,0,C/T,0,0,0,0,6.0,*1/*1,0,GG,0,0,0,0,0,0,0,0,0,0,0,0,0,0,0,0,0,0,0,0,0,0,0,0,0,0,0,0,0,0,0,0,0,0,0,0,0,0,0,0,0,0,67.5,36.544117,30.955883026123047
female,White,not Hispanic or Latino,0.0,79.0,0,0.0,0.0,0.0,0.0,0.0,0.0,0.0,0.0,0.0,0.0,0.0,0.0,0.0,0.0,0.0,0.0,0.0,0.0,0.0,0.0,*1/*1,0,0,T/T,0,0,0,0,5.0,*1/*1,0,GG,0,0,0,0,0,0,0,0,0,0,0,0,0,0,0,0,0,0,0,0,0,0,0,0,0,0,0,0,0,0,0,0,0,0,0,0,0,0,0,0,0,0,17.5,34.010025,16.510025024414062
male,White,not Hispanic or Latino,0.0,63.0,0,0.0,0.0,0.0,0.0,0.0,0.0,0.0,0.0,0.0,0.0,0.0,0.0,0.0,0.0,0.0,0.0,0.0,0.0,0.0,1.0,*1/*2,0,0,0,0,0,0,0,4.0,*1/*2,1,GG,0,0,0,0,0,0,0,0,0,0,0,0,0,0,0,0,0,0,0,0,0,0,0,0,0,0,0,0,0,0,0,0,0,0,0,0,0,0,0,0,0,0,17.5,37.055004,19.555004119873047
female,Black or African American,not Hispanic or Latino,162.56,74.5,1; 2,0.0,0.0,0.0,0.0,1.0,1.0,0.0,0.0,0.0,0.0,0.0,0.0,0.0,0.0,0.0,0.0,0.0,0.0,0.0,0.0,*1/*1,G/G,T/T,C/C,G/G,A/G,C/C,C/C,4.0,*1/*1,0,OTHER,0,0,0,0,0,0,0,0,0,0,0,0,0,0,0,0,0,0,0,0,1,0,0,0,0,0,0,0,0,0,0,0,0,0,0,0,0,0,0,0,0,0,21.0,57.766987,36.76698684692383
male,White,not Hispanic or Latino,182.88,65.7,1,0.0,0.0,0.0,0.0,0.0,0.0,0.0,0.0,0.0,0.0,0.0,0.0,0.0,1.0,0.0,0.0,0.0,0.0,0.0,1.0,*1/*1,G/G,T/T,C/C,G/G,A/G,C/C,A/A,2.0,*1/*1,0,OTHER,0,0,0,0,0,0,0,0,0,0,0,0,0,0,0,0,0,0,0,0,0,0,0,0,0,0,0,0,0,0,0,0,0,0,0,1,0,0,0,0,0,0,52.5,71.89735,19.39734649658203
male,Black or African American,not Hispanic or Latino,172.72,81.0,1,0.0,0.0,0.0,1.0,0.0,1.0,0.0,0.0,0.0,0.0,0.0,0.0,0.0,0.0,0.0,0.0,0.0,0.0,0.0,1.0,*1/*1,G/G,T/T,C/C,G/G,A/G,C/C,0,4.0,*1/*1,0,OTHER,0,0,0,0,0,0,0,0,0,0,0,0,0,0,0,0,0,0,0,0,1,0,0,0,0,0,0,1,0,0,0,0,0,0,0,0,0,0,0,0,0,0,42.0,55.184227,13.184226989746094
male,White,not Hispanic or Latino,170.18,95.7,2,0.0,0.0,0.0,1.0,0.0,1.0,0.0,0.0,0.0,0.0,0.0,0.0,1.0,0.0,0.0,0.0,0.0,0.0,0.0,1.0,*1/*1,G/G,T/T,C/C,G/G,A/A,C/C,A/A,5.0,*1/*1,0,OTHER,1,0,1,0,0,0,0,0,0,1,0,0,0,0,0,0,0,0,0,0,1,0,0,0,0,0,0,1,0,0,0,0,0,0,0,0,0,0,0,0,0,0,28.0,48.81427,20.81427001953125
male,White,not Hispanic or Latino,185.42,158.0,3,1.0,0.0,0.0,1.0,0.0,0.0,0.0,0.0,0.0,0.0,0.0,0.0,0.0,0.0,0.0,0.0,0.0,0.0,0.0,0.0,*1/*2,A/G,G/T,C/T,C/G,A/G,C/T,C/C,5.0,*1/*2,1,OTHER,0,0,0,0,0,0,0,0,0,0,0,0,0,0,0,0,0,0,0,0,0,0,0,0,0,0,0,1,0,0,0,0,0,0,0,0,0,0,0,0,0,0,28.0,41.64472,13.644718170166016
male,White,not Hispanic or Latino,177.8,122.0,3,1.0,0.0,0.0,0.0,0.0,0.0,0.0,0.0,0.0,0.0,0.0,0.0,0.0,0.0,0.0,0.0,0.0,0.0,0.0,1.0,*1/*2,A/A,G/G,T/T,C/C,G/G,T/T,C/C,6.0,*1/*2,1,OTHER,0,0,0,0,0,0,0,0,0,0,0,0,0,0,0,0,0,0,0,0,0,0,0,0,0,0,0,1,0,0,0,0,0,0,0,0,0,0,0,0,0,0,14.0,30.546925,16.546924591064453
female,White,not Hispanic or Latino,177.8,63.1,1,0.0,0.0,0.0,0.0,0.0,0.0,0.0,0.0,0.0,0.0,0.0,0.0,0.0,0.0,0.0,0.0,0.0,0.0,1.0,1.0,*1/*2,A/G,T/T,C/T,C/G,A/G,C/T,C/C,2.0,*1/*2,1,OTHER,0,0,1,1,0,0,0,0,0,0,0,0,0,0,0,0,0,0,0,0,0,0,0,0,0,0,0,0,0,0,0,0,0,0,0,1,0,0,0,0,0,0,21.0,41.425636,20.425636291503906
female,White,not Hispanic or Latino,167.64,109.0,3,0.0,0.0,0.0,0.0,0.0,0.0,0.0,0.0,1.0,0.0,0.0,0.0,1.0,0.0,0.0,0.0,0.0,0.0,0.0,1.0,*1/*1,A/G,G/T,C/T,C/G,G/G,C/T,A/C,5.0,*1/*1,0,OTHER,1,0,0,0,0,0,0,0,0,0,0,0,0,0,0,0,0,0,0,0,0,0,0,0,1,0,0,0,0,0,0,0,0,0,0,0,0,0,0,0,0,0,18.2,34.200523,16.000523376464844
male,Unknown,Unknown,184.91,74.0,3,0.0,0.0,0.0,0.0,0.0,0.0,0.0,0.0,0.0,0.0,0.0,0.0,0.0,0.0,0.0,0.0,0.0,0.0,0.0,0.0,*1/*2,G/G,0,0,0,0,0,0,4.0,*1/*2,1,OTHER,0,0,0,0,0,0,0,0,0,0,0,0,0,0,0,0,0,0,0,0,0,0,0,0,0,0,0,0,0,0,0,0,0,0,0,0,0,0,0,0,0,0,72.5,36.51584,35.984161376953125
female,Unknown,Unknown,165.1,56.0,4,0.0,0.0,1.0,0.0,0.0,0.0,0.0,0.0,0.0,0.0,0.0,0.0,0.0,0.0,0.0,0.0,0.0,0.0,0.0,0.0,*1/*1,A/G,0,0,0,0,0,0,6.0,*1/*1,0,OTHER,0,0,0,0,0,0,0,0,0,0,0,0,0,0,0,0,0,0,0,0,0,0,0,0,0,0,0,0,0,0,0,0,0,0,0,0,0,0,0,0,0,0,45.0,29.036766,15.963233947753906
female,Asian,not Hispanic or Latino,0.0,48.0,4,0.0,0.0,0.0,0.0,0.0,0.0,0.0,0.0,0.0,0.0,0.0,0.0,0.0,0.0,0.0,0.0,0.0,0.0,0.0,0.0,*1/*3,0,0,C/T,C/G,A/G,C/T,0,6.0,*1/*3,2,GG,0,0,0,0,0,0,0,0,0,0,0,0,0,0,0,0,0,0,0,0,0,0,0,0,0,0,0,0,0,0,0,0,0,0,0,0,0,0,0,0,0,0,38.5,18.973349,19.52665138244629
female,Asian,not Hispanic or Latino,0.0,45.0,4,0.0,0.0,0.0,0.0,0.0,0.0,0.0,0.0,0.0,0.0,0.0,0.0,0.0,0.0,0.0,0.0,0.0,0.0,0.0,0.0,*1/*1,0,0,T/T,C/G,A/G,C/T,0,3.0,*1/*1,0,GG,0,0,0,0,0,0,0,0,0,0,0,0,0,0,0,0,0,0,0,0,0,0,0,0,0,0,0,0,0,0,0,0,0,0,0,0,0,0,0,0,0,0,49.0,30.018625,18.981374740600586
male,Asian,not Hispanic or Latino,0.0,63.0,1 or 2,0.0,0.0,0.0,0.0,0.0,0.0,0.0,0.0,0.0,0.0,0.0,0.0,0.0,0.0,0.0,0.0,0.0,0.0,0.0,0.0,*1/*1,0,0,C/T,C/G,A/G,C/T,0,5.0,*1/*1,0,GG,0,0,0,0,0,0,0,0,0,0,0,0,0,0,0,0,0,0,0,0,0,0,0,0,0,0,0,0,0,0,0,0,0,0,0,0,0,0,0,0,0,0,17.5,31.574066,14.074066162109375
male,Asian,not Hispanic or Latino,0.0,60.4,1 or 2,0.0,0.0,0.0,0.0,0.0,0.0,0.0,0.0,0.0,0.0,0.0,0.0,0.0,0.0,0.0,0.0,0.0,0.0,0.0,0.0,*1/*1,A/A,T/T,T/T,C/C,G/G,T/T,C/C,5.0,*1/*1,0,GG,0,0,0,0,0,0,0,0,0,0,0,0,0,0,0,0,0,0,0,0,0,0,0,0,0,0,0,0,0,0,0,0,0,0,0,0,0,0,0,0,0,0,42.0,21.498308,20.501691818237305
male,Asian,not Hispanic or Latino,0.0,76.2,1 or 2,0.0,0.0,0.0,0.0,0.0,0.0,0.0,0.0,0.0,0.0,0.0,0.0,0.0,0.0,0.0,0.0,0.0,0.0,0.0,0.0,*1/*1,0,0,C/T,C/G,A/G,C/T,0,8.0,*1/*1,0,GG,0,0,0,0,0,0,0,0,0,0,0,0,0,0,0,0,0,0,0,0,0,0,0,0,0,0,0,0,0,0,0,0,0,0,0,0,0,0,0,0,0,0,14.0,27.624138,13.624137878417969
male,Asian,not Hispanic or Latino,0.0,81.2,1 or 2,0.0,0.0,0.0,0.0,0.0,0.0,0.0,0.0,0.0,0.0,0.0,0.0,0.0,0.0,0.0,0.0,0.0,0.0,0.0,0.0,*1/*1,0,0,T/T,C/C,G/G,T/T,0,7.0,*1/*1,0,GG,0,0,0,0,0,0,0,0,0,0,0,0,0,0,0,0,0,0,0,0,0,0,0,0,0,0,0,0,0,0,0,0,0,0,0,0,0,0,0,0,0,0,10.5,23.998322,13.498321533203125
female,Asian,not Hispanic or Latino,0.0,56.4,1 or 2,0.0,0.0,0.0,0.0,0.0,0.0,0.0,0.0,0.0,0.0,0.0,0.0,0.0,0.0,0.0,0.0,0.0,0.0,0.0,0.0,0,0,0,C/T,C/G,A/G,C/T,0,3.0,unknown,0,GG,0,0,0,0,0,0,0,0,0,0,0,0,0,0,0,0,0,0,0,0,0,0,0,0,0,0,0,0,0,0,0,0,0,0,0,0,0,0,0,0,0,0,34.02,48.90508,14.88507888793945
male,Asian,not Hispanic or Latino,0.0,78.0,3,0.0,0.0,0.0,0.0,0.0,0.0,0.0,0.0,0.0,0.0,0.0,0.0,0.0,0.0,0.0,0.0,0.0,0.0,0.0,0.0,0,0,0,C/C,G/G,A/A,C/C,0,4.0,unknown,0,GG,0,0,0,0,0,0,0,0,0,0,0,0,0,0,0,0,0,0,0,0,0,0,0,0,0,0,0,0,0,0,0,0,0,0,0,0,0,0,0,0,0,0,35.0,49.512077,14.512077331542969
female,Asian,not Hispanic or Latino,0.0,55.8,3,0.0,0.0,0.0,0.0,0.0,0.0,0.0,0.0,0.0,0.0,0.0,0.0,0.0,0.0,0.0,0.0,0.0,0.0,0.0,0.0,0,0,0,T/T,C/C,G/G,T/T,0,4.0,unknown,0,GG,0,0,0,0,0,0,0,0,0,0,0,0,0,0,0,0,0,0,0,0,0,0,0,0,0,0,0,0,0,0,0,0,0,0,0,0,0,0,0,0,0,0,45.5,25.077635,20.422365188598633
male,White,Unknown,168.0,172.0,2,0.0,0.0,0.0,0.0,0.0,0.0,0.0,0.0,0.0,0.0,0.0,0.0,0.0,0.0,0.0,0.0,0.0,0.0,0.0,1.0,*1/*1,G/G,0,0,0,A/A,C/C,0,5.0,*1/*1,0,OTHER,1,1,0,0,0,0,0,0,0,0,0,0,0,0,0,0,0,0,0,0,0,0,0,0,0,0,0,0,0,0,0,0,0,0,0,0,0,0,0,0,0,0,73.5,56.98107,16.51892852783203
male,White,Unknown,0.0,0.0,3,0.0,0.0,0.0,0.0,0.0,0.0,0.0,0.0,0.0,0.0,0.0,0.0,0.0,0.0,0.0,0.0,0.0,0.0,0.0,0.0,*1/*1,A/G,0,0,0,A/G,C/T,0,7.0,*1/*1,0,OTHER,1,1,0,0,0,0,0,0,0,0,0,0,0,0,0,0,0,0,0,0,0,0,0,0,0,0,0,0,0,0,0,0,0,0,0,0,0,0,0,0,0,0,7.0,22.965727,15.965726852416992
female,White,Unknown,172.01,127.0,2,1.0,0.0,0.0,0.0,0.0,0.0,0.0,0.0,0.0,0.0,0.0,0.0,0.0,0.0,0.0,0.0,0.0,0.0,0.0,0.0,*1/*1,A/G,0,0,0,G/G,C/T,0,5.0,*1/*1,0,OTHER,1,1,0,0,0,0,0,0,0,0,0,0,0,0,0,0,0,0,0,0,0,0,0,0,0,0,0,0,0,0,0,0,0,0,0,0,0,0,0,0,0,0,21.0,37.695137,16.69513702392578
male,White,Unknown,180.01,91.0,2,0.0,0.0,0.0,0.0,0.0,0.0,0.0,0.0,0.0,0.0,0.0,0.0,0.0,0.0,0.0,0.0,0.0,0.0,0.0,0.0,*1/*1,G/G,T/T,C/C,G/G,A/A,C/C,A/C,4.0,*1/*1,0,OTHER,1,1,0,0,0,0,0,0,0,0,0,0,0,0,0,0,0,0,0,0,0,0,0,0,0,0,0,0,0,0,0,0,0,0,0,0,0,0,0,0,0,0,87.5,51.512794,35.987205505371094
male,White,Unknown,167.0,87.0,3,0.0,0.0,0.0,0.0,0.0,0.0,0.0,0.0,0.0,0.0,0.0,0.0,0.0,0.0,0.0,0.0,0.0,0.0,0.0,0.0,*1/*1,G/G,0,0,0,A/A,C/C,0,5.0,*1/*1,0,OTHER,1,1,0,0,0,0,0,0,0,0,0,0,0,0,0,0,0,0,0,0,0,0,0,0,0,0,0,0,0,0,0,0,0,0,0,0,0,0,0,0,0,0,21.0,39.830746,18.830745697021484
female,White,Unknown,162.0,96.0,2,0.0,0.0,0.0,0.0,0.0,0.0,0.0,0.0,0.0,0.0,0.0,0.0,0.0,0.0,0.0,0.0,0.0,0.0,0.0,0.0,0,G/G,0,0,0,A/G,C/C,0,5.0,unknown,0,OTHER,1,1,0,0,0,0,0,0,0,0,0,0,0,0,0,0,0,0,0,0,0,0,0,0,0,0,0,0,0,0,0,0,0,0,0,0,0,0,0,0,0,0,49.0,35.499638,13.500362396240234
male,Black or African American,not Hispanic or Latino,187.96,145.0,3,0.0,0.0,0.0,1.0,0.0,0.0,1.0,0.0,0.0,0.0,0.0,0.0,0.0,0.0,0.0,0.0,0.0,0.0,0.0,0.0,*1/*1,0,T/T,C/C,G/G,G/G,C/C,0,4.0,*1/*1,0,GG,0,0,0,0,0,0,0,0,0,0,0,0,0,0,0,0,0,0,0,0,0,0,0,0,0,0,0,0,0,0,0,0,0,0,0,0,0,0,0,0,0,0,44.63,69.55041,24.920407409667966
female,White,Unknown,162.56,90.6,3,0.0,0.0,0.0,0.0,0.0,0.0,0.0,0.0,0.0,0.0,0.0,0.0,0.0,0.0,0.0,0.0,0.0,0.0,0.0,0.0,*1/*2,G/G,T/T,C/C,G/G,A/A,C/C,0,7.0,*1/*2,1,OTHER,0,0,0,0,0,0,0,0,0,0,0,1,0,0,0,0,0,0,0,0,0,0,0,0,0,0,0,0,0,0,0,0,0,0,0,0,0,0,0,0,0,0,55.65,29.80867,25.841329956054686
male,White,Unknown,167.64,65.0,1,0.0,0.0,0.0,0.0,0.0,0.0,0.0,0.0,0.0,1.0,0.0,0.0,0.0,0.0,0.0,0.0,0.0,0.0,0.0,1.0,*1/*2,0,G/T,T/T,C/C,G/G,T/T,0,4.0,*1/*2,1,GG,0,0,0,0,0,0,0,0,0,0,0,0,0,0,0,0,0,0,0,0,0,0,0,0,0,0,0,0,0,0,0,0,0,0,0,0,0,0,0,0,0,0,18.16,32.312008,14.152007904052734
male,White,Unknown,170.18,61.2,1,0.0,0.0,0.0,0.0,0.0,0.0,0.0,0.0,0.0,0.0,0.0,0.0,0.0,0.0,0.0,0.0,0.0,0.0,0.0,1.0,*1/*1,0,T/T,C/C,G/G,A/G,C/C,0,2.0,*1/*1,0,GG,0,0,0,0,0,0,0,0,0,0,0,0,0,0,0,0,0,0,0,0,0,0,0,0,0,0,0,0,0,0,0,0,0,0,0,0,0,0,0,0,0,0,43.83,58.334797,14.50479690551758
female,White,Unknown,157.48,71.0,4,0.0,0.0,1.0,0.0,0.0,0.0,0.0,0.0,0.0,0.0,0.0,0.0,0.0,0.0,0.0,0.0,0.0,0.0,0.0,0.0,*1/*2,0,T/T,C/C,G/G,A/G,C/C,0,8.0,*1/*2,1,GG,0,0,0,0,0,0,0,0,0,0,0,0,0,0,0,0,0,0,0,0,0,0,0,0,0,0,0,0,0,0,0,0,0,0,0,0,0,0,0,0,0,0,47.68,31.79125,15.888749771118164
female,White,Unknown,165.1,63.3,1,0.0,0.0,0.0,1.0,0.0,0.0,0.0,0.0,0.0,0.0,0.0,0.0,0.0,0.0,0.0,0.0,0.0,0.0,0.0,0.0,*1/*1,0,G/T,C/T,C/G,A/G,C/T,0,5.0,*1/*1,0,GG,0,0,0,0,0,0,0,0,0,0,0,0,0,0,0,0,0,0,0,0,0,0,0,0,0,0,0,0,0,0,0,0,0,0,0,0,0,0,0,0,0,0,63.17,37.951153,25.21884719848633
male,White,not Hispanic or Latino,162.56,79.6,0,0.0,0.0,0.0,1.0,0.0,0.0,0.0,0.0,0.0,0.0,0.0,0.0,0.0,0.0,0.0,0.0,0.0,0.0,0.0,0.0,*1/*2,0,0,C/T,0,0,0,0,4.0,*1/*2,1,GG,0,0,0,0,0,0,0,0,0,0,0,0,0,0,0,0,0,1,0,0,0,0,0,0,0,0,0,0,0,0,0,0,0,0,0,0,0,0,0,0,0,0,49.98,35.63993,14.34006927490234
female,Black or African American,not Hispanic or Latino,162.56,81.8,8,0.0,0.0,0.0,0.0,0.0,0.0,0.0,0.0,0.0,0.0,0.0,0.0,0.0,0.0,0.0,0.0,0.0,0.0,0.0,0.0,*1/*1,A/G,T/T,C/T,C/G,G/G,T/T,C/C,3.0,*1/*1,0,GG,0,0,0,0,0,0,0,0,0,0,0,0,0,0,0,0,0,0,0,0,0,0,0,0,0,0,0,1,0,0,0,0,0,0,0,0,0,0,0,0,0,0,21.0,38.103054,17.10305404663086
male,Black or African American,not Hispanic or Latino,180.34,102.3,3; 8,1.0,1.0,0.0,1.0,0.0,0.0,0.0,0.0,0.0,1.0,0.0,0.0,0.0,0.0,0.0,0.0,0.0,0.0,0.0,0.0,*1/*3,0,0,C/C,0,0,0,0,5.0,*1/*3,2,GG,0,0,0,0,0,0,0,0,0,0,0,0,0,0,0,0,0,1,0,0,0,0,0,0,0,0,0,1,0,0,0,0,0,0,0,0,0,0,0,0,0,0,45.01,30.707363,14.302636871337889
female,White,not Hispanic or Latino,162.56,92.7,8,0.0,1.0,0.0,0.0,0.0,0.0,0.0,0.0,0.0,0.0,0.0,0.0,0.0,0.0,0.0,0.0,0.0,0.0,0.0,1.0,*1/*1,0,0,C/T,0,0,0,0,4.0,*1/*1,0,GG,0,0,0,0,0,0,0,0,0,0,0,0,0,0,0,0,0,0,0,0,0,0,0,0,0,0,0,0,0,0,0,0,0,0,0,0,0,0,0,0,0,0,27.51,43.821426,16.31142639160156
female,White,not Hispanic or Latino,154.94,137.3,8,1.0,0.0,0.0,0.0,0.0,0.0,0.0,0.0,0.0,0.0,0.0,0.0,0.0,0.0,0.0,0.0,0.0,0.0,0.0,0.0,*1/*1,0,0,C/C,0,0,0,0,4.0,*1/*1,0,GG,0,0,0,0,0,0,0,0,0,0,0,0,0,0,0,0,0,0,0,0,0,0,0,0,0,0,0,0,0,0,0,0,0,0,0,0,0,0,0,0,0,0,37.52,58.65604,21.136040191650387
female,Black or African American,not Hispanic or Latino,165.1,95.5,0,0.0,0.0,0.0,0.0,0.0,1.0,0.0,0.0,0.0,0.0,0.0,0.0,0.0,0.0,0.0,0.0,0.0,0.0,0.0,0.0,*1/*3,0,0,C/T,0,0,0,0,4.0,*1/*3,2,GG,0,0,0,0,0,0,0,0,0,0,0,0,0,0,0,0,0,0,0,0,0,0,0,0,0,0,0,0,0,0,0,0,0,0,0,0,0,0,0,0,0,0,45.01,26.904581,18.10541893005371
female,White,not Hispanic or Latino,175.26,50.0,0,0.0,0.0,0.0,0.0,0.0,0.0,0.0,0.0,0.0,0.0,0.0,0.0,0.0,0.0,0.0,0.0,0.0,0.0,0.0,0.0,*1/*1,A/G,G/T,C/T,C/G,A/G,C/T,C/C,2.0,*1/*1,0,GG,0,0,0,0,0,0,0,0,0,0,0,0,0,0,0,0,0,0,0,0,0,0,0,0,0,0,0,0,0,0,0,0,0,0,0,0,0,0,0,0,0,0,27.51,44.308624,16.798624267578123
male,Black or African American,not Hispanic or Latino,177.8,84.1,8,0.0,1.0,0.0,0.0,0.0,0.0,0.0,0.0,0.0,0.0,0.0,0.0,0.0,0.0,0.0,0.0,0.0,0.0,0.0,0.0,*1/*1,0,0,C/C,0,0,0,0,2.0,*1/*1,0,GG,0,0,0,0,0,0,0,0,0,0,0,0,0,0,0,0,0,0,0,0,0,0,0,0,0,0,0,0,0,0,0,0,0,0,0,0,0,0,0,0,0,0,82.53,45.180508,37.34949234008789
female,Black or African American,not Hispanic or Latino,162.56,69.6,8,1.0,0.0,0.0,0.0,0.0,0.0,0.0,0.0,0.0,0.0,0.0,0.0,0.0,0.0,1.0,0.0,0.0,0.0,0.0,0.0,*1/*1,0,0,C/C,0,0,0,0,8.0,*1/*1,0,GG,0,0,0,0,0,0,0,0,0,0,0,0,0,0,0,0,0,0,0,0,0,0,0,0,0,0,0,1,0,0,0,0,0,0,0,0,0,0,0,0,0,0,45.01,31.727974,13.282026062011717
female,White,not Hispanic or Latino,172.72,84.1,3; 8,0.0,1.0,0.0,1.0,0.0,0.0,1.0,0.0,0.0,0.0,0.0,0.0,0.0,0.0,0.0,0.0,0.0,0.0,0.0,0.0,*1/*1,0,0,C/C,0,0,0,0,5.0,*1/*1,0,GG,0,0,0,0,0,0,0,0,0,0,0,0,0,0,0,0,0,1,0,0,0,0,0,0,0,0,0,0,0,0,0,0,0,0,0,0,0,0,0,0,0,0,59.99,42.739414,17.25058578491211
male,White,not Hispanic or Latino,180.34,75.0,8,0.0,1.0,0.0,1.0,0.0,1.0,0.0,0.0,0.0,0.0,0.0,0.0,0.0,1.0,0.0,0.0,0.0,0.0,0.0,0.0,*1/*1,0,0,T/T,0,0,0,0,5.0,*1/*1,0,GG,0,0,0,0,0,0,0,0,0,0,0,0,0,0,0,0,0,1,0,0,0,0,0,0,0,0,0,1,0,0,0,0,0,0,0,0,0,0,0,0,0,0,27.51,42.46903,14.959028472900389
female,Black or African American,not Hispanic or Latino,177.8,177.3,8,0.0,1.0,0.0,1.0,0.0,0.0,0.0,0.0,0.0,0.0,0.0,0.0,0.0,0.0,0.0,0.0,0.0,0.0,0.0,1.0,*1/*1,0,0,C/C,0,0,0,0,5.0,*1/*1,0,GG,0,0,0,0,0,0,0,0,0,0,0,0,0,0,0,0,0,1,0,0,0,0,0,0,0,0,0,1,0,0,0,0,0,0,0,0,0,0,0,0,0,0,12.5,72.8565,60.35649871826172
male,White,not Hispanic or Latino,187.96,125.0,3; 8,1.0,0.0,0.0,1.0,0.0,0.0,1.0,0.0,0.0,0.0,0.0,0.0,1.0,0.0,0.0,0.0,0.0,0.0,0.0,0.0,*1/*1,A/G,G/T,C/T,C/G,G/G,C/T,0,5.0,*1/*1,0,GG,1,0,0,0,0,0,0,0,0,0,0,0,0,0,0,0,0,1,0,0,0,0,0,0,0,0,0,0,0,0,0,0,0,0,0,0,0,0,0,0,0,0,52.5,37.636497,14.863502502441406
